Supplier_ID;Product_Category;Month;Order Value USD;Performance_Quality_Score;Financial_Risk_Score_Quarterly;Nachhaltigkeitsscore;Standards Risks_Score;Risikoscore Political
S1;Electronics;2023-03; 38 901,02 ;0,56744868;0,590472015;0,2862;0;0,47604927
S1;Electronics;2023-08; 32 879,57 ;0,040175953;0,557594308;0,2862;0;0,35693505
S1;Electronics;2023-12; 48 527,73 ;0,732502444;0,565566274;0,2862;0;0,50061341
S1;Food;2023-03; 39 962,86 ;0,431312317;0,590472015;0,2915;0;0,47604927
S1;Food;2023-04; 35 502,87 ;0,421136364;0,622874304;0,2915;0;0,40007626
S1;Food;2023-05; 13 381,71 ;0,566251222;0,622874304;0,2915;0;0,42262169
S1;Food;2023-07; 38 494,60 ;0,086265885;0,557594308;0,2915;0;0,37775133
S1;Food;2023-08; 3 603,14 ;0,113929619;0,557594308;0,2915;0;0,35693505
S1;Food;2023-09; 28 065,48 ;0,034017595;0,557594308;0,2915;0;0,41456793
S1;Food;2023-11; 715,98 ;0,146358749;0,565566274;0,2915;0;0,45256451
S1;Food;2023-12; 34 037,81 ;0,109701857;0,565566274;0,2915;0;0,50061341
S1;Machinery;2023-09; 21 548,80 ;0,114565005;0,557594308;0,2968;0;0,41456793
S1;Machinery;2023-10; 46 749,41 ;0,248663245;0,565566274;0,2968;0;0,44253673
S1;Machinery;2023-11; 40 239,14 ;0,082160313;0,565566274;0,2968;0;0,45256451
S1;Machinery;2023-12; 77 487,77 ;0,204193548;0,565566274;0,2968;0;0,50061341
S1;Pharma;2023-04; 57 666,46 ;0,698585044;0,622874304;0,2565;0;0,40007626
S1;Pharma;2023-05; 35 478,18 ;0,215591398;0,622874304;0,2565;0;0,42262169
S1;Pharma;2023-06; 39 141,27 ;0,494623656;0,622874304;0,2565;0;0,3516715
S1;Pharma;2023-08; 30 674,72 ;0,19318915;0,557594308;0,2565;0;0,35693505
S1;Pharma;2023-10; 4 108,64 ;0,70659824;0,565566274;0,2565;0;0,44253673
S1;Pharma;2023-11; 15 018,78 ;0,56026393;0,565566274;0,2565;0;0,45256451
S1;Pharma;2023-12; 8 681,58 ;0,124828935;0,565566274;0,2565;0;0,50061341
S1;Textiles;2023-02; 11 797,65 ;0,241202346;0,590472015;0,3344;0;0,36525408
S1;Textiles;2023-03; 30 372,91 ;0,228690127;0,590472015;0,3344;0;0,47604927
S1;Textiles;2023-04; 20 765,90 ;0,771774194;0,622874304;0,3344;0;0,40007626
S1;Textiles;2023-05; 52 699,90 ;0,237722385;0,622874304;0,3344;0;0,42262169
S1;Textiles;2023-09; 53 953,77 ;0,600821114;0,557594308;0,3344;0;0,41456793
S1;Textiles;2023-12; 29 430,22 ;0,127077224;0,565566274;0,3344;0;0,50061341
S10;Electronics;2023-02; 57 256,50 ;0,361647116;0,478358099;0,375;0,2;0,35011977
S10;Electronics;2023-03; 16 668,64 ;0,55188172;0,478358099;0,375;0,2;0,4592466
S10;Electronics;2023-05; 36 819,12 ;0,253093842;0,402306993;0,375;0,2;0,60615315
S10;Electronics;2023-07; 31 418,40 ;0,039882698;0,474131425;0,375;0,2;0,60629882
S10;Electronics;2023-08; 7 791,50 ;0,818450635;0,474131425;0,375;0,2;0,47062806
S10;Electronics;2023-09; 18 036,43 ;0,091202346;0,474131425;0,375;0,2;0,45950501
S10;Electronics;2023-10; 45 542,19 ;0,002443793;0,419372079;0,375;0,2;0,42817427
S10;Electronics;2023-11; 30 857,94 ;0,087218964;0,419372079;0,375;0,2;0,53975639
S10;Food;2023-04; 10 234,35 ;0,592106549;0,402306993;0,4013;0,2;0,56031868
S10;Food;2023-08; 29 257,04 ;0,573142717;0,474131425;0,4013;0,2;0,47062806
S10;Food;2023-10; 59 423,62 ;0,645420332;0,419372079;0,4013;0,2;0,42817427
S10;Food;2023-11; 25 279,88 ;0,247800587;0,419372079;0,4013;0,2;0,53975639
S10;Food;2023-12; 10 212,14 ;0,310124633;0,419372079;0,4013;0,2;0,51505165
S10;Machinery;2023-01; 15 320,08 ;0,561217009;0,478358099;0,4145;0,3;0,34574577
S10;Machinery;2023-03; 35 516,15 ;0,189247312;0,478358099;0,4145;0,3;0,4592466
S10;Machinery;2023-04; 3 915,88 ;0,15742913;0,402306993;0,4145;0,3;0,56031868
S10;Machinery;2023-08; 40 295,95 ;0,154692082;0,474131425;0,4145;0,3;0,47062806
S10;Machinery;2023-09; 32 591,74 ;0,154252199;0,474131425;0,4145;0,3;0,45950501
S10;Machinery;2023-10; 149 041,56 ;0,402475964;0,419372079;0,4145;0,3;0,42817427
S10;Machinery;2023-12; 14 266,38 ;0,50457478;0,419372079;0,4145;0,3;0,51505165
S10;Pharma;2023-01; 29 533,56 ;0,280909879;0,478358099;0,3618;0,3;0,34574577
S10;Pharma;2023-03; 42 445,70 ;0,054349951;0,478358099;0,3618;0,3;0,4592466
S10;Pharma;2023-08; 21 469,99 ;0,088905181;0,474131425;0,3618;0,3;0,47062806
S10;Pharma;2023-09; 14 482,39 ;0,189247312;0,474131425;0,3618;0,3;0,45950501
S10;Pharma;2023-12; 5 682,55 ;0,134115347;0,419372079;0,3618;0,3;0,51505165
S10;Textiles;2023-03; 80 101,03 ;0,071823069;0,478358099;0,3882;0,2;0,4592466
S11;Electronics;2023-01; 19 714,20 ;0,164467253;0,430072608;0,2907;0,5;0,21163815
S11;Electronics;2023-02; 15 384,86 ;0,11414956;0,430072608;0,2907;0,5;0,23814873
S11;Electronics;2023-07; 35 803,74 ;0,131818182;0,411434334;0,2907;0,5;0,39839994
S11;Food;2023-02; 37 223,87 ;0,066080156;0,430072608;0,3059;0,4;0,23814873
S11;Food;2023-03; 42 558,02 ;0,709770283;0,430072608;0,3059;0,4;0,36814859
S11;Food;2023-05; 37 711,48 ;0,062805474;0,383188292;0,3059;0,4;0,30178102
S11;Food;2023-06; 14 482,70 ;0,170650049;0,383188292;0,3059;0,4;0,35147487
S11;Food;2023-07; 7 261,74 ;0,708382209;0,411434334;0,3059;0,4;0,39839994
S11;Food;2023-11; 19 448,54 ;0,722702835;0,384452681;0,3059;0,4;0,48557661
S11;Machinery;2023-02; 14 212,12 ;0,713978495;0,430072608;0,3137;0,7;0,23814873
S11;Machinery;2023-04; 38 770,52 ;0,177370479;0,383188292;0,3137;0,7;0,28337446
S11;Machinery;2023-05; 8 438,09 ;0,055791789;0,383188292;0,3137;0,7;0,30178102
S11;Machinery;2023-06; 49 028,25 ;0,002443793;0,383188292;0,3137;0,7;0,35147487
S11;Machinery;2023-10; 48 937,01 ;0,21285435;0,384452681;0,3137;0,7;0,54919923
S11;Machinery;2023-11; 11 326,42 ;0,492130987;0,384452681;0,3137;0,7;0,48557661
S11;Pharma;2023-01; 44 228,56 ;0,456864614;0,430072608;0,2519;0,6;0,21163815
S11;Pharma;2023-03; 40 319,64 ;0,070527859;0,430072608;0,2519;0,6;0,36814859
S11;Pharma;2023-04; 12 919,21 ;0,443035191;0,383188292;0,2519;0,6;0,28337446
S11;Pharma;2023-05; 25 636,35 ;0,116471163;0,383188292;0,2519;0,6;0,30178102
S11;Pharma;2023-06; 13 028,53 ;0,116959922;0,383188292;0,2519;0,6;0,35147487
S11;Pharma;2023-07; 44 819,63 ;0,103958944;0,411434334;0,2519;0,6;0,39839994
S11;Textiles;2023-02; 37 060,57 ;0,090713587;0,430072608;0,348;0,6;0,23814873
S11;Textiles;2023-06; 48 861,84 ;0,099755621;0,383188292;0,348;0,6;0,35147487
S11;Textiles;2023-07; 50 549,34 ;0,343022894;0,411434334;0,348;0,6;0,39839994
S11;Textiles;2023-09; 3 668,31 ;0,167155425;0,411434334;0,348;0,6;0,5967078
S11;Textiles;2023-10; 46 089,23 ;0,181964809;0,384452681;0,348;0,6;0,54919923
S11;Textiles;2023-11; 4 383,56 ;0,384090909;0,384452681;0,348;0,6;0,48557661
S12;Electronics;2023-01; 69 551,16 ;0,112039752;0,294197899;0,2907;0,3;0,21163815
S12;Electronics;2023-02; 35 840,66 ;0,60931085;0,294197899;0,2907;0,3;0,23814873
S12;Electronics;2023-03; 42 373,11 ;0,089296188;0,294197899;0,2907;0,3;0,36814859
S12;Electronics;2023-05; 42 478,08 ;0,030596285;0,311502193;0,2907;0,3;0,30178102
S12;Electronics;2023-11; 15 328,50 ;0,459604106;0,26477291;0,2907;0,3;0,48557661
S12;Food;2023-02; 47 900,26 ;0,4521261;0,294197899;0,3059;0,2;0,23814873
S12;Food;2023-03; 3 579,06 ;0,187438905;0,294197899;0,3059;0,2;0,36814859
S12;Food;2023-07; 27 028,79 ;0,185239492;0,307342137;0,3059;0,2;0,39839994
S12;Food;2023-08; 43 426,55 ;0,081158358;0,307342137;0,3059;0,2;0,52340736
S12;Food;2023-10; 15 835,44 ;0,545307918;0,26477291;0,3059;0,2;0,54919923
S12;Food;2023-11; 14 729,35 ;0,092033236;0,26477291;0,3059;0,2;0,48557661
S12;Machinery;2023-04; 66 155,21 ;0,132942326;0,311502193;0,3137;0,4;0,28337446
S12;Machinery;2023-05; 14 857,25 ;0,157575758;0,311502193;0,3137;0,4;0,30178102
S12;Machinery;2023-08; 23 959,10 ;0,16427175;0,307342137;0,3137;0,4;0,52340736
S12;Machinery;2023-09; 47 514,28 ;0,358462854;0,307342137;0,3137;0,4;0,5967078
S12;Machinery;2023-11; 54 595,96 ;0,162600196;0,26477291;0,3137;0,4;0,48557661
S12;Pharma;2023-03; 13 884,47 ;0,06402737;0,294197899;0,2519;0,3;0,36814859
S12;Pharma;2023-04; 25 405,06 ;0,163734115;0,311502193;0,2519;0,3;0,28337446
S12;Pharma;2023-05; 4 052,90 ;0,574633431;0,311502193;0,2519;0,3;0,30178102
S12;Pharma;2023-06; 35 275,75 ;0,197360704;0,311502193;0,2519;0,3;0,35147487
S12;Pharma;2023-11; 48 193,21 ;0,208357771;0,26477291;0,2519;0,3;0,48557661
S12;Textiles;2023-02; 22 393,54 ;0,070918866;0,294197899;0,348;0,4;0,23814873
S12;Textiles;2023-05; 991,23 ;0,090175953;0,311502193;0,348;0,4;0,30178102
S12;Textiles;2023-06; 18 940,40 ;0,604349951;0,311502193;0,348;0,4;0,35147487
S12;Textiles;2023-08; 52 921,26 ;0,50242913;0,307342137;0,348;0,4;0,52340736
S12;Textiles;2023-10; 8 553,64 ;0,532795699;0,26477291;0,348;0,4;0,54919923
S12;Textiles;2023-11; 29 046,77 ;0,172531769;0,26477291;0,348;0,4;0,48557661
S13;Electronics;2023-01; 73 595,96 ;0,301637341;0,40986214;0,4725;0,5;0,20624843
S13;Food;2023-01; 10 361,16 ;0,160997067;0,40986214;0,4348;0,4;0,20624843
S13;Food;2023-04; 49 945,18 ;0,065933529;0,449511075;0,4348;0,4;0,47128027
S13;Food;2023-05; 49 008,44 ;0,603005865;0,449511075;0,4348;0,4;0,36385843
S13;Food;2023-09; 11 113,12 ;0,503103617;0,424301533;0,4348;0,4;0,39009953
S13;Food;2023-12; 24 304,06 ;0,06886608;0,406747449;0,4348;0,4;0,82499133
S13;Machinery;2023-05; 22 944,22 ;0,123450635;0,449511075;0,5268;0,7;0,36385843
S13;Machinery;2023-07; 25 269,86 ;0,052639296;0,424301533;0,5268;0,7;0,66446907
S13;Machinery;2023-08; 23 412,74 ;0,086094819;0,424301533;0,5268;0,7;0,62832864
S13;Machinery;2023-10; 15 494,33 ;0,271358749;0,406747449;0,5268;0,7;0,56951902
S13;Machinery;2023-11; 5 715,56 ;0,074046921;0,406747449;0,5268;0,7;0,71857197
S13;Machinery;2023-12; 25 935,80 ;0,474780059;0,406747449;0,5268;0,7;0,82499133
S13;Pharma;2023-05; 70 679,70 ;0,358829423;0,449511075;0,4306;0,6;0,36385843
S13;Pharma;2023-07; 19 963,16 ;0,223020528;0,424301533;0,4306;0,6;0,66446907
S13;Pharma;2023-08; 48 491,64 ;0,482284946;0,424301533;0,4306;0,6;0,62832864
S13;Pharma;2023-09; 111 557,01 ;0,43187845;0,424301533;0,4306;0,6;0,39009953
S13;Pharma;2023-11; 32 607,63 ;0,749022483;0,406747449;0,4306;0,6;0,71857197
S13;Textiles;2023-09; 10 193,74 ;0,170527859;0,424301533;0,4987;0,6;0,39009953
S13;Textiles;2023-11; 13 911,66 ;0,091006843;0,406747449;0,4987;0,6;0,71857197
S14;Electronics;2023-04; 37 545,03 ;0,073655914;0,499749827;0,5814;0,2;0,42727946
S14;Electronics;2023-05; 48 026,71 ;0,115664712;0,499749827;0,5814;0,2;0,3208988
S14;Electronics;2023-11; 37 951,33 ;0,344384164;0,549798179;0,5814;0,2;0,48214795
S14;Food;2023-03; 46 492,41 ;0,481671554;0,516019244;0,5467;0,2;0,45920672
S14;Food;2023-04; 72 169,63 ;0,111793744;0,499749827;0,5467;0,2;0,42727946
S14;Food;2023-05; 34 002,65 ;0,78726784;0,499749827;0,5467;0,2;0,3208988
S14;Food;2023-08; 16 563,33 ;0,172727273;0,597980476;0,5467;0,2;0,26980429
S14;Machinery;2023-01; 7 124,50 ;0,843059629;0,516019244;0,6041;0,3;0,62890166
S14;Machinery;2023-03; 19 940,17 ;0,632649071;0,516019244;0,6041;0,3;0,45920672
S14;Machinery;2023-04; 42 972,15 ;0,206940371;0,499749827;0,6041;0,3;0,42727946
S14;Machinery;2023-07; 43 743,12 ;0,485056207;0,597980476;0,6041;0,3;0,28417623
S14;Machinery;2023-08; 67 428,03 ;0,303110948;0,597980476;0,6041;0,3;0,26980429
S14;Machinery;2023-09; 5 084,96 ;0,098680352;0,597980476;0,6041;0,3;0,30870431
S14;Machinery;2023-12; 30 044,17 ;0,548069404;0,549798179;0,6041;0,3;0,44093036
S14;Pharma;2023-02; 3 204,40 ;0,530669599;0,516019244;0,5533;0,3;0,42104489
S14;Pharma;2023-04; 35 391,11 ;0,081329423;0,499749827;0,5533;0,3;0,42727946
S14;Pharma;2023-05; 17 014,61 ;0,160654936;0,499749827;0,5533;0,3;0,3208988
S14;Pharma;2023-08; 1 065,19 ;0,136412512;0,597980476;0,5533;0,3;0,26980429
S14;Pharma;2023-10; 13 581,68 ;0,131989247;0,549798179;0,5533;0,3;0,44467006
S14;Pharma;2023-11; 44 835,90 ;0,058944282;0,549798179;0,5533;0,3;0,48214795
S14;Pharma;2023-12; 46 806,85 ;0,367617302;0,549798179;0,5533;0,3;0,44093036
S14;Textiles;2023-08; 13 934,76 ;0,233479961;0,597980476;0,6076;0,2;0,26980429
S14;Textiles;2023-10; 14 571,57 ;0,121358749;0,549798179;0,6076;0,2;0,44467006
S14;Textiles;2023-11; 20 393,42 ;0,487512219;0,549798179;0,6076;0,2;0,48214795
S14;Textiles;2023-12; 25 280,90 ;0,554496579;0,549798179;0,6076;0,2;0,44093036
S15;Electronics;2023-03; 48 157,03 ;0,187585533;0,634876774;0,6628;1;0,48516614
S15;Electronics;2023-05; 21 207,53 ;0,183699902;0,640920101;0,6628;1;0,3890917
S15;Electronics;2023-10; 13 646,35 ;0,181427175;0,655525924;0,6628;1;0,67873961
S15;Electronics;2023-12; 29 677,97 ;0,672262952;0,655525924;0,6628;1;0,60394445
S15;Food;2023-03; 22 659,83 ;0,527272727;0,634876774;0,6488;1;0,48516614
S15;Food;2023-04; 66 326,69 ;0,551124145;0,640920101;0,6488;1;0,36314411
S15;Food;2023-06; 5 198,44 ;0,176148583;0,640920101;0,6488;1;0,35446782
S15;Food;2023-08; 40 799,22 ;0,61297654;0,680996852;0,6488;1;0,64148829
S15;Machinery;2023-01; 5 356,42 ;0,149608993;0,634876774;0,743;1;0,49695702
S15;Machinery;2023-04; 25 528,89 ;0,739711632;0,640920101;0,743;1;0,36314411
S15;Machinery;2023-06; 18 172,95 ;0,010654936;0,640920101;0,743;1;0,35446782
S15;Machinery;2023-09; 20 478,25 ;0,50872434;0,680996852;0,743;1;0,53566328
S15;Machinery;2023-12; 12 003,02 ;0,684115347;0,655525924;0,743;1;0,60394445
S15;Pharma;2023-01; 86 314,59 ;0,412192082;0,634876774;0,6013;1;0,49695702
S15;Pharma;2023-12; 28 421,66 ;0,126490714;0,655525924;0,6013;1;0,60394445
S15;Textiles;2023-04; 3 789,93 ;0,562512219;0,640920101;0,7113;1;0,36314411
S15;Textiles;2023-05; 34 587,27 ;0,151906158;0,640920101;0,7113;1;0,3890917
S15;Textiles;2023-07; 12 454,08 ;0,567986315;0,680996852;0,7113;1;0,5627309
S15;Textiles;2023-12; 5 517,96 ;0,164125122;0,655525924;0,7113;1;0,60394445
S16;Electronics;2023-01; 20 442,23 ;0,218621701;0,472877416;0,6628;1;0,49695702
S16;Electronics;2023-02; 32 641,46 ;0,153910068;0,472877416;0,6628;1;0,43219389
S16;Electronics;2023-03; 64 244,73 ;0,318482405;0,472877416;0,6628;1;0,48516614
S16;Electronics;2023-04; 12 399,75 ;0,139638319;0,455017373;0,6628;1;0,36314411
S16;Electronics;2023-05; 13 745,84 ;0,628030303;0,455017373;0,6628;1;0,3890917
S16;Electronics;2023-06; 46 397,04 ;0,419908765;0,455017373;0,6628;1;0,35446782
S16;Electronics;2023-07; 21 666,27 ;0,453030303;0,397503398;0,6628;1;0,5627309
S16;Electronics;2023-12; 38 812,57 ;0,141593353;0,428648501;0,6628;1;0,60394445
S16;Food;2023-03; 39 570,00 ;0,073607038;0,472877416;0,6488;1;0,48516614
S16;Food;2023-04; 15 495,08 ;0,191300098;0,455017373;0,6488;1;0,36314411
S16;Food;2023-05; 20 201,26 ;0,520650049;0,455017373;0,6488;1;0,3890917
S16;Food;2023-08; 27 646,75 ;0,072727273;0,397503398;0,6488;1;0,64148829
S16;Food;2023-09; 24 943,80 ;0,1785435;0,397503398;0,6488;1;0,53566328
S16;Food;2023-10; 21 526,55 ;0,385505865;0,428648501;0,6488;1;0,67873961
S16;Food;2023-11; 35 207,91 ;0,109921799;0,428648501;0,6488;1;0,54955598
S16;Food;2023-12; 31 305,99 ;0,095894428;0,428648501;0,6488;1;0,60394445
S16;Machinery;2023-02; 16 602,11 ;0,628152493;0,472877416;0,743;1;0,43219389
S16;Machinery;2023-03; 48 358,85 ;0,643132942;0,472877416;0,743;1;0,48516614
S16;Machinery;2023-04; 117 357,61 ;0,490503698;0,455017373;0,743;1;0,36314411
S16;Machinery;2023-08; 12 548,14 ;0,532331378;0,397503398;0,743;1;0,64148829
S16;Machinery;2023-11; 59 757,57 ;0,209360809;0,428648501;0,743;1;0,54955598
S16;Machinery;2023-12; 7 446,06 ;0,032062561;0,428648501;0,743;1;0,60394445
S16;Pharma;2023-01; 54 173,65 ;0,290770557;0,472877416;0,6013;1;0,49695702
S16;Pharma;2023-03; 40 100,17 ;0,578225806;0,472877416;0,6013;1;0,48516614
S16;Pharma;2023-05; 33 003,24 ;0,443914956;0,455017373;0,6013;1;0,3890917
S16;Pharma;2023-06; 27 147,43 ;0,616764418;0,455017373;0,6013;1;0,35446782
S16;Textiles;2023-02; 13 036,98 ;0,500562072;0,472877416;0,7113;1;0,43219389
S16;Textiles;2023-05; 17 766,62 ;0,199120235;0,455017373;0,7113;1;0,3890917
S16;Textiles;2023-07; 13 633,64 ;0,12971652;0,397503398;0,7113;1;0,5627309
S16;Textiles;2023-08; 45 952,83 ;0,038318671;0,397503398;0,7113;1;0,64148829
S16;Textiles;2023-10; 33 496,72 ;0,177761486;0,428648501;0,7113;1;0,67873961
S16;Textiles;2023-12; 20 651,77 ;0,103128055;0,428648501;0,7113;1;0,60394445
S17;Electronics;2023-04; 5 716,96 ;0,654105572;0,415043668;0,288;0;0,45041658
S17;Electronics;2023-05; 32 210,45 ;0,161070381;0,415043668;0,288;0;0,49656506
S17;Electronics;2023-06; 26 076,57 ;0,200366569;0,415043668;0,288;0;0,31698709
S17;Electronics;2023-08; 993,95 ;0,642546432;0,497988656;0,288;0;0,48615589
S17;Electronics;2023-09; 77 946,72 ;0,056671554;0,497988656;0,288;0;0,50830088
S17;Electronics;2023-10; 15 545,15 ;0,493768328;0,46095633;0,288;0;0,57175634
S17;Electronics;2023-12; 41 725,10 ;0,195845552;0,46095633;0,288;0;0,53225831
S17;Food;2023-06; 3 917,77 ;0,072043011;0,415043668;0,2754;0;0,31698709
S17;Food;2023-07; 71 258,01 ;0,102174976;0,497988656;0,2754;0;0,40293321
S17;Food;2023-09; 30 103,48 ;0,183455523;0,497988656;0,2754;0;0,50830088
S17;Food;2023-11; 36 057,39 ;0,168572825;0,46095633;0,2754;0;0,59073233
S17;Machinery;2023-02; 61 112,08 ;0,39063783;0,469957057;0,3103;0;0,22408182
S17;Machinery;2023-03; 26 620,03 ;0,49516129;0,469957057;0,3103;0;0,31209306
S17;Machinery;2023-05; 21 120,01 ;0,580865103;0,415043668;0,3103;0;0,49656506
S17;Machinery;2023-06; 21 920,09 ;0,088172043;0,415043668;0,3103;0;0,31698709
S17;Machinery;2023-08; 42 821,21 ;0,202883675;0,497988656;0,3103;0;0,48615589
S17;Pharma;2023-01; 42 244,65 ;0,159481916;0,469957057;0,2532;0;0,17915831
S17;Pharma;2023-03; 15 179,72 ;0,059384164;0,469957057;0,2532;0;0,31209306
S17;Pharma;2023-07; 44 606,30 ;0,228453079;0,497988656;0,2532;0;0,40293321
S17;Pharma;2023-10; 21 973,96 ;0,660434995;0,46095633;0,2532;0;0,57175634
S17;Pharma;2023-12; 19 775,54 ;0,424633431;0,46095633;0,2532;0;0,53225831
S17;Textiles;2023-06; 97 235,07 ;0,648240469;0,415043668;0,3321;0;0,31698709
S17;Textiles;2023-07; 4 919,83 ;0,112121212;0,497988656;0,3321;0;0,40293321
S17;Textiles;2023-10; 16 943,46 ;0,186412512;0,46095633;0,3321;0;0,57175634
S18;Electronics;2023-03; 47 598,79 ;0,567521994;0,450557324;0,375;0;0,4592466
S18;Electronics;2023-04; 38 879,63 ;0,465542522;0,403212738;0,375;0;0,56031868
S18;Electronics;2023-05; 26 141,40 ;0,236510264;0,403212738;0,375;0;0,60615315
S18;Electronics;2023-10; 38 171,37 ;0,66014174;0,449027998;0,375;0;0,42817427
S18;Electronics;2023-11; 30 601,64 ;0,427179863;0,449027998;0,375;0;0,53975639
S18;Food;2023-01; 33 039,32 ;0,074608993;0,450557324;0,4013;0;0,34574577
S18;Food;2023-08; 12 717,78 ;0,612634409;0,39719835;0,4013;0;0,47062806
S18;Food;2023-11; 23 156,13 ;0,513074291;0,449027998;0,4013;0;0,53975639
S18;Machinery;2023-01; 49 294,70 ;0,433282014;0,450557324;0,4145;0;0,34574577
S18;Machinery;2023-03; 18 044,03 ;0,615224829;0,450557324;0,4145;0;0,4592466
S18;Machinery;2023-04; 39 295,04 ;0,142130987;0,403212738;0,4145;0;0,56031868
S18;Machinery;2023-05; 53 621,75 ;0,076001955;0,403212738;0,4145;0;0,60615315
S18;Machinery;2023-11; 35 532,21 ;0,183773216;0,449027998;0,4145;0;0,53975639
S18;Pharma;2023-01; 14 409,72 ;0,157624633;0,450557324;0,3618;0;0,34574577
S18;Pharma;2023-06; 35 228,40 ;0,338602151;0,403212738;0,3618;0;0,57250529
S18;Pharma;2023-08; 18 444,65 ;0,217159472;0,39719835;0,3618;0;0,47062806
S18;Textiles;2023-05; 18 779,40 ;0,222776149;0,403212738;0,3882;0;0,60615315
S18;Textiles;2023-06; 10 350,11 ;0,123216031;0,403212738;0,3882;0;0,57250529
S18;Textiles;2023-07; 37 794,68 ;0,073069404;0,39719835;0,3882;0;0,60629882
S18;Textiles;2023-08; 14 972,96 ;0,461143695;0,39719835;0,3882;0;0,47062806
S18;Textiles;2023-09; 35 011,86 ;0,698484848;0,39719835;0,3882;0;0,45950501
S18;Textiles;2023-12; 9 489,89 ;0,003812317;0,449027998;0,3882;0;0,51505165
S19;Electronics;2023-06; 31 309,48 ;0,124193548;0,221898289;0,4725;0,3;0,41233626
S19;Electronics;2023-09; 45 137,81 ;0,082062561;0,21181498;0,4725;0,3;0,39009953
S19;Electronics;2023-10; 39 268,32 ;0,513220919;0,199508557;0,4725;0,3;0,56951902
S19;Electronics;2023-12; 23 253,41 ;0,071749756;0,199508557;0,4725;0,3;0,82499133
S19;Food;2023-03; 3 841,38 ;0,031867058;0,198685454;0,4348;0,2;0,27292397
S19;Food;2023-06; 20 891,93 ;0,15542522;0,221898289;0,4348;0,2;0,41233626
S19;Food;2023-07; 39 012,25 ;0,040078201;0,21181498;0,4348;0,2;0,66446907
S19;Food;2023-10; 44 919,61 ;0,663367546;0,199508557;0,4348;0,2;0,56951902
S19;Machinery;2023-01; 44 845,77 ;0,630388563;0,198685454;0,5268;0,4;0,20624843
S19;Machinery;2023-05; 10 993,71 ;0,243841642;0,221898289;0,5268;0,4;0,36385843
S19;Machinery;2023-06; 83 591,84 ;0,381678886;0,221898289;0,5268;0,4;0,41233626
S19;Machinery;2023-07; 37 986,86 ;0,165786901;0,21181498;0,5268;0,4;0,66446907
S19;Machinery;2023-09; 33 554,15 ;0,087878788;0,21181498;0,5268;0,4;0,39009953
S19;Machinery;2023-10; 572,95 ;0,019550342;0,199508557;0,5268;0,4;0,56951902
S19;Pharma;2023-03; 70 921,39 ;0,339391496;0,198685454;0,4306;0,3;0,27292397
S19;Pharma;2023-08; 4 247,14 ;0,469305963;0,21181498;0,4306;0,3;0,62832864
S19;Pharma;2023-11; 33 786,79 ;0,175610948;0,199508557;0,4306;0,3;0,71857197
S19;Textiles;2023-01; 79 888,04 ;0,060508309;0,198685454;0,4987;0,4;0,20624843
S19;Textiles;2023-02; 22 002,96 ;0,131867058;0,198685454;0,4987;0,4;0,42650459
S19;Textiles;2023-04; 30 583,73 ;0,153519062;0,221898289;0,4987;0,4;0,47128027
S19;Textiles;2023-05; 36 854,97 ;0,188611926;0,221898289;0,4987;0,4;0,36385843
S19;Textiles;2023-08; 5 023,88 ;0,251319648;0,21181498;0,4987;0,4;0,62832864
S19;Textiles;2023-12; 44 575,27 ;0,080107527;0,199508557;0,4987;0,4;0,82499133
S2;Electronics;2023-01; 92 386,59 ;0,185508309;0,359053027;0,375;0,5;0,34574577
S2;Electronics;2023-02; 3 807,66 ;0,509728739;0,359053027;0,375;0,5;0,35011977
S2;Electronics;2023-03; 31 370,61 ;0,15742913;0,359053027;0,375;0,5;0,4592466
S2;Electronics;2023-08; 40 507,64 ;0,156353861;0,357750183;0,375;0,5;0,47062806
S2;Electronics;2023-09; 18 165,86 ;0,104105572;0,357750183;0,375;0,5;0,45950501
S2;Electronics;2023-10; 45 440,99 ;0,58726784;0,347861189;0,375;0,5;0,42817427
S2;Electronics;2023-11; 16 220,55 ;0,063000978;0,347861189;0,375;0,5;0,53975639
S2;Food;2023-02; 17 594,43 ;0,152419355;0,359053027;0,4013;0,4;0,35011977
S2;Food;2023-08; 31 797,97 ;0,112365591;0,357750183;0,4013;0,4;0,47062806
S2;Food;2023-09; 4 168,22 ;0,248533724;0,357750183;0,4013;0,4;0,45950501
S2;Food;2023-11; 17 112,72 ;0,552443793;0,347861189;0,4013;0,4;0,53975639
S2;Machinery;2023-01; 13 736,40 ;0,079814272;0,359053027;0,4145;0,7;0,34574577
S2;Machinery;2023-05; 38 442,49 ;0,546309873;0,340803731;0,4145;0,7;0,60615315
S2;Machinery;2023-07; 11 905,62 ;0,450635386;0,357750183;0,4145;0,7;0,60629882
S2;Machinery;2023-08; 27 859,00 ;0,059188661;0,357750183;0,4145;0,7;0,47062806
S2;Machinery;2023-10; 26 248,41 ;0,079814272;0,347861189;0,4145;0,7;0,42817427
S2;Pharma;2023-06; 12 093,07 ;0,430180841;0,340803731;0,3618;0,6;0,57250529
S2;Pharma;2023-07; 25 402,66 ;0,486656891;0,357750183;0,3618;0,6;0,60629882
S2;Pharma;2023-09; 25 255,58 ;0,405791789;0,357750183;0,3618;0,6;0,45950501
S2;Pharma;2023-12; 27 548,30 ;0,588636364;0,347861189;0,3618;0,6;0,51505165
S2;Textiles;2023-02; 46 496,79 ;0,093010753;0,359053027;0,3882;0,6;0,35011977
S2;Textiles;2023-04; 19 856,13 ;0,620381232;0,340803731;0,3882;0,6;0,56031868
S2;Textiles;2023-09; 1 101,76 ;0,624682307;0,357750183;0,3882;0,6;0,45950501
S2;Textiles;2023-10; 42 898,59 ;0,057820137;0,347861189;0,3882;0,6;0,42817427
S20;Electronics;2023-03; 34 698,76 ;0,225562072;0,344148805;0,288;0,5;0,31209306
S20;Electronics;2023-05; 34 008,57 ;0,556476051;0,332500775;0,288;0,5;0,49656506
S20;Electronics;2023-06; 55 302,40 ;0,174428152;0,332500775;0,288;0,5;0,31698709
S20;Food;2023-01; 14 253,71 ;0,215982405;0,344148805;0,2754;0,4;0,17915831
S20;Food;2023-02; 96 949,18 ;0,131793744;0,344148805;0,2754;0,4;0,22408182
S20;Food;2023-04; 11 492,76 ;0,003323558;0,332500775;0,2754;0,4;0,45041658
S20;Food;2023-08; 37 002,59 ;0,581769306;0,351774986;0,2754;0,4;0,48615589
S20;Food;2023-12; 26 192,10 ;0,020723363;0,330947918;0,2754;0,4;0,53225831
S20;Machinery;2023-07; 34 780,36 ;0,064418377;0,351774986;0,3103;0,7;0,40293321
S20;Machinery;2023-10; 26 312,25 ;0,53773216;0,330947918;0,3103;0,7;0,57175634
S20;Machinery;2023-12; 2 071,32 ;0,198338221;0,330947918;0,3103;0,7;0,53225831
S20;Pharma;2023-01; 32 053,26 ;0,584332845;0,344148805;0,2532;0,6;0,17915831
S20;Pharma;2023-04; 48 594,75 ;0,622035679;0,332500775;0,2532;0,6;0,45041658
S20;Pharma;2023-07; 5 543,71 ;0,123900293;0,351774986;0,2532;0,6;0,40293321
S20;Pharma;2023-08; 43 652,12 ;0,085117302;0,351774986;0,2532;0,6;0,48615589
S20;Pharma;2023-09; 43 289,45 ;0,457991202;0,351774986;0,2532;0,6;0,50830088
S20;Pharma;2023-11; 42 592,23 ;0,158797654;0,330947918;0,2532;0,6;0,59073233
S20;Textiles;2023-05; 40 650,63 ;0,144037146;0,332500775;0,3321;0,6;0,49656506
S20;Textiles;2023-06; 35 500,78 ;0,135826002;0,332500775;0,3321;0,6;0,31698709
S20;Textiles;2023-12; 29 967,51 ;0,243352884;0,330947918;0,3321;0,6;0,53225831
S21;Electronics;2023-02; 45 962,11 ;0,673142717;0,449329142;0,375;0;0,35011977
S21;Electronics;2023-05; 66 212,21 ;0,111241447;0,450466705;0,375;0;0,60615315
S21;Electronics;2023-07; 30 873,40 ;0,234628543;0,483760493;0,375;0;0,60629882
S21;Electronics;2023-08; 3 375,55 ;0,743621701;0,483760493;0,375;0;0,47062806
S21;Electronics;2023-10; 102 389,25 ;0,50922397;0,43687812;0,375;0;0,42817427
S21;Food;2023-01; 46 104,72 ;0,054301075;0,449329142;0,4013;0;0,34574577
S21;Food;2023-03; 39 128,09 ;0,634164223;0,449329142;0,4013;0;0,4592466
S21;Food;2023-05; 8 003,96 ;0,082404692;0,450466705;0,4013;0;0,60615315
S21;Food;2023-07; 31 979,05 ;0,576392962;0,483760493;0,4013;0;0,60629882
S21;Food;2023-10; 40 322,48 ;0,2014174;0,43687812;0,4013;0;0,42817427
S21;Machinery;2023-01; 35 611,38 ;0,213489736;0,449329142;0,4145;0;0,34574577
S21;Machinery;2023-05; 39 417,18 ;0,259359726;0,450466705;0,4145;0;0,60615315
S21;Machinery;2023-08; 12 898,16 ;0,593817204;0,483760493;0,4145;0;0,47062806
S21;Pharma;2023-04; 29 125,77 ;0,435752688;0,450466705;0,3618;0;0,56031868
S21;Pharma;2023-09; 22 787,59 ;0,188758553;0,483760493;0,3618;0;0,45950501
S21;Textiles;2023-03; 47 547,73 ;0,425806452;0,449329142;0,3882;0;0,4592466
S21;Textiles;2023-04; 25 268,71 ;0,144826491;0,450466705;0,3882;0;0,56031868
S21;Textiles;2023-08; 44 204,28 ;0,158553275;0,483760493;0,3882;0;0,47062806
S21;Textiles;2023-09; 37 025,31 ;0,217546432;0,483760493;0,3882;0;0,45950501
S21;Textiles;2023-10; 80 919,80 ;0,124005376;0,43687812;0,3882;0;0,42817427
S21;Textiles;2023-12; 32 203,56 ;0,161485826;0,43687812;0,3882;0;0,51505165
S22;Electronics;2023-01; 44 947,00 ;0,586339198;0,413113682;0,2862;0,2;0,26917885
S22;Electronics;2023-03; 53 876,60 ;0,171383187;0,413113682;0,2862;0,2;0,47604927
S22;Electronics;2023-06; 49 809,80 ;0,659261975;0,459910945;0,2862;0,2;0,3516715
S22;Electronics;2023-09; 21 010,92 ;0,421446725;0,452821748;0,2862;0,2;0,41456793
S22;Food;2023-01; 48 221,88 ;0,556695992;0,413113682;0,2915;0,2;0,26917885
S22;Food;2023-04; 8 537,67 ;0,173768328;0,459910945;0,2915;0,2;0,40007626
S22;Food;2023-07; 44 361,63 ;0,223411535;0,452821748;0,2915;0,2;0,37775133
S22;Food;2023-09; 104 311,75 ;0,071065494;0,452821748;0,2915;0,2;0,41456793
S22;Food;2023-12; 22 131,30 ;0,639418377;0,474152465;0,2915;0,2;0,50061341
S22;Machinery;2023-01; 57 131,32 ;0,377539101;0,413113682;0,2968;0,3;0,26917885
S22;Machinery;2023-05; 21 827,65 ;0,419375126;0,459910945;0,2968;0,3;0,42262169
S22;Machinery;2023-06; 18 861,58 ;0,054814272;0,459910945;0,2968;0,3;0,3516715
S22;Machinery;2023-07; 40 275,11 ;0,130400782;0,452821748;0,2968;0,3;0,37775133
S22;Machinery;2023-10; 48 065,55 ;0,562292278;0,474152465;0,2968;0,3;0,44253673
S22;Machinery;2023-11; 17 424,31 ;0,490615836;0,474152465;0,2968;0,3;0,45256451
S22;Machinery;2023-12; 35 795,78 ;0,507282502;0,474152465;0,2968;0,3;0,50061341
S22;Pharma;2023-01; 17 191,73 ;0,104740958;0,413113682;0,2565;0,3;0,26917885
S22;Textiles;2023-04; 65 049,02 ;0,151441786;0,459910945;0,3344;0,2;0,40007626
S22;Textiles;2023-05; 2 885,21 ;0,607111437;0,459910945;0,3344;0,2;0,42262169
S22;Textiles;2023-06; 9 713,73 ;0,22028348;0,459910945;0,3344;0,2;0,3516715
S22;Textiles;2023-07; 48 682,44 ;0,486779081;0,452821748;0,3344;0,2;0,37775133
S22;Textiles;2023-09; 24 106,56 ;0,62157869;0,452821748;0,3344;0,2;0,41456793
S22;Textiles;2023-12; 1 610,08 ;0,586485826;0,474152465;0,3344;0,2;0,50061341
S23;Electronics;2023-05; 36 768,60 ;0,74540567;0,534953779;0,4725;0;0,36385843
S23;Electronics;2023-06; 29 845,59 ;0,155083089;0,534953779;0,4725;0;0,41233626
S23;Electronics;2023-09; 40 351,97 ;0,264320626;0,558803133;0,4725;0;0,39009953
S23;Electronics;2023-11; 21 924,39 ;0,629569892;0,612151931;0,4725;0;0,71857197
S23;Electronics;2023-12; 15 735,89 ;0,128103617;0,612151931;0,4725;0;0,82499133
S23;Food;2023-02; 37 984,90 ;0,271764418;0,528873381;0,4348;0;0,42650459
S23;Food;2023-03; 46 669,17 ;0,52311828;0,528873381;0,4348;0;0,27292397
S23;Food;2023-05; 25 064,81 ;0,122531769;0,534953779;0,4348;0;0,36385843
S23;Food;2023-08; 15 401,78 ;0,534872923;0,558803133;0,4348;0;0,62832864
S23;Food;2023-09; 46 390,31 ;0,137781036;0,558803133;0,4348;0;0,39009953
S23;Food;2023-11; 36 753,85 ;0,132575758;0,612151931;0,4348;0;0,71857197
S23;Machinery;2023-01; 41 215,47 ;0,196774194;0,528873381;0,5268;0;0,20624843
S23;Machinery;2023-02; 25 380,25 ;0,72983871;0,528873381;0,5268;0;0,42650459
S23;Machinery;2023-05; 30 084,58 ;0,5521261;0,534953779;0,5268;0;0,36385843
S23;Machinery;2023-06; 7 019,89 ;0,453641251;0,534953779;0,5268;0;0,41233626
S23;Machinery;2023-08; 30 722,06 ;0,132966764;0,558803133;0,5268;0;0,62832864
S23;Machinery;2023-12; 44 561,99 ;0,029423265;0,612151931;0,5268;0;0,82499133
S23;Pharma;2023-02; 10 511,58 ;0,498558162;0,528873381;0,4306;0;0,42650459
S23;Pharma;2023-03; 17 975,99 ;0,480571848;0,528873381;0,4306;0;0,27292397
S23;Pharma;2023-05; 41 873,38 ;0,495723363;0,534953779;0,4306;0;0,36385843
S23;Pharma;2023-08; 15 678,40 ;0,1764565;0,558803133;0,4306;0;0,62832864
S23;Pharma;2023-12; 114 699,94 ;0,461535784;0,612151931;0,4306;0;0,82499133
S23;Textiles;2023-02; 20 207,72 ;0,49844086;0,528873381;0,4987;0;0,42650459
S23;Textiles;2023-04; 14 097,84 ;0,505180841;0,534953779;0,4987;0;0,47128027
S23;Textiles;2023-06; 63 385,89 ;0,370281036;0,534953779;0,4987;0;0,41233626
S23;Textiles;2023-07; 14 883,76 ;0,478941838;0,558803133;0,4987;0;0,66446907
S23;Textiles;2023-08; 46 069,91 ;0,211730205;0,558803133;0,4987;0;0,62832864
S23;Textiles;2023-10; 80 341,75 ;0,112634409;0,612151931;0,4987;0;0,56951902
S23;Textiles;2023-12; 3 817,32 ;0,561241447;0,612151931;0,4987;0;0,82499133
S24;Electronics;2023-01; 32 905,21 ;0,188660802;0,405511363;0,2862;0,5;0,26917885
S24;Electronics;2023-03; 12 958,22 ;0,505271261;0,405511363;0,2862;0,5;0,47604927
S24;Electronics;2023-05; 23 134,81 ;0,094428152;0,407297199;0,2862;0,5;0,42262169
S24;Electronics;2023-08; 32 065,57 ;0,425610948;0,404580231;0,2862;0,5;0,35693505
S24;Electronics;2023-10; 32 499,71 ;0,173460411;0,384986611;0,2862;0,5;0,44253673
S24;Electronics;2023-11; 52 054,72 ;0,096317204;0,384986611;0,2862;0,5;0,45256451
S24;Electronics;2023-12; 29 425,59 ;0,305105083;0,384986611;0,2862;0,5;0,50061341
S24;Food;2023-01; 55 020,93 ;0,523736559;0,405511363;0,2915;0,4;0,26917885
S24;Food;2023-02; 66 740,32 ;0,083919844;0,405511363;0,2915;0,4;0,36525408
S24;Food;2023-03; 46 016,79 ;0,170674487;0,405511363;0,2915;0,4;0,47604927
S24;Food;2023-05; 10 413,96 ;0,056158358;0,407297199;0,2915;0,4;0,42262169
S24;Food;2023-07; 1 368,84 ;0,128372434;0,404580231;0,2915;0,4;0,37775133
S24;Food;2023-10; 52 011,22 ;0,178387097;0,384986611;0,2915;0,4;0,44253673
S24;Food;2023-11; 20 163,79 ;0,405652493;0,384986611;0,2915;0,4;0,45256451
S24;Machinery;2023-01; 46 983,89 ;0,59799609;0,405511363;0,2968;0,7;0,26917885
S24;Machinery;2023-03; 42 321,13 ;0,604081134;0,405511363;0,2968;0,7;0,47604927
S24;Machinery;2023-08; 75 897,27 ;0,508984751;0,404580231;0,2968;0,7;0,35693505
S24;Machinery;2023-09; 2 673,05 ;0,55012219;0,404580231;0,2968;0,7;0,41456793
S24;Pharma;2023-02; 49 666,12 ;0,487952102;0,405511363;0,2565;0,6;0,36525408
S24;Pharma;2023-03; 35 404,39 ;0,108406647;0,405511363;0,2565;0,6;0,47604927
S24;Pharma;2023-04; 31 979,76 ;0,107331378;0,407297199;0,2565;0,6;0,40007626
S24;Pharma;2023-06; 2 723,11 ;0,021603128;0,407297199;0,2565;0,6;0,3516715
S24;Pharma;2023-07; 68 051,08 ;0,183145161;0,404580231;0,2565;0,6;0,37775133
S24;Pharma;2023-08; 46 679,78 ;0,266471163;0,404580231;0,2565;0,6;0,35693505
S24;Pharma;2023-09; 60 233,36 ;0,540087977;0,404580231;0,2565;0,6;0,41456793
S24;Pharma;2023-10; 39 809,66 ;0,194882698;0,384986611;0,2565;0,6;0,44253673
S24;Textiles;2023-01; 38 293,14 ;0,33221652;0,405511363;0,3344;0,6;0,26917885
S24;Textiles;2023-03; 25 086,42 ;0,256915934;0,405511363;0,3344;0,6;0,47604927
S24;Textiles;2023-04; 43 153,70 ;0,168377322;0,407297199;0,3344;0,6;0,40007626
S24;Textiles;2023-05; 47 917,74 ;0,113000978;0,407297199;0,3344;0,6;0,42262169
S24;Textiles;2023-06; 44 461,85 ;0,159677419;0,407297199;0,3344;0,6;0,3516715
S24;Textiles;2023-10; 51 869,62 ;0,221072825;0,384986611;0,3344;0,6;0,44253673
S24;Textiles;2023-12; 26 175,70 ;0,598924731;0,384986611;0,3344;0,6;0,50061341
S25;Electronics;2023-01; 9 792,26 ;0,523387097;0,346746444;0,375;0;0,34574577
S25;Electronics;2023-02; 49 860,53 ;0,461070381;0,346746444;0,375;0;0,35011977
S25;Electronics;2023-06; 67 408,58 ;0,397277615;0,362047845;0,375;0;0,57250529
S25;Electronics;2023-08; 1 446,88 ;0,206500489;0,333214611;0,375;0;0,47062806
S25;Electronics;2023-09; 40 059,32 ;0,361730205;0,333214611;0,375;0;0,45950501
S25;Electronics;2023-11; 52 079,35 ;0,535862633;0,329640921;0,375;0;0,53975639
S25;Electronics;2023-12; 17 587,01 ;0,440738025;0,329640921;0,375;0;0,51505165
S25;Food;2023-02; 29 214,40 ;0,176979472;0,346746444;0,4013;0;0,35011977
S25;Food;2023-03; 11 656,37 ;0,12370479;0,346746444;0,4013;0;0,4592466
S25;Food;2023-04; 31 607,11 ;0,514760508;0,362047845;0,4013;0;0,56031868
S25;Food;2023-05; 31 495,50 ;0,184824047;0,362047845;0,4013;0;0,60615315
S25;Food;2023-09; 40 444,79 ;0,226050831;0,333214611;0,4013;0;0,45950501
S25;Food;2023-10; 35 864,00 ;0,171603128;0,329640921;0,4013;0;0,42817427
S25;Machinery;2023-02; 26 201,62 ;0,079032258;0,346746444;0,4145;0;0,35011977
S25;Machinery;2023-03; 21 884,94 ;0,142815249;0,346746444;0,4145;0;0,4592466
S25;Machinery;2023-07; 17 971,45 ;0,089784946;0,333214611;0,4145;0;0,60629882
S25;Machinery;2023-11; 41 679,00 ;0,202077224;0,329640921;0,4145;0;0,53975639
S25;Machinery;2023-12; 20 703,51 ;0,175464321;0,329640921;0,4145;0;0,51505165
S25;Pharma;2023-01; 55 278,26 ;0,162084529;0,346746444;0,3618;0;0,34574577
S25;Pharma;2023-04; 32 650,69 ;0,669721408;0,362047845;0,3618;0;0,56031868
S25;Pharma;2023-07; 41 358,08 ;0,177468231;0,333214611;0,3618;0;0,60629882
S25;Pharma;2023-09; 29 736,57 ;0,610190616;0,333214611;0,3618;0;0,45950501
S25;Pharma;2023-10; 28 705,45 ;0,103787879;0,329640921;0,3618;0;0,42817427
S25;Pharma;2023-12; 67 453,24 ;0,400046432;0,329640921;0,3618;0;0,51505165
S25;Textiles;2023-01; 36 578,64 ;0,037243402;0,346746444;0,3882;0;0,34574577
S25;Textiles;2023-03; 30 152,71 ;0,193255132;0,346746444;0,3882;0;0,4592466
S25;Textiles;2023-04; 40 318,50 ;0,083528837;0,362047845;0,3882;0;0,56031868
S25;Textiles;2023-05; 49 892,13 ;0,12111437;0,362047845;0,3882;0;0,60615315
S25;Textiles;2023-06; 42 418,56 ;0,558077971;0,362047845;0,3882;0;0,57250529
S25;Textiles;2023-08; 42 834,04 ;0,103714565;0,333214611;0,3882;0;0,47062806
S25;Textiles;2023-09; 34 757,65 ;0,226441838;0,333214611;0,3882;0;0,45950501
S25;Textiles;2023-11; 39 475,66 ;0,146725318;0,329640921;0,3882;0;0,53975639
S26;Electronics;2023-03; 19 688,62 ;0,218132942;0,308610574;0,375;0,2;0,4592466
S26;Electronics;2023-04; 28 322,60 ;0,201319648;0,322232134;0,375;0,2;0,56031868
S26;Electronics;2023-05; 888,16 ;0,553152493;0,322232134;0,375;0,2;0,60615315
S26;Electronics;2023-06; 58 418,75 ;0,182355816;0,322232134;0,375;0,2;0,57250529
S26;Electronics;2023-07; 28 525,94 ;0,060606061;0,32366417;0,375;0,2;0,60629882
S26;Electronics;2023-09; 7 570,68 ;0,191935484;0,32366417;0,375;0,2;0,45950501
S26;Electronics;2023-12; 26 266,45 ;0,334367058;0,332029213;0,375;0,2;0,51505165
S26;Food;2023-01; 92 079,73 ;0,206524927;0,308610574;0,4013;0,2;0,34574577
S26;Food;2023-06; 38 670,58 ;0,651832845;0,322232134;0,4013;0,2;0,57250529
S26;Food;2023-07; 12 872,87 ;0,064565005;0,32366417;0,4013;0,2;0,60629882
S26;Food;2023-08; 39 741,53 ;0,577541544;0,32366417;0,4013;0,2;0,47062806
S26;Food;2023-12; 9 378,12 ;0,158699902;0,332029213;0,4013;0,2;0,51505165
S26;Machinery;2023-03; 16 397,53 ;0,141495601;0,308610574;0,4145;0,3;0,4592466
S26;Machinery;2023-04; 12 131,18 ;0,4278348;0,322232134;0,4145;0,3;0,56031868
S26;Machinery;2023-05; 80 132,28 ;0,274560065;0,322232134;0,4145;0,3;0,60615315
S26;Machinery;2023-06; 10 363,88 ;0,45826002;0,322232134;0,4145;0,3;0,57250529
S26;Machinery;2023-07; 1 180,40 ;0,14315738;0,32366417;0,4145;0,3;0,60629882
S26;Machinery;2023-10; 19 177,24 ;0,128201369;0,332029213;0,4145;0,3;0,42817427
S26;Pharma;2023-04; 29 150,93 ;0,1971652;0,322232134;0,3618;0,3;0,56031868
S26;Pharma;2023-09; 33 486,08 ;0,10259042;0,32366417;0,3618;0,3;0,45950501
S26;Pharma;2023-11; 39 175,43 ;0,577468231;0,332029213;0,3618;0,3;0,53975639
S26;Pharma;2023-12; 14 799,80 ;0,169159335;0,332029213;0,3618;0,3;0,51505165
S26;Textiles;2023-01; 47 673,08 ;0,25347263;0,308610574;0,3882;0,2;0,34574577
S26;Textiles;2023-03; 40 230,70 ;0,493132942;0,308610574;0,3882;0,2;0,4592466
S26;Textiles;2023-04; 3 595,05 ;0,076979472;0,322232134;0,3882;0,2;0,56031868
S26;Textiles;2023-05; 60 018,41 ;0,122800587;0,322232134;0,3882;0,2;0,60615315
S26;Textiles;2023-06; 43 087,71 ;0,391429619;0,322232134;0,3882;0,2;0,57250529
S26;Textiles;2023-07; 33 008,11 ;0,582184751;0,32366417;0,3882;0,2;0,60629882
S26;Textiles;2023-08; 43 051,50 ;0,158162268;0,32366417;0,3882;0,2;0,47062806
S26;Textiles;2023-09; 33 722,29 ;0,50400782;0,32366417;0,3882;0,2;0,45950501
S26;Textiles;2023-10; 12 706,88 ;0,198973607;0,332029213;0,3882;0,2;0,42817427
S27;Electronics;2023-04; 91 057,70 ;0,380716031;0,395301315;0,375;1;0,56031868
S27;Electronics;2023-05; 56 432,52 ;0,382776149;0,395301315;0,375;1;0,60615315
S27;Electronics;2023-06; 27 451,88 ;0,053176931;0,395301315;0,375;1;0,57250529
S27;Electronics;2023-07; 79 471,64 ;0,516962366;0,388144296;0,375;1;0,60629882
S27;Electronics;2023-08; 35 774,76 ;0,101808407;0,388144296;0,375;1;0,47062806
S27;Food;2023-04; 28 173,43 ;0,463294233;0,395301315;0,4013;1;0,56031868
S27;Food;2023-06; 25 592,56 ;0,620112414;0,395301315;0,4013;1;0,57250529
S27;Machinery;2023-04; 33 320,84 ;0,178103617;0,395301315;0,4145;1;0,56031868
S27;Machinery;2023-10; 30 680,02 ;0,132991202;0,387840215;0,4145;1;0,42817427
S27;Pharma;2023-03; 29 367,94 ;0,118230694;0,354066195;0,3618;1;0,4592466
S27;Pharma;2023-04; 41 937,42 ;0,591177908;0,395301315;0,3618;1;0,56031868
S27;Pharma;2023-05; 65 919,45 ;0,161964809;0,395301315;0,3618;1;0,60615315
S27;Pharma;2023-06; 71 991,40 ;0,190909091;0,395301315;0,3618;1;0,57250529
S27;Pharma;2023-08; 6 351,98 ;0,325894428;0,388144296;0,3618;1;0,47062806
S27;Pharma;2023-11; 44 734,59 ;0,377514663;0,387840215;0,3618;1;0,53975639
S27;Pharma;2023-12; 35 956,51 ;0,169501466;0,387840215;0,3618;1;0,51505165
S27;Textiles;2023-03; 43 856,21 ;0,656695992;0,354066195;0,3882;1;0,4592466
S27;Textiles;2023-05; 39 065,58 ;0,080254154;0,395301315;0,3882;1;0,60615315
S27;Textiles;2023-06; 12 477,87 ;0,089589443;0,395301315;0,3882;1;0,57250529
S27;Textiles;2023-07; 48 548,49 ;0,585337243;0,388144296;0,3882;1;0,60629882
S27;Textiles;2023-08; 41 790,16 ;0,07028348;0,388144296;0,3882;1;0,47062806
S27;Textiles;2023-09; 17 401,69 ;0,287341153;0,388144296;0,3882;1;0,45950501
S27;Textiles;2023-12; 8 704,53 ;0,50872434;0,387840215;0,3882;1;0,51505165
S28;Electronics;2023-01; 9 689,51 ;0,602321603;0,557838949;0,288;0,3;0,17915831
S28;Electronics;2023-02; 17 069,19 ;0,157688172;0,557838949;0,288;0,3;0,22408182
S28;Electronics;2023-03; 1 943,90 ;0,636510264;0,557838949;0,288;0,3;0,31209306
S28;Electronics;2023-08; 42 005,35 ;0,63526393;0,577451846;0,288;0,3;0,48615589
S28;Electronics;2023-10; 65 591,87 ;0,509826491;0,511205689;0,288;0,3;0,57175634
S28;Electronics;2023-12; 44 661,64 ;0,114181329;0,511205689;0,288;0,3;0,53225831
S28;Food;2023-01; 25 762,34 ;0,33726784;0,557838949;0,2754;0,2;0,17915831
S28;Food;2023-02; 24 809,24 ;0,493328446;0,557838949;0,2754;0,2;0,22408182
S28;Food;2023-03; 40 248,60 ;0,071016618;0,557838949;0,2754;0,2;0,31209306
S28;Food;2023-04; 1 211,88 ;0,242179863;0,56283258;0,2754;0,2;0,45041658
S28;Food;2023-09; 4 875,05 ;0,191446725;0,577451846;0,2754;0,2;0,50830088
S28;Food;2023-11; 43 371,73 ;0,134261975;0,511205689;0,2754;0,2;0,59073233
S28;Food;2023-12; 48 442,60 ;0,019354839;0,511205689;0,2754;0,2;0,53225831
S28;Machinery;2023-01; 21 921,96 ;0,168132942;0,557838949;0,3103;0,4;0,17915831
S28;Machinery;2023-02; 18 969,57 ;0,208431085;0,557838949;0,3103;0,4;0,22408182
S28;Machinery;2023-06; 43 401,50 ;0,551772986;0,56283258;0,3103;0,4;0,31698709
S28;Machinery;2023-08; 42 822,41 ;0,42248045;0,577451846;0,3103;0,4;0,48615589
S28;Machinery;2023-10; 9 983,85 ;0,718841642;0,511205689;0,3103;0,4;0,57175634
S28;Machinery;2023-12; 49 250,49 ;0,578665689;0,511205689;0,3103;0,4;0,53225831
S28;Pharma;2023-01; 7 572,36 ;0,575244379;0,557838949;0,2532;0,3;0,17915831
S28;Pharma;2023-02; 30 276,92 ;0,58501955;0,557838949;0,2532;0,3;0,22408182
S28;Pharma;2023-04; 32 931,10 ;0,004105572;0,56283258;0,2532;0,3;0,45041658
S28;Pharma;2023-06; 4 242,45 ;0,210508309;0,56283258;0,2532;0,3;0,31698709
S28;Textiles;2023-01; 38 622,83 ;0,105034213;0,557838949;0,3321;0,4;0,17915831
S28;Textiles;2023-02; 19 335,63 ;0,197800587;0,557838949;0,3321;0,4;0,22408182
S28;Textiles;2023-05; 1 262,05 ;0,101026393;0,56283258;0,3321;0,4;0,49656506
S28;Textiles;2023-09; 43 332,14 ;0,133479961;0,577451846;0,3321;0,4;0,50830088
S28;Textiles;2023-10; 6 212,03 ;0,492350929;0,511205689;0,3321;0,4;0,57175634
S29;Electronics;2023-01; 19 085,71 ;0,096383187;0,242806248;0,2907;0,2;0,21163815
S29;Electronics;2023-05; 47 595,45 ;0,510532747;0,265248113;0,2907;0,2;0,30178102
S29;Electronics;2023-07; 3 901,33 ;0,143499511;0,276830269;0,2907;0,2;0,39839994
S29;Electronics;2023-08; 92 116,93 ;0,469239882;0,276830269;0,2907;0,2;0,52340736
S29;Electronics;2023-09; 45 770,16 ;0,193939394;0,276830269;0,2907;0,2;0,5967078
S29;Electronics;2023-10; 12 743,35 ;0,071163245;0,246462108;0,2907;0,2;0,54919923
S29;Electronics;2023-12; 35 256,23 ;0,552419355;0,246462108;0,2907;0,2;0,52459195
S29;Food;2023-01; 35 495,34 ;0,241006843;0,242806248;0,3059;0,2;0,21163815
S29;Food;2023-04; 27 555,57 ;0,064125122;0,265248113;0,3059;0,2;0,28337446
S29;Food;2023-07; 7 146,61 ;0,128739003;0,276830269;0,3059;0,2;0,39839994
S29;Food;2023-09; 21 984,04 ;0,194623656;0,276830269;0,3059;0,2;0,5967078
S29;Food;2023-10; 61 368,30 ;0,094061584;0,246462108;0,3059;0,2;0,54919923
S29;Food;2023-11; 30 380,04 ;0,012316716;0,246462108;0,3059;0,2;0,48557661
S29;Machinery;2023-02; 18 068,77 ;0,41214565;0,242806248;0,3137;0,3;0,23814873
S29;Machinery;2023-03; 44 208,19 ;0,134701857;0,242806248;0,3137;0,3;0,36814859
S29;Machinery;2023-04; 46 391,98 ;0,031964809;0,265248113;0,3137;0,3;0,28337446
S29;Machinery;2023-05; 10 975,98 ;0,16001955;0,265248113;0,3137;0,3;0,30178102
S29;Machinery;2023-09; 22 990,10 ;0,22370479;0,276830269;0,3137;0,3;0,5967078
S29;Machinery;2023-12; 39 733,46 ;0,084261975;0,246462108;0,3137;0,3;0,52459195
S29;Pharma;2023-01; 27 317,17 ;0,552028348;0,242806248;0,2519;0,3;0,21163815
S29;Pharma;2023-02; 38 070,76 ;0,553323558;0,242806248;0,2519;0,3;0,23814873
S29;Pharma;2023-03; 22 554,31 ;0,151246334;0,242806248;0,2519;0,3;0,36814859
S29;Pharma;2023-04; 24 410,47 ;0,006451613;0,265248113;0,2519;0,3;0,28337446
S29;Pharma;2023-12; 24 926,54 ;0,52950391;0,246462108;0,2519;0,3;0,52459195
S29;Textiles;2023-01; 37 075,70 ;0,359349951;0,242806248;0,348;0,2;0,21163815
S29;Textiles;2023-03; 39 366,88 ;0,511485826;0,242806248;0,348;0,2;0,36814859
S29;Textiles;2023-08; 125 287,23 ;0,325781962;0,276830269;0,348;0,2;0,52340736
S29;Textiles;2023-10; 38 233,98 ;0,502443793;0,246462108;0,348;0,2;0,54919923
S3;Electronics;2023-01; 42 904,16 ;0,153396872;0,278012908;0,6628;0,3;0,49695702
S3;Electronics;2023-03; 45 146,04 ;0,229667644;0,278012908;0,6628;0,3;0,48516614
S3;Electronics;2023-06; 15 685,44 ;0,208553275;0,266498817;0,6628;0,3;0,35446782
S3;Electronics;2023-07; 36 489,31 ;0,105913978;0,266355599;0,6628;0,3;0,5627309
S3;Electronics;2023-08; 37 543,61 ;0,65554741;0,266355599;0,6628;0,3;0,64148829
S3;Electronics;2023-09; 18 601,20 ;0,147214076;0,266355599;0,6628;0,3;0,53566328
S3;Electronics;2023-10; 33 039,00 ;0,489076246;0,28255702;0,6628;0,3;0,67873961
S3;Food;2023-01; 13 349,03 ;0,061388074;0,278012908;0,6488;0,2;0,49695702
S3;Food;2023-02; 3 767,49 ;0,068572825;0,278012908;0,6488;0,2;0,43219389
S3;Food;2023-03; 44 205,84 ;0,099242424;0,278012908;0,6488;0,2;0,48516614
S3;Food;2023-05; 3 751,90 ;0,180791789;0,266498817;0,6488;0,2;0,3890917
S3;Food;2023-07; 89 091,23 ;0,373238025;0,266355599;0,6488;0,2;0,5627309
S3;Machinery;2023-02; 41 509,23 ;0,160752688;0,278012908;0,743;0,4;0,43219389
S3;Machinery;2023-03; 40 454,20 ;0,050342131;0,278012908;0,743;0,4;0,48516614
S3;Machinery;2023-08; 31 320,21 ;0,074682307;0,266355599;0,743;0,4;0,64148829
S3;Machinery;2023-10; 26 858,95 ;0,508235582;0,28255702;0,743;0,4;0,67873961
S3;Pharma;2023-03; 27 185,18 ;0,152492669;0,278012908;0,6013;0,3;0,48516614
S3;Pharma;2023-04; 20 192,91 ;0,081476051;0,266498817;0,6013;0,3;0,36314411
S3;Pharma;2023-07; 21 715,48 ;0,514606549;0,266355599;0,6013;0,3;0,5627309
S3;Pharma;2023-10; 55 041,23 ;0,140591398;0,28255702;0,6013;0,3;0,67873961
S3;Pharma;2023-11; 10 151,27 ;0,596529814;0,28255702;0,6013;0,3;0,54955598
S3;Textiles;2023-01; 15 253,58 ;0,522458456;0,278012908;0,7113;0,4;0,49695702
S3;Textiles;2023-03; 64 786,34 ;0,287558651;0,278012908;0,7113;0,4;0,48516614
S3;Textiles;2023-04; 21 455,09 ;0,573558162;0,266498817;0,7113;0,4;0,36314411
S3;Textiles;2023-06; 88 133,99 ;0,135434995;0,266498817;0,7113;0,4;0,35446782
S30;Electronics;2023-01; 45 438,01 ;0,149657869;0,436511948;0,4725;0,5;0,20624843
S30;Electronics;2023-04; 46 460,21 ;0,436065494;0,436633398;0,4725;0,5;0,47128027
S30;Electronics;2023-06; 167 037,21 ;0,35541733;0,436633398;0,4725;0,5;0,41233626
S30;Electronics;2023-08; 947,40 ;0,204740958;0,447998774;0,4725;0,5;0,62832864
S30;Electronics;2023-09; 5 574,54 ;0,090811339;0,447998774;0,4725;0,5;0,39009953
S30;Electronics;2023-10; 39 128,62 ;0,736974585;0,447110986;0,4725;0,5;0,56951902
S30;Food;2023-01; 25 228,51 ;0,156955034;0,436511948;0,4348;0,4;0,20624843
S30;Food;2023-02; 18 249,63 ;0,552028348;0,436511948;0,4348;0,4;0,42650459
S30;Food;2023-10; 49 743,56 ;0,067302053;0,447110986;0,4348;0,4;0,56951902
S30;Food;2023-11; 2 973,96 ;0,523826979;0,447110986;0,4348;0,4;0,71857197
S30;Machinery;2023-07; 25 128,22 ;0,100244379;0,447998774;0,5268;0,7;0,66446907
S30;Machinery;2023-10; 6 829,41 ;0,547336266;0,447110986;0,5268;0,7;0,56951902
S30;Machinery;2023-12; 5 543,67 ;0,143059629;0,447110986;0,5268;0,7;0,82499133
S30;Pharma;2023-04; 31 173,01 ;0,308804985;0,436633398;0,4306;0,6;0,47128027
S30;Pharma;2023-09; 41 197,90 ;0,648411535;0,447998774;0,4306;0,6;0,39009953
S30;Pharma;2023-11; 33 863,99 ;0,225024438;0,447110986;0,4306;0,6;0,71857197
S30;Textiles;2023-02; 38 162,14 ;0,069012708;0,436511948;0,4987;0,6;0,42650459
S30;Textiles;2023-03; 500,58 ;0,094916911;0,436511948;0,4987;0,6;0,27292397
S30;Textiles;2023-09; 69 531,74 ;0,150415445;0,447998774;0,4987;0,6;0,39009953
S4;Electronics;2023-04; 37 241,53 ;0,147067449;0,37586851;0,375;0;0,56031868
S4;Electronics;2023-05; 102 037,43 ;0,448093633;0,37586851;0,375;0;0,60615315
S4;Electronics;2023-07; 20 975,31 ;0,175855327;0,359490047;0,375;0;0,60629882
S4;Electronics;2023-08; 34 038,34 ;0,564833822;0,359490047;0,375;0;0,47062806
S4;Electronics;2023-09; 47 113,75 ;0,554423265;0,359490047;0,375;0;0,45950501
S4;Electronics;2023-11; 26 714,70 ;0,134164223;0,403716494;0,375;0;0,53975639
S4;Electronics;2023-12; 86 043,16 ;0,593888074;0,403716494;0,375;0;0,51505165
S4;Food;2023-01; 47 085,48 ;0,14340176;0,390923721;0,4013;0;0,34574577
S4;Food;2023-04; 33 963,30 ;0,06969697;0,37586851;0,4013;0;0,56031868
S4;Food;2023-05; 12 456,07 ;0,158602151;0,37586851;0,4013;0;0,60615315
S4;Food;2023-08; 34 884,73 ;0,196529814;0,359490047;0,4013;0;0,47062806
S4;Food;2023-09; 87 239,14 ;0,205652493;0,359490047;0,4013;0;0,45950501
S4;Food;2023-10; 19 265,16 ;0,074242424;0,403716494;0,4013;0;0,42817427
S4;Food;2023-12; 44 978,75 ;0,659848485;0,403716494;0,4013;0;0,51505165
S4;Machinery;2023-01; 18 256,42 ;0,112414467;0,390923721;0,4145;0;0,34574577
S4;Machinery;2023-03; 43 934,77 ;0,031769306;0,390923721;0,4145;0;0,4592466
S4;Machinery;2023-04; 16 414,04 ;0,565371457;0,37586851;0,4145;0;0,56031868
S4;Machinery;2023-06; 20 853,98 ;0,200244379;0,37586851;0,4145;0;0,57250529
S4;Machinery;2023-08; 41 158,72 ;0,47299609;0,359490047;0,4145;0;0,47062806
S4;Machinery;2023-10; 10 164,41 ;0,19115347;0,403716494;0,4145;0;0,42817427
S4;Machinery;2023-11; 65 998,35 ;0,360971641;0,403716494;0,4145;0;0,53975639
S4;Pharma;2023-02; 8 487,46 ;0,083528837;0,390923721;0,3618;0;0,35011977
S4;Pharma;2023-03; 37 272,63 ;0,48714565;0,390923721;0,3618;0;0,4592466
S4;Pharma;2023-10; 84 831,77 ;0,280926171;0,403716494;0,3618;0;0,42817427
S4;Pharma;2023-11; 18 900,34 ;0,084652981;0,403716494;0,3618;0;0,53975639
S4;Pharma;2023-12; 33 290,48 ;0,163734115;0,403716494;0,3618;0;0,51505165
S4;Textiles;2023-01; 37 026,91 ;0,127639296;0,390923721;0,3882;0;0,34574577
S4;Textiles;2023-02; 37 289,80 ;0,203093842;0,390923721;0,3882;0;0,35011977
S4;Textiles;2023-03; 47 250,20 ;0,531207234;0,390923721;0,3882;0;0,4592466
S4;Textiles;2023-05; 69 583,99 ;0,440880346;0,37586851;0,3882;0;0,60615315
S5;Electronics;2023-05; 34 973,28 ;0,21402737;0,425746783;0,6628;1;0,3890917
S5;Electronics;2023-10; 21 425,07 ;0,055571848;0,43695802;0,6628;1;0,67873961
S5;Electronics;2023-12; 5 714,60 ;0,164418377;0,43695802;0,6628;1;0,60394445
S5;Food;2023-01; 42 030,37 ;0,464638319;0,474315257;0,6488;1;0,49695702
S5;Food;2023-03; 71 626,66 ;0,198914956;0,474315257;0,6488;1;0,48516614
S5;Food;2023-09; 17 096,31 ;0,57888563;0,453167237;0,6488;1;0,53566328
S5;Food;2023-10; 25 423,29 ;0,362104106;0,43695802;0,6488;1;0,67873961
S5;Food;2023-11; 12 825,93 ;0,504740958;0,43695802;0,6488;1;0,54955598
S5;Food;2023-12; 28 801,43 ;0,682600196;0,43695802;0,6488;1;0,60394445
S5;Machinery;2023-01; 15 937,26 ;0,490615836;0,474315257;0,743;1;0,49695702
S5;Machinery;2023-03; 12 794,62 ;0,185043988;0,474315257;0,743;1;0,48516614
S5;Machinery;2023-04; 10 839,69 ;0,127517107;0,425746783;0,743;1;0,36314411
S5;Machinery;2023-05; 24 512,19 ;0,56001955;0,425746783;0,743;1;0,3890917
S5;Machinery;2023-08; 75 358,21 ;0,087520365;0,453167237;0,743;1;0,64148829
S5;Pharma;2023-01; 39 063,80 ;0,165696481;0,474315257;0,6013;1;0,49695702
S5;Pharma;2023-02; 49 863,28 ;0,216006843;0,474315257;0,6013;1;0,43219389
S5;Pharma;2023-07; 22 112,40 ;0,203567937;0,453167237;0,6013;1;0,5627309
S5;Pharma;2023-08; 48 959,57 ;0,760948192;0,453167237;0,6013;1;0,64148829
S5;Pharma;2023-09; 22 742,81 ;0,00742913;0,453167237;0,6013;1;0,53566328
S5;Pharma;2023-12; 28 088,19 ;0,406476051;0,43695802;0,6013;1;0,60394445
S5;Textiles;2023-01; 11 432,21 ;0,709530792;0,474315257;0,7113;1;0,49695702
S5;Textiles;2023-04; 14 170,39 ;0,166226784;0,425746783;0,7113;1;0,36314411
S5;Textiles;2023-08; 9 802,06 ;0,093499511;0,453167237;0,7113;1;0,64148829
S5;Textiles;2023-09; 42 121,60 ;0,154863148;0,453167237;0,7113;1;0,53566328
S5;Textiles;2023-11; 31 030,79 ;0,192644184;0,43695802;0,7113;1;0,54955598
S5;Textiles;2023-12; 1 208,61 ;0,096383187;0,43695802;0,7113;1;0,60394445
S6;Electronics;2023-06; 42 762,35 ;0,46356305;0,616705744;0,375;0;0,57250529
S6;Electronics;2023-07; 18 341,13 ;0,215591398;0,556817901;0,375;0;0,60629882
S6;Electronics;2023-10; 25 267,79 ;0,558504399;0,559184682;0,375;0;0,42817427
S6;Electronics;2023-12; 26 781,42 ;0,144232649;0,559184682;0,375;0;0,51505165
S6;Food;2023-02; 27 015,00 ;0,455449658;0,52956518;0,4013;0;0,35011977
S6;Food;2023-03; 38 169,89 ;0,796383187;0,52956518;0,4013;0;0,4592466
S6;Food;2023-06; 28 388,07 ;0,20083089;0,616705744;0,4013;0;0,57250529
S6;Food;2023-11; 22 240,92 ;0,459017595;0,559184682;0,4013;0;0,53975639
S6;Machinery;2023-03; 5 222,26 ;0,094672532;0,52956518;0,4145;0;0,4592466
S6;Machinery;2023-04; 63 324,13 ;0,57521261;0,616705744;0,4145;0;0,56031868
S6;Machinery;2023-06; 27 668,50 ;0,185434995;0,616705744;0,4145;0;0,57250529
S6;Machinery;2023-08; 41 856,27 ;0,003128055;0,556817901;0,4145;0;0,47062806
S6;Machinery;2023-09; 13 792,42 ;0,103910068;0,556817901;0,4145;0;0,45950501
S6;Machinery;2023-10; 27 009,91 ;0,465249267;0,559184682;0,4145;0;0,42817427
S6;Machinery;2023-12; 26 367,54 ;0,560166178;0,559184682;0,4145;0;0,51505165
S6;Pharma;2023-02; 44 757,67 ;0,149657869;0,52956518;0,3618;0;0,35011977
S6;Pharma;2023-05; 70 197,49 ;0,204472141;0,616705744;0,3618;0;0,60615315
S6;Textiles;2023-02; 8 164,02 ;0,223753666;0,52956518;0,3882;0;0,35011977
S6;Textiles;2023-05; 43 405,13 ;0,199731183;0,616705744;0,3882;0;0,60615315
S6;Textiles;2023-06; 14 726,78 ;0,548435973;0,616705744;0,3882;0;0,57250529
S6;Textiles;2023-07; 48 227,74 ;0,358870968;0,556817901;0,3882;0;0,60629882
S6;Textiles;2023-10; 78 462,24 ;0,365896872;0,559184682;0,3882;0;0,42817427
S7;Electronics;2023-04; 35 097,97 ;0,19657869;0,563336381;0,375;0,2;0,56031868
S7;Electronics;2023-05; 70 765,64 ;0,116324536;0,563336381;0,375;0,2;0,60615315
S7;Electronics;2023-06; 16 601,89 ;0,194672532;0,563336381;0,375;0,2;0,57250529
S7;Electronics;2023-07; 23 010,83 ;0,665811339;0,62027982;0,375;0,2;0,60629882
S7;Electronics;2023-08; 39 828,52 ;0,794012708;0,62027982;0,375;0,2;0,47062806
S7;Electronics;2023-09; 76 332,01 ;0,343269795;0,62027982;0,375;0,2;0,45950501
S7;Electronics;2023-10; 56 242,62 ;0,731282991;0,604134938;0,375;0,2;0,42817427
S7;Electronics;2023-11; 57 054,87 ;0,135703812;0,604134938;0,375;0,2;0,53975639
S7;Food;2023-02; 8 502,74 ;0,003323558;0,577282704;0,4013;0,2;0,35011977
S7;Food;2023-05; 64 334,97 ;0,274772995;0,563336381;0,4013;0,2;0,60615315
S7;Food;2023-08; 34 429,47 ;0,175268817;0,62027982;0,4013;0,2;0,47062806
S7;Food;2023-10; 6 108,52 ;0,712463343;0,604134938;0,4013;0,2;0,42817427
S7;Machinery;2023-03; 75 367,14 ;0,360908544;0,577282704;0,4145;0,3;0,4592466
S7;Machinery;2023-04; 50 373,03 ;0,147140762;0,563336381;0,4145;0,3;0,56031868
S7;Machinery;2023-05; 40 638,49 ;0,52040567;0,563336381;0,4145;0,3;0,60615315
S7;Machinery;2023-06; 32 600,99 ;0,637072336;0,563336381;0,4145;0,3;0,57250529
S7;Machinery;2023-07; 40 940,21 ;0,168523949;0,62027982;0,4145;0,3;0,60629882
S7;Machinery;2023-08; 15 834,50 ;0,526026393;0,62027982;0,4145;0,3;0,47062806
S7;Machinery;2023-09; 31 375,28 ;0,722434018;0,62027982;0,4145;0,3;0,45950501
S7;Pharma;2023-03; 18 733,19 ;0,182160313;0,577282704;0,3618;0,3;0,4592466
S7;Pharma;2023-04; 35 583,90 ;0,177077224;0,563336381;0,3618;0,3;0,56031868
S7;Pharma;2023-06; 68 141,19 ;0,24588623;0,563336381;0,3618;0,3;0,57250529
S7;Pharma;2023-08; 19 926,68 ;0,598069404;0,62027982;0,3618;0,3;0,47062806
S7;Pharma;2023-11; 2 359,77 ;0,19799609;0,604134938;0,3618;0,3;0,53975639
S7;Pharma;2023-12; 598,61 ;0,546187683;0,604134938;0,3618;0,3;0,51505165
S7;Textiles;2023-03; 64 402,67 ;0,28363392;0,577282704;0,3882;0,2;0,4592466
S7;Textiles;2023-06; 20 552,58 ;0,125366569;0,563336381;0,3882;0,2;0,57250529
S7;Textiles;2023-10; 24 544,46 ;0,641461388;0,604134938;0,3882;0,2;0,42817427
S7;Textiles;2023-11; 20 673,38 ;0,281427175;0,604134938;0,3882;0,2;0,53975639
S8;Electronics;2023-05; 3 815,19 ;0,729227761;0,480192819;0,375;0;0,60615315
S8;Electronics;2023-10; 32 385,39 ;0,487952102;0,404017783;0,375;0;0,42817427
S8;Electronics;2023-11; 65 598,45 ;0,317521838;0,404017783;0,375;0;0,53975639
S8;Food;2023-06; 3 091,57 ;0,667986315;0,480192819;0,4013;0;0,57250529
S8;Food;2023-09; 26 304,15 ;0,187487781;0,432001937;0,4013;0;0,45950501
S8;Food;2023-10; 9 950,87 ;0,17888563;0,404017783;0,4013;0;0,42817427
S8;Food;2023-11; 12 644,94 ;0,052541544;0,404017783;0,4013;0;0,53975639
S8;Machinery;2023-06; 47 363,32 ;0,07971652;0,480192819;0,4145;0;0,57250529
S8;Machinery;2023-07; 5 577,11 ;0,11945259;0,432001937;0,4145;0;0,60629882
S8;Machinery;2023-08; 44 488,62 ;0,572507331;0,432001937;0,4145;0;0,47062806
S8;Machinery;2023-10; 46 346,61 ;0,207258065;0,404017783;0,4145;0;0,42817427
S8;Machinery;2023-11; 29 881,27 ;0,620210166;0,404017783;0,4145;0;0,53975639
S8;Pharma;2023-06; 12 924,57 ;0,120332356;0,480192819;0,3618;0;0,57250529
S8;Pharma;2023-07; 38 339,82 ;0,546407625;0,432001937;0,3618;0;0,60629882
S8;Pharma;2023-08; 15 083,66 ;0,194232649;0,432001937;0,3618;0;0,47062806
S8;Pharma;2023-09; 32 756,17 ;0,112072336;0,432001937;0,3618;0;0,45950501
S8;Pharma;2023-11; 1 667,95 ;0,240909091;0,404017783;0,3618;0;0,53975639
S8;Pharma;2023-12; 49 882,60 ;0,155767351;0,404017783;0,3618;0;0,51505165
S8;Textiles;2023-02; 15 117,42 ;0,188391984;0,453508864;0,3882;0;0,35011977
S8;Textiles;2023-03; 105 378,13 ;0,128233952;0,453508864;0,3882;0;0,4592466
S8;Textiles;2023-04; 948,18 ;0,139540567;0,480192819;0,3882;0;0,56031868
S8;Textiles;2023-07; 14 682,72 ;0,115151515;0,432001937;0,3882;0;0,60629882
S8;Textiles;2023-10; 30 057,28 ;0,169354839;0,404017783;0,3882;0;0,42817427
S9;Electronics;2023-07; 31 697,24 ;0,510606061;0,476916512;0,375;0,3;0,60629882
S9;Electronics;2023-09; 74 646,16 ;0,317690616;0,476916512;0,375;0,3;0,45950501
S9;Electronics;2023-12; 35 008,22 ;0,014662757;0,490899449;0,375;0,3;0,51505165
S9;Food;2023-02; 33 508,95 ;0,71827957;0,469622223;0,4013;0,2;0,35011977
S9;Food;2023-05; 64 743,27 ;0,518054741;0,530017158;0,4013;0,2;0,60615315
S9;Food;2023-06; 4 016,23 ;0,586803519;0,530017158;0,4013;0,2;0,57250529
S9;Food;2023-09; 30 165,45 ;0,104105572;0,476916512;0,4013;0,2;0,45950501
S9;Food;2023-10; 35 420,31 ;0,1021261;0,490899449;0,4013;0,2;0,42817427
S9;Machinery;2023-02; 52 822,30 ;0,12512219;0,469622223;0,4145;0,4;0,35011977
S9;Machinery;2023-03; 10 571,90 ;0,546358749;0,469622223;0,4145;0,4;0,4592466
S9;Machinery;2023-05; 29 396,75 ;0,646065494;0,530017158;0,4145;0,4;0,60615315
S9;Machinery;2023-09; 37 767,96 ;0,218098729;0,476916512;0,4145;0,4;0,45950501
S9;Machinery;2023-11; 33 097,76 ;0,124046921;0,490899449;0,4145;0,4;0,53975639
S9;Pharma;2023-04; 73 318,18 ;0,124845226;0,530017158;0,3618;0,3;0,56031868
S9;Pharma;2023-05; 29 959,02 ;0,114687195;0,530017158;0,3618;0,3;0,60615315
S9;Pharma;2023-06; 37 024,54 ;0,704056696;0,530017158;0,3618;0,3;0,57250529
S9;Textiles;2023-03; 45 097,56 ;0,197702835;0,469622223;0,3882;0,4;0,4592466
S9;Textiles;2023-04; 92 565,72 ;0,144232649;0,530017158;0,3882;0,4;0,56031868
S9;Textiles;2023-05; 129 855,23 ;0,608432167;0,530017158;0,3882;0,4;0,60615315
S9;Textiles;2023-06; 73 352,75 ;0,380872434;0,530017158;0,3882;0,4;0,57250529
S9;Textiles;2023-07; 23 354,95 ;0,137903226;0,476916512;0,3882;0,4;0,60629882
S9;Textiles;2023-08; 26 311,73 ;0,196334311;0,476916512;0,3882;0,4;0,47062806
S9;Textiles;2023-11; 2 427,43 ;0,167937439;0,490899449;0,3882;0,4;0,53975639
S9;Textiles;2023-12; 37 498,50 ;0,644550342;0,490899449;0,3882;0,4;0,51505165
SYN_0;Electronics;2023-02; 43 656,29 ;0,674120235;0,394473778;0,375;0,2;0,35011977
SYN_0;Electronics;2023-05; 103 997,30 ;0,44304151;0,40893703;0,375;0,2;0,60615315
SYN_0;Electronics;2023-07; 30 866,80 ;0,707478006;0,358594692;0,375;0,2;0,60629882
SYN_0;Electronics;2023-08; 4 762,08 ;0,168621701;0,358594692;0,375;0,2;0,47062806
SYN_0;Electronics;2023-10; 177 183,45 ;0,307126499;0,402645453;0,375;0,2;0,42817427
SYN_0;Food;2023-03; 78 036,56 ;0,562543988;0,394473778;0,4013;0,2;0,4592466
SYN_0;Food;2023-07; 96 967,49 ;0,176327794;0,358594692;0,4013;0,2;0,60629882
SYN_0;Food;2023-10; 40 011,22 ;0,202981427;0,402645453;0,4013;0,2;0,42817427
SYN_0;Machinery;2023-01; 71 906,43 ;0,191673998;0,394473778;0,4145;0,3;0,34574577
SYN_0;Machinery;2023-05; 77 607,19 ;0,289066471;0,40893703;0,4145;0,3;0,60615315
SYN_0;Machinery;2023-08; 13 141,27 ;0,270185728;0,358594692;0,4145;0,3;0,47062806
SYN_0;Pharma;2023-04; 29 507,55 ;0,385752688;0,40893703;0,3618;0,3;0,56031868
SYN_0;Pharma;2023-09; 21 994,41 ;0,187781036;0,358594692;0,3618;0,3;0,45950501
SYN_0;Textiles;2023-03; 141 822,71 ;0,163705578;0,394473778;0,3882;0,2;0,4592466
SYN_0;Textiles;2023-04; 25 348,84 ;0,355847996;0,40893703;0,3882;0,2;0,56031868
SYN_0;Textiles;2023-08; 44 083,33 ;0,160703812;0,358594692;0,3882;0,2;0,47062806
SYN_0;Textiles;2023-10; 81 629,37 ;0,351652004;0,402645453;0,3882;0,2;0,42817427
SYN_0;Textiles;2023-12; 62 708,84 ;0,162805474;0,402645453;0,3882;0,2;0,51505165
SYN_1;Electronics;2023-10; 32 591,15 ;0,065982405;0,375692583;0,2686;0,5;0,40597048
SYN_1;Electronics;2023-11; 33 342,62 ;0,301546921;0,375692583;0,2686;0,5;0,47747267
SYN_1;Food;2023-10; 9 018,82 ;0,604276637;0,375692583;0,2835;0,4;0,40597048
SYN_1;Machinery;2023-06; 140 184,42 ;0,403722451;0,348356181;0,2794;0,7;0,36560856
SYN_1;Machinery;2023-07; 11 586,93 ;0,349257087;0,366382713;0,2794;0,7;0,35450841
SYN_1;Machinery;2023-08; 132 817,77 ;0,238962151;0,366382713;0,2794;0,7;0,35387439
SYN_1;Machinery;2023-10; 46 658,18 ;0,181085044;0,375692583;0,2794;0,7;0,40597048
SYN_1;Machinery;2023-11; 29 949,14 ;0,598142717;0,375692583;0,2794;0,7;0,47747267
SYN_1;Pharma;2023-07; 38 076,39 ;0,121407625;0,366382713;0,2369;0,6;0,35450841
SYN_1;Pharma;2023-08; 15 071,65 ;0,519428152;0,366382713;0,2369;0,6;0,35387439
SYN_1;Textiles;2023-02; 61 220,61 ;0,163196481;0,325229657;0,3224;0,6;0,48219328
SYN_1;Textiles;2023-03; 180 593,19 ;0,204277797;0,325229657;0,3224;0,6;0,56877978
SYN_1;Textiles;2023-04; 1 386,01 ;0,13856305;0,348356181;0,3224;0,6;0,6236718
SYN_1;Textiles;2023-07; 28 853,26 ;0,143482405;0,366382713;0,3224;0,6;0,35450841
SYN_1;Textiles;2023-10; 114 073,90 ;0,411749455;0,375692583;0,3224;0,6;0,40597048
SYN_10;Electronics;2023-01; 91 759,26 ;0,364425709;0,212016928;0,2686;0,5;0,54072087
SYN_10;Electronics;2023-03; 42 445,87 ;0,132649071;0,212016928;0,2686;0,5;0,56877978
SYN_10;Electronics;2023-06; 49 633,36 ;0,632697947;0,235789135;0,2686;0,5;0,36560856
SYN_10;Electronics;2023-09; 6 112,33 ;0,581476051;0,23770791;0,2686;0,5;0,51013669
SYN_10;Food;2023-01; 48 330,96 ;0,532282502;0,212016928;0,2835;0,4;0,54072087
SYN_10;Food;2023-04; 15 270,97 ;0,075806452;0,235789135;0,2835;0,4;0,6236718
SYN_10;Food;2023-07; 179 145,66 ;0,222751711;0,23770791;0,2835;0,4;0,35450841
SYN_10;Food;2023-09; 48 793,60 ;0,008993157;0,23770791;0,2835;0,4;0,51013669
SYN_10;Food;2023-12; 21 634,59 ;0,216080156;0,232759791;0,2835;0,4;0,45762916
SYN_10;Machinery;2023-01; 114 024,41 ;0,350087977;0,212016928;0,2794;0,7;0,54072087
SYN_10;Machinery;2023-05; 10 980,39 ;0,116967253;0,235789135;0,2794;0,7;0,4550968
SYN_10;Machinery;2023-06; 37 385,30 ;0,029325513;0,235789135;0,2794;0,7;0,36560856
SYN_10;Machinery;2023-10; 47 423,39 ;0,188954057;0,232759791;0,2794;0,7;0,40597048
SYN_10;Machinery;2023-11; 17 524,41 ;0,562683284;0,232759791;0,2794;0,7;0,47747267
SYN_10;Machinery;2023-12; 36 182,58 ;0,108064516;0,232759791;0,2794;0,7;0,45762916
SYN_10;Textiles;2023-04; 83 555,63 ;0,319806862;0,235789135;0,3224;0,6;0,6236718
SYN_10;Textiles;2023-06; 28 703,86 ;0,483997204;0,235789135;0,3224;0,6;0,36560856
SYN_10;Textiles;2023-07; 48 283,02 ;0,085703812;0,23770791;0,3224;0,6;0,35450841
SYN_10;Textiles;2023-09; 24 477,34 ;0,172653959;0,23770791;0,3224;0,6;0,51013669
SYN_10;Textiles;2023-12; 3 330,91 ;0,116094819;0,232759791;0,3224;0,6;0,45762916
SYN_100;Electronics;2023-07; 31 157,08 ;0,688538612;0,466083613;0,6628;0,3;0,5627309
SYN_100;Food;2023-02; 64 785,75 ;0,480339687;0,551960127;0,6488;0,2;0,43219389
SYN_100;Food;2023-05; 116 955,88 ;0,790644164;0,505731068;0,6488;0,2;0,3890917
SYN_100;Food;2023-06; 8 513,42 ;0,285826002;0,505731068;0,6488;0,2;0,35446782
SYN_100;Food;2023-09; 29 096,98 ;0,155669599;0,466083613;0,6488;0,2;0,53566328
SYN_100;Machinery;2023-02; 13 780,36 ;0,179863148;0,551960127;0,743;0,4;0,43219389
SYN_100;Machinery;2023-03; 30 624,57 ;0,119729554;0,551960127;0,743;0,4;0,48516614
SYN_100;Machinery;2023-05; 87 896,40 ;0,398985748;0,505731068;0,743;0,4;0,3890917
SYN_100;Machinery;2023-09; 3 890,35 ;0,566300098;0,466083613;0,743;0,4;0,53566328
SYN_100;Machinery;2023-11; 33 742,11 ;0,500317693;0,509742034;0,743;0,4;0,54955598
SYN_100;Pharma;2023-04; 50 563,77 ;0,363803498;0,505731068;0,6013;0,3;0,36314411
SYN_100;Pharma;2023-05; 59 840,00 ;0,088807429;0,505731068;0,6013;0,3;0,3890917
SYN_100;Textiles;2023-03; 44 790,44 ;0,57240958;0,551960127;0,7113;0,4;0,48516614
SYN_100;Textiles;2023-04; 96 726,51 ;0,420811339;0,505731068;0,7113;0,4;0,36314411
SYN_100;Textiles;2023-05; 71 840,92 ;0,274625233;0,505731068;0,7113;0,4;0,3890917
SYN_100;Textiles;2023-06; 46 126,99 ;0,159775171;0,505731068;0,7113;0,4;0,35446782
SYN_100;Textiles;2023-07; 22 215,13 ;0,109775171;0,466083613;0,7113;0,4;0,5627309
SYN_100;Textiles;2023-11; 864,53 ;0,194305963;0,509742034;0,7113;0,4;0,54955598
SYN_100;Textiles;2023-12; 73 390,85 ;0,374843597;0,509742034;0,7113;0,4;0,60394445
SYN_101;Electronics;2023-02; 35 586,14 ;0,075219941;0,446772022;0,6628;1;0,43219389
SYN_101;Electronics;2023-05; 7 761,83 ;0,207575758;0,383798835;0,6628;1;0,3890917
SYN_101;Electronics;2023-07; 63 778,81 ;0,038954057;0,374714334;0,6628;1;0,5627309
SYN_101;Electronics;2023-08; 8 132,07 ;0,243548387;0,374714334;0,6628;1;0,64148829
SYN_101;Food;2023-04; 10 100,32 ;0,391226784;0,383798835;0,6488;1;0,36314411
SYN_101;Food;2023-10; 46 309,93 ;0,185498534;0,376599732;0,6488;1;0,67873961
SYN_101;Food;2023-12; 2 159,66 ;0,096529814;0,376599732;0,6488;1;0,60394445
SYN_101;Machinery;2023-01; 14 571,25 ;0,188954057;0,446772022;0,743;1;0,49695702
SYN_101;Machinery;2023-03; 106 604,14 ;0,333980912;0,446772022;0,743;1;0,48516614
SYN_101;Machinery;2023-04; 5 663,04 ;0,630865103;0,383798835;0,743;1;0,36314411
SYN_101;Machinery;2023-09; 64 873,82 ;0,355131965;0,374714334;0,743;1;0,53566328
SYN_101;Machinery;2023-10; 215 718,43 ;0,446244987;0,376599732;0,743;1;0,67873961
SYN_101;Machinery;2023-12; 13 854,51 ;0,246977028;0,376599732;0,743;1;0,60394445
SYN_101;Pharma;2023-01; 20 431,30 ;0,559423265;0,446772022;0,6013;1;0,49695702
SYN_101;Pharma;2023-03; 83 776,22 ;0,054740958;0,446772022;0,6013;1;0,48516614
SYN_101;Pharma;2023-08; 18 628,64 ;0,078983382;0,374714334;0,6013;1;0,64148829
SYN_101;Pharma;2023-09; 14 712,39 ;0,713269795;0,374714334;0,6013;1;0,53566328
SYN_101;Pharma;2023-12; 9 683,07 ;0,135173509;0,376599732;0,6013;1;0,60394445
SYN_101;Textiles;2023-03; 127 226,42 ;0,443262289;0,446772022;0,7113;1;0,48516614
SYN_102;Electronics;2023-01; 42 454,30 ;0,382272727;0,319270943;0,2686;0,3;0,54072087
SYN_102;Electronics;2023-03; 46 003,29 ;0,278103617;0,319270943;0,2686;0,3;0,56877978
SYN_102;Electronics;2023-07; 36 308,90 ;0,106891496;0,312809726;0,2686;0,3;0,35450841
SYN_102;Electronics;2023-08; 74 849,85 ;0,257558651;0,312809726;0,2686;0,3;0,35387439
SYN_102;Electronics;2023-09; 19 014,49 ;0,144672532;0,312809726;0,2686;0,3;0,51013669
SYN_102;Electronics;2023-10; 65 170,36 ;0,295591398;0,297559679;0,2686;0,3;0,40597048
SYN_102;Food;2023-01; 13 111,35 ;0,062952102;0,319270943;0,2835;0,2;0,54072087
SYN_102;Food;2023-02; 3 960,43 ;0,467497556;0,319270943;0,2835;0,2;0,48219328
SYN_102;Food;2023-03; 44 128,52 ;0,353753666;0,319270943;0,2835;0,2;0,56877978
SYN_102;Food;2023-07; 39 882,84 ;0,084066471;0,312809726;0,2835;0,2;0,35450841
SYN_102;Machinery;2023-02; 41 676,71 ;0,162414467;0,319270943;0,2794;0,4;0,48219328
SYN_102;Machinery;2023-03; 39 977,21 ;0,476319648;0,319270943;0,2794;0,4;0,56877978
SYN_102;Machinery;2023-08; 32 123,34 ;0,075366569;0,312809726;0,2794;0,4;0,35387439
SYN_102;Machinery;2023-10; 27 199,17 ;0,132649071;0,297559679;0,2794;0,4;0,40597048
SYN_102;Pharma;2023-03; 83 679,03 ;0,414381694;0,319270943;0,2369;0,3;0,56877978
SYN_102;Pharma;2023-04; 81 501,92 ;0,3449711;0,31410181;0,2369;0,3;0,6236718
SYN_102;Pharma;2023-07; 4 726,50 ;0,116177908;0,312809726;0,2369;0,3;0,35450841
SYN_102;Pharma;2023-10; 92 394,58 ;0,219904666;0,297559679;0,2369;0,3;0,40597048
SYN_102;Textiles;2023-01; 16 241,08 ;0,098142717;0,319270943;0,3224;0,4;0,54072087
SYN_102;Textiles;2023-03; 66 377,51 ;0,201999759;0,319270943;0,3224;0,4;0,56877978
SYN_102;Textiles;2023-06; 87 648,70 ;0,183675464;0,31410181;0,3224;0,4;0,36560856
SYN_103;Electronics;2023-04; 5 666,54 ;0,05400782;0,376978669;0,3459;1;0,52782476
SYN_103;Electronics;2023-05; 31 638,49 ;0,686852395;0,376978669;0,3459;1;0,45600805
SYN_103;Electronics;2023-06; 27 151,97 ;0,175464321;0,376978669;0,3459;1;0,3819541
SYN_103;Electronics;2023-08; 2 121,95 ;0,067790811;0,360576489;0,3459;1;0,55018295
SYN_103;Electronics;2023-09; 38 445,53 ;0,090273705;0,360576489;0,3459;1;0,50102256
SYN_103;Electronics;2023-10; 15 440,58 ;0,492204301;0,396837418;0,3459;1;0,56319988
SYN_103;Electronics;2023-12; 43 507,42 ;0,196334311;0,396837418;0,3459;1;0,47988117
SYN_103;Food;2023-07; 142 759,04 ;0,301213724;0,360576489;0,3553;1;0,52884454
SYN_103;Food;2023-09; 55 093,81 ;0,532207363;0,360576489;0,3553;1;0,50102256
SYN_103;Food;2023-11; 35 540,67 ;0,193572825;0,396837418;0,3553;1;0,55659583
SYN_103;Machinery;2023-02; 87 137,15 ;0,309165305;0,378858638;0,3827;1;0,35507206
SYN_103;Machinery;2023-05; 19 709,90 ;0,055474096;0,376978669;0,3827;1;0,45600805
SYN_103;Machinery;2023-06; 45 398,43 ;0,62547654;0,376978669;0,3827;1;0,3819541
SYN_103;Machinery;2023-08; 130 026,63 ;0,361331;0,360576489;0,3827;1;0,55018295
SYN_103;Pharma;2023-03; 14 072,37 ;0,062512219;0,378858638;0,3041;1;0,43545876
SYN_103;Pharma;2023-10; 21 522,03 ;0,186608016;0,396837418;0,3041;1;0,56319988
SYN_103;Pharma;2023-12; 19 674,96 ;0,448851417;0,396837418;0,3041;1;0,47988117
SYN_103;Textiles;2023-06; 194 366,83 ;0,221811933;0,376978669;0,404;1;0,3819541
SYN_103;Textiles;2023-10; 51 081,88 ;0,344925005;0,396837418;0,404;1;0,56319988
SYN_104;Electronics;2023-03; 143 370,42 ;0,142033236;0,417311586;0,2862;0,2;0,47604927
SYN_104;Electronics;2023-04; 38 874,49 ;0,536632454;0,410653354;0,2862;0,2;0,40007626
SYN_104;Electronics;2023-05; 53 162,46 ;0,492739492;0,410653354;0,2862;0,2;0,42262169
SYN_104;Electronics;2023-11; 26 783,81 ;0,564540567;0,430454334;0,2862;0,2;0,45256451
SYN_104;Food;2023-01; 42 258,36 ;0,106146113;0,417311586;0,2915;0,2;0,26917885
SYN_104;Food;2023-08; 13 139,37 ;0,088611926;0,483043116;0,2915;0,2;0,35693505
SYN_104;Machinery;2023-01; 98 214,50 ;0,479747194;0,417311586;0,2968;0,3;0,26917885
SYN_104;Machinery;2023-04; 117 043,27 ;0,390173976;0,410653354;0,2968;0,3;0,40007626
SYN_104;Machinery;2023-05; 31 227,04 ;0,534286413;0,410653354;0,2968;0,3;0,42262169
SYN_104;Pharma;2023-06; 94 790,63 ;0,33421257;0,410653354;0,2565;0,3;0,3516715
SYN_104;Pharma;2023-08; 30 144,65 ;0,282215404;0,483043116;0,2565;0,3;0,35693505
SYN_104;Textiles;2023-06; 9 818,96 ;0,597825024;0,410653354;0,3344;0,2;0,3516715
SYN_104;Textiles;2023-08; 28 680,35 ;0,060752688;0,483043116;0,3344;0,2;0,35693505
SYN_104;Textiles;2023-12; 9 571,66 ;0,005669599;0,430454334;0,3344;0,2;0,50061341
SYN_105;Electronics;2023-05; 36 621,14 ;0,196383187;0,407283549;0,375;0,2;0,60615315
SYN_105;Electronics;2023-09; 40 296,81 ;0,215200391;0,412093718;0,375;0,2;0,45950501
SYN_105;Electronics;2023-11; 22 552,11 ;0,653396872;0,377503599;0,375;0,2;0,53975639
SYN_105;Electronics;2023-12; 47 005,26 ;0,434855642;0,377503599;0,375;0,2;0,51505165
SYN_105;Food;2023-02; 24 868,10 ;0,189198436;0,410351607;0,4013;0,2;0,35011977
SYN_105;Food;2023-08; 31 622,84 ;0,752470674;0,412093718;0,4013;0,2;0,47062806
SYN_105;Food;2023-09; 29 923,13 ;0,115982405;0,412093718;0,4013;0,2;0,45950501
SYN_105;Machinery;2023-02; 24 565,73 ;0,202883675;0,410351607;0,4145;0,3;0,35011977
SYN_105;Machinery;2023-12; 43 639,32 ;0,029227761;0,377503599;0,4145;0,3;0,51505165
SYN_105;Pharma;2023-02; 31 763,40 ;0,231842568;0,410351607;0,3618;0,3;0,35011977
SYN_105;Pharma;2023-05; 83 752,73 ;0,352043011;0,407283549;0,3618;0,3;0,60615315
SYN_105;Pharma;2023-08; 21 611,38 ;0,177028348;0,412093718;0,3618;0,3;0,47062806
SYN_105;Pharma;2023-12; 195 891,32 ;0,180479013;0,377503599;0,3618;0,3;0,51505165
SYN_105;Textiles;2023-02; 17 107,48 ;0,634604106;0,410351607;0,3882;0,2;0,35011977
SYN_105;Textiles;2023-07; 36 430,55 ;0,240125526;0,412093718;0,3882;0,2;0,60629882
SYN_105;Textiles;2023-08; 15 523,62 ;0,244208211;0,412093718;0,3882;0,2;0,47062806
SYN_105;Textiles;2023-12; 10 855,10 ;0,338086432;0,377503599;0,3882;0,2;0,51505165
SYN_106;Electronics;2023-03; 95 433,38 ;0,18797654;0,353233593;0,6628;1;0,48516614
SYN_106;Electronics;2023-05; 86 431,40 ;0,263056504;0,334425428;0,6628;1;0,3890917
SYN_106;Electronics;2023-12; 58 688,11 ;0,201627566;0,348738346;0,6628;1;0,60394445
SYN_106;Food;2023-04; 127 813,33 ;0,179314376;0,334425428;0,6488;1;0,36314411
SYN_106;Food;2023-06; 18 047,13 ;0,347674298;0,334425428;0,6488;1;0,35446782
SYN_106;Machinery;2023-01; 4 579,91 ;0,544342594;0,353233593;0,743;1;0,49695702
SYN_106;Machinery;2023-04; 127 829,15 ;0,333562837;0,334425428;0,743;1;0,36314411
SYN_106;Machinery;2023-06; 17 519,87 ;0,012903226;0,334425428;0,743;1;0,35446782
SYN_106;Machinery;2023-09; 41 841,05 ;0,189701857;0,327578206;0,743;1;0,53566328
SYN_106;Machinery;2023-12; 11 332,33 ;0,209506354;0,348738346;0,743;1;0,60394445
SYN_106;Pharma;2023-01; 145 297,41 ;0,161029651;0,353233593;0,6013;1;0,49695702
SYN_106;Pharma;2023-12; 57 408,10 ;0,384088465;0,348738346;0,6013;1;0,60394445
SYN_106;Textiles;2023-07; 24 316,00 ;0,276219453;0,327578206;0,7113;1;0,5627309
SYN_106;Textiles;2023-12; 5 444,75 ;0,563343109;0,348738346;0,7113;1;0,60394445
SYN_107;Electronics;2023-01; 89 827,99 ;0,149902248;0,467829586;0,6628;0,3;0,49695702
SYN_107;Electronics;2023-04; 34 008,51 ;0,072189638;0,55066777;0,6628;0,3;0,36314411
SYN_107;Electronics;2023-06; 139 082,96 ;0,171359831;0,55066777;0,6628;0,3;0,35446782
SYN_107;Electronics;2023-08; 3 610,97 ;0,447427109;0,464064255;0,6628;0,3;0,64148829
SYN_107;Electronics;2023-09; 6 823,79 ;0,09315738;0,464064255;0,6628;0,3;0,53566328
SYN_107;Electronics;2023-10; 39 574,33 ;0,16285435;0,457508772;0,6628;0,3;0,67873961
SYN_107;Food;2023-01; 24 499,67 ;0,52733871;0,467829586;0,6488;0,2;0,49695702
SYN_107;Food;2023-02; 34 482,19 ;0,357077224;0,467829586;0,6488;0,2;0,43219389
SYN_107;Food;2023-10; 50 856,97 ;0,066422287;0,457508772;0,6488;0,2;0,67873961
SYN_107;Food;2023-11; 5 685,75 ;0,544022483;0,457508772;0,6488;0,2;0,54955598
SYN_107;Machinery;2023-10; 7 666,23 ;0,571945259;0,457508772;0,743;0,4;0,67873961
SYN_107;Machinery;2023-12; 22 081,22 ;0,21358857;0,457508772;0,743;0,4;0,60394445
SYN_107;Pharma;2023-04; 20 229,93 ;0,581915934;0,55066777;0,6013;0,3;0,36314411
SYN_107;Pharma;2023-09; 122 432,27 ;0,405587151;0,464064255;0,6013;0,3;0,53566328
SYN_107;Pharma;2023-11; 35 010,23 ;0,175415445;0,457508772;0,6013;0,3;0,54955598
SYN_107;Textiles;2023-02; 38 200,11 ;0,096554252;0,467829586;0,7113;0,4;0,43219389
SYN_107;Textiles;2023-09; 67 342,75 ;0,351783969;0,464064255;0,7113;0,4;0,53566328
SYN_108;Electronics;2023-03; 46 831,88 ;0,142521994;0,502417736;0,2686;0,5;0,56877978
SYN_108;Electronics;2023-05; 26 342,90 ;0,23797654;0,54855924;0,2686;0,5;0,4550968
SYN_108;Electronics;2023-10; 115 746,82 ;0,396542007;0,485007466;0,2686;0,5;0,40597048
SYN_108;Electronics;2023-11; 90 128,24 ;0,226900176;0,485007466;0,2686;0,5;0,47747267
SYN_108;Food;2023-01; 63 697,20 ;0,515360748;0,502417736;0,2835;0,4;0,54072087
SYN_108;Food;2023-08; 12 336,52 ;0,136754643;0,551849331;0,2835;0,4;0,35387439
SYN_108;Machinery;2023-01; 27 495,69 ;0,760828446;0,502417736;0,2794;0,7;0,54072087
SYN_108;Machinery;2023-03; 37 790,46 ;0,218311339;0,502417736;0,2794;0,7;0,56877978
SYN_108;Machinery;2023-04; 39 377,20 ;0,143695015;0,54855924;0,2794;0,7;0,6236718
SYN_108;Machinery;2023-05; 53 227,41 ;0,277964321;0,54855924;0,2794;0,7;0,4550968
SYN_108;Machinery;2023-11; 69 376,29 ;0,413773216;0,485007466;0,2794;0,7;0,47747267
SYN_108;Pharma;2023-06; 27 173,10 ;0,391322092;0,54855924;0,2369;0,6;0,36560856
SYN_108;Pharma;2023-08; 5 935,84 ;0,066568915;0,551849331;0,2369;0,6;0,35387439
SYN_108;Textiles;2023-05; 19 411,87 ;0,171603128;0,54855924;0,3224;0,6;0,4550968
SYN_108;Textiles;2023-06; 39 760,81 ;0,43686347;0,54855924;0,3224;0,6;0,36560856
SYN_108;Textiles;2023-07; 38 348,86 ;0,097482893;0,551849331;0,3224;0,6;0,35450841
SYN_108;Textiles;2023-08; 15 673,90 ;0,059384164;0,551849331;0,3224;0,6;0,35387439
SYN_108;Textiles;2023-12; 8 598,95 ;0,004203324;0,485007466;0,3224;0,6;0,45762916
SYN_109;Electronics;2023-01; 85 930,74 ;0,305148231;0,452006767;0,375;0,2;0,34574577
SYN_109;Electronics;2023-02; 35 983,35 ;0,180987292;0,452006767;0,375;0,2;0,35011977
SYN_109;Electronics;2023-03; 84 390,75 ;0,09297654;0,452006767;0,375;0,2;0,4592466
SYN_109;Electronics;2023-05; 42 306,97 ;0,404814272;0,539776275;0,375;0,2;0,60615315
SYN_109;Food;2023-02; 48 920,31 ;0,075855327;0,452006767;0,4013;0,2;0,35011977
SYN_109;Food;2023-08; 6 182,83 ;0,023753666;0,48588765;0,4013;0,2;0,47062806
SYN_109;Food;2023-10; 16 430,33 ;0,62040567;0,469656795;0,4013;0,2;0,42817427
SYN_109;Food;2023-11; 29 363,04 ;0,442871457;0,469656795;0,4013;0,2;0,53975639
SYN_109;Machinery;2023-04; 33 361,61 ;0,057624633;0,539776275;0,4145;0,3;0,56031868
SYN_109;Machinery;2023-05; 15 870,42 ;0,157575758;0,539776275;0,4145;0,3;0,60615315
SYN_109;Machinery;2023-08; 24 572,87 ;0,762316716;0,48588765;0,4145;0,3;0,47062806
SYN_109;Machinery;2023-09; 52 517,91 ;0,27710161;0,48588765;0,4145;0,3;0,45950501
SYN_109;Machinery;2023-11; 53 888,31 ;0,363194037;0,469656795;0,4145;0,3;0,53975639
SYN_109;Pharma;2023-03; 12 838,31 ;0,113831867;0,452006767;0,3618;0,3;0,4592466
SYN_109;Pharma;2023-04; 49 025,37 ;0,504613881;0,539776275;0,3618;0,3;0,56031868
SYN_109;Pharma;2023-05; 9 754,60 ;0,225764907;0,539776275;0,3618;0,3;0,60615315
SYN_109;Pharma;2023-11; 47 086,22 ;0,207282502;0,469656795;0,3618;0,3;0,53975639
SYN_109;Textiles;2023-05; 1 891,24 ;0,516788856;0,539776275;0,3882;0,2;0,60615315
SYN_109;Textiles;2023-06; 36 996,70 ;0,459349951;0,539776275;0,3882;0,2;0,57250529
SYN_109;Textiles;2023-08; 44 945,61 ;0,20684262;0,48588765;0,3882;0,2;0,47062806
SYN_109;Textiles;2023-10; 9 419,75 ;0,508675464;0,469656795;0,3882;0,2;0,42817427
SYN_109;Textiles;2023-11; 58 211,16 ;0,430129521;0,469656795;0,3882;0,2;0,53975639
SYN_11;Electronics;2023-01; 26 693,81 ;0,127272727;0,354151046;0,375;0;0,34574577
SYN_11;Food;2023-01; 8 892,31 ;0,586681329;0,354151046;0,4013;0;0,34574577
SYN_11;Food;2023-04; 50 173,48 ;0,063880743;0,318851847;0,4013;0;0,56031868
SYN_11;Food;2023-09; 45 652,78 ;0,152533372;0,318883498;0,4013;0;0,45950501
SYN_11;Food;2023-12; 24 494,42 ;0,444843597;0,316058786;0,4013;0;0,51505165
SYN_11;Machinery;2023-05; 13 512,39 ;0,472776149;0,318851847;0,4145;0;0,60615315
SYN_11;Machinery;2023-07; 50 218,22 ;0,255628055;0,318883498;0,4145;0;0,60629882
SYN_11;Machinery;2023-08; 1 462,48 ;0,04056696;0,318883498;0,4145;0;0,47062806
SYN_11;Machinery;2023-11; 16 698,44 ;0,380538275;0,316058786;0,4145;0;0,53975639
SYN_11;Machinery;2023-12; 26 368,59 ;0,074389052;0,316058786;0,4145;0;0,51505165
SYN_11;Pharma;2023-05; 107 731,79 ;0,437226121;0,318851847;0,3618;0;0,60615315
SYN_11;Pharma;2023-07; 58 307,11 ;0,521960562;0,318883498;0,3618;0;0,60629882
SYN_11;Pharma;2023-08; 35 887,39 ;0,131001955;0,318883498;0,3618;0;0,47062806
SYN_11;Pharma;2023-09; 188 249,98 ;0,256788643;0,318883498;0,3618;0;0,45950501
SYN_11;Pharma;2023-11; 65 747,62 ;0,303484848;0,316058786;0,3618;0;0,53975639
SYN_11;Textiles;2023-09; 10 183,72 ;0,570723363;0,318883498;0,3882;0;0,45950501
SYN_11;Textiles;2023-11; 26 842,95 ;0,090273705;0,316058786;0,3882;0;0,53975639
SYN_110;Electronics;2023-01; 26 879,66 ;0,565867448;0,590887845;0,375;0,2;0,34574577
SYN_110;Electronics;2023-02; 15 859,38 ;0,439364614;0,590887845;0,375;0,2;0,35011977
SYN_110;Electronics;2023-03; 1 932,96 ;0,236705767;0,590887845;0,375;0,2;0,4592466
SYN_110;Electronics;2023-10; 43 404,69 ;0,188856305;0,573626287;0,375;0,2;0,42817427
SYN_110;Food;2023-01; 49 650,96 ;0,550415445;0,590887845;0,4013;0,2;0,34574577
SYN_110;Food;2023-02; 97 079,08 ;0,380495081;0,590887845;0,4013;0,2;0,35011977
SYN_110;Food;2023-03; 40 927,54 ;0,072091887;0,590887845;0,4013;0,2;0,4592466
SYN_110;Food;2023-12; 47 703,25 ;0,01886608;0,573626287;0,4013;0,2;0,51505165
SYN_110;Machinery;2023-01; 22 582,98 ;0,11969697;0,590887845;0,4145;0,3;0,34574577
SYN_110;Machinery;2023-02; 56 890,92 ;0,502724751;0,590887845;0,4145;0,3;0,35011977
SYN_110;Machinery;2023-06; 39 830,16 ;0,320004888;0,560674887;0,4145;0,3;0,57250529
SYN_110;Machinery;2023-08; 46 458,54 ;0,177431574;0,659679309;0,4145;0,3;0,47062806
SYN_110;Machinery;2023-10; 21 778,35 ;0,26923998;0,573626287;0,4145;0,3;0,42817427
SYN_110;Pharma;2023-01; 15 026,75 ;0,406717986;0,590887845;0,3618;0,3;0,34574577
SYN_110;Pharma;2023-02; 29 280,71 ;0,761681329;0,590887845;0,3618;0,3;0,35011977
SYN_110;Pharma;2023-04; 31 963,26 ;0,377932551;0,560674887;0,3618;0,3;0,56031868
SYN_110;Textiles;2023-01; 39 467,02 ;0,12983871;0,590887845;0,3882;0,2;0,34574577
SYN_110;Textiles;2023-05; 1 205,86 ;0,477101662;0,560674887;0,3882;0,2;0,60615315
SYN_110;Textiles;2023-10; 13 304,31 ;0,517204301;0,573626287;0,3882;0,2;0,42817427
SYN_111;Electronics;2023-03; 20 762,26 ;0,169794721;0,320105828;0,2907;0;0,36814859
SYN_111;Electronics;2023-04; 55 020,85 ;0,40083089;0,336586714;0,2907;0;0,28337446
SYN_111;Electronics;2023-05; 827,26 ;0,554521017;0,336586714;0,2907;0;0,30178102
SYN_111;Electronics;2023-06; 58 850,26 ;0,132111437;0,336586714;0,2907;0;0,35147487
SYN_111;Electronics;2023-12; 73 223,43 ;0,235964014;0,334243439;0,2907;0;0,52459195
SYN_111;Food;2023-06; 114 916,50 ;0,247218123;0,336586714;0,3059;0;0,35147487
SYN_111;Food;2023-08; 39 672,62 ;0,576564027;0,337760483;0,3059;0;0,52340736
SYN_111;Machinery;2023-05; 171 951,71 ;0,189081193;0,336586714;0,3137;0;0,30178102
SYN_111;Machinery;2023-06; 10 730,62 ;0,458651026;0,336586714;0,3137;0;0,35147487
SYN_111;Machinery;2023-07; 365,44 ;0,193450635;0,337760483;0,3137;0;0,39839994
SYN_111;Machinery;2023-10; 38 902,56 ;0,128739003;0,334243439;0,3137;0;0,54919923
SYN_111;Pharma;2023-12; 28 561,26 ;0,427832356;0,334243439;0,2519;0;0,52459195
SYN_111;Textiles;2023-01; 32 685,14 ;0,023851417;0,320105828;0,348;0;0,21163815
SYN_111;Textiles;2023-03; 39 891,88 ;0,066666667;0,320105828;0,348;0;0,36814859
SYN_111;Textiles;2023-04; 3 040,66 ;0,077370479;0,336586714;0,348;0;0,28337446
SYN_111;Textiles;2023-06; 57 963,64 ;0,472742576;0,336586714;0,348;0;0,35147487
SYN_111;Textiles;2023-07; 65 978,19 ;0,60301564;0,337760483;0,348;0;0,39839994
SYN_111;Textiles;2023-09; 33 111,45 ;0,104887586;0,337760483;0,348;0;0,5967078
SYN_112;Electronics;2023-05; 69 478,84 ;0,443782991;0,335368786;0,6628;1;0,3890917
SYN_112;Electronics;2023-10; 20 144,80 ;0,430180841;0,346625017;0,6628;1;0,67873961
SYN_112;Food;2023-09; 17 688,78 ;0,181622678;0,373328889;0,6488;1;0,53566328
SYN_112;Food;2023-10; 265,09 ;0,736803519;0,346625017;0,6488;1;0,67873961
SYN_112;Food;2023-12; 59 405,48 ;0,15755132;0,346625017;0,6488;1;0,60394445
SYN_112;Machinery;2023-01; 46 625,41 ;0,36980395;0,327442655;0,743;1;0,49695702
SYN_112;Machinery;2023-03; 12 826,30 ;0,184457478;0,327442655;0,743;1;0,48516614
SYN_112;Machinery;2023-05; 48 566,49 ;0,216045943;0,335368786;0,743;1;0,3890917
SYN_112;Machinery;2023-08; 96 092,50 ;0,18181001;0,373328889;0,743;1;0,64148829
SYN_112;Pharma;2023-02; 149 012,68 ;0,190615836;0,327442655;0,6013;1;0,43219389
SYN_112;Pharma;2023-07; 21 281,23 ;0,202394917;0,373328889;0,6013;1;0,5627309
SYN_112;Pharma;2023-08; 98 931,22 ;0,18751955;0,373328889;0,6013;1;0,64148829
SYN_112;Pharma;2023-09; 45 961,92 ;0,437380254;0,373328889;0,6013;1;0,53566328
SYN_112;Pharma;2023-12; 27 825,21 ;0,456769306;0,346625017;0,6013;1;0,60394445
SYN_112;Textiles;2023-04; 14 520,85 ;0,165542522;0,335368786;0,7113;1;0,36314411
SYN_112;Textiles;2023-08; 9 261,72 ;0,568304008;0,373328889;0,7113;1;0,64148829
SYN_112;Textiles;2023-09; 75 041,67 ;0,313290134;0,373328889;0,7113;1;0,53566328
SYN_112;Textiles;2023-11; 63 569,26 ;0,370095308;0,346625017;0,7113;1;0,54955598
SYN_112;Textiles;2023-12; 2 261,07 ;0,097067449;0,346625017;0,7113;1;0,60394445
SYN_113;Electronics;2023-06; 63 166,89 ;0,152671065;0,259321894;0,375;1;0,57250529
SYN_113;Electronics;2023-09; 88 822,28 ;0,285979961;0,249204683;0,375;1;0,45950501
SYN_113;Electronics;2023-12; 47 575,08 ;0,272294721;0,245681256;0,375;1;0,51505165
SYN_113;Food;2023-06; 20 781,60 ;0,205131965;0,259321894;0,4013;1;0,57250529
SYN_113;Food;2023-10; 88 459,62 ;0,238660802;0,245681256;0,4013;1;0,42817427
SYN_113;Machinery;2023-05; 43 989,14 ;0,407388542;0,259321894;0,4145;1;0,60615315
SYN_113;Machinery;2023-06; 117 309,66 ;0,326160776;0,259321894;0,4145;1;0,57250529
SYN_113;Machinery;2023-07; 37 562,88 ;0,16568915;0,249204683;0,4145;1;0,60629882
SYN_113;Machinery;2023-09; 66 389,59 ;0,088856305;0,249204683;0,4145;1;0,45950501
SYN_113;Machinery;2023-10; 641,45 ;0,018181818;0,245681256;0,4145;1;0,42817427
SYN_113;Pharma;2023-03; 141 920,71 ;0,271069541;0,23813714;0,3618;1;0,4592466
SYN_113;Pharma;2023-08; 3 589,99 ;0,071358749;0,249204683;0,3618;1;0,47062806
SYN_113;Pharma;2023-11; 68 363,05 ;0,175757576;0,245681256;0,3618;1;0,53975639
SYN_113;Textiles;2023-01; 44 494,97 ;0,652297165;0,23813714;0,3882;1;0,34574577
SYN_113;Textiles;2023-02; 22 090,85 ;0,182355816;0,23813714;0,3882;1;0,35011977
SYN_113;Textiles;2023-04; 93 569,56 ;0,311119205;0,259321894;0,3882;1;0,56031868
SYN_113;Textiles;2023-08; 8 966,11 ;0,201515152;0,249204683;0,3882;1;0,47062806
SYN_113;Textiles;2023-12; 44 803,84 ;0,079227761;0,245681256;0,3882;1;0,51505165
SYN_114;Electronics;2023-01; 21 128,81 ;0,716766862;0,46564788;0,375;0;0,34574577
SYN_114;Electronics;2023-02; 49 242,09 ;0,508431085;0,46564788;0,375;0;0,35011977
SYN_114;Electronics;2023-06; 150 641,14 ;0,157438905;0,50411514;0,375;0;0,57250529
SYN_114;Electronics;2023-08; 2 044,57 ;0,234978006;0,449920802;0,375;0;0,47062806
SYN_114;Electronics;2023-09; 78 149,19 ;0,23333738;0,449920802;0,375;0;0,45950501
SYN_114;Electronics;2023-11; 22 469,59 ;0,286712925;0,488019172;0,375;0;0,53975639
SYN_114;Food;2023-05; 46 433,32 ;0,540327392;0,50411514;0,4013;0;0,60615315
SYN_114;Food;2023-09; 40 319,80 ;0,2271261;0,449920802;0,4013;0;0,45950501
SYN_114;Machinery;2023-03; 21 856,56 ;0,192033236;0,46564788;0,4145;0;0,4592466
SYN_114;Pharma;2023-01; 25 463,22 ;0,488721896;0,46564788;0,3618;0;0,34574577
SYN_114;Pharma;2023-04; 32 241,47 ;0,24599218;0,50411514;0,3618;0;0,56031868
SYN_114;Pharma;2023-09; 29 581,87 ;0,483919844;0,449920802;0,3618;0;0,45950501
SYN_114;Pharma;2023-10; 11 488,86 ;0,052688172;0,488019172;0,3618;0;0,42817427
SYN_114;Pharma;2023-12; 38 923,47 ;0,452883675;0,488019172;0,3618;0;0,51505165
SYN_114;Textiles;2023-04; 39 661,72 ;0,085679374;0,50411514;0,3882;0;0,56031868
SYN_114;Textiles;2023-05; 50 445,35 ;0,120039101;0,50411514;0,3882;0;0,60615315
SYN_114;Textiles;2023-06; 41 067,62 ;0,310455282;0,50411514;0,3882;0;0,57250529
SYN_114;Textiles;2023-08; 9 303,24 ;0,42190842;0,449920802;0,3882;0;0,47062806
SYN_115;Electronics;2023-02; 32 077,27 ;0,10459433;0,335942549;0,288;0,3;0,22408182
SYN_115;Electronics;2023-03; 32 327,51 ;0,161859726;0,335942549;0,288;0,3;0,31209306
SYN_115;Electronics;2023-05; 14 205,67 ;0,101075269;0,383854751;0,288;0,3;0,49656506
SYN_115;Electronics;2023-06; 58 019,52 ;0,009335288;0,383854751;0,288;0,3;0,31698709
SYN_115;Food;2023-03; 79 537,75 ;0,127434018;0,335942549;0,2754;0,2;0,31209306
SYN_115;Food;2023-05; 40 855,90 ;0,321236559;0,383854751;0,2754;0,2;0,49656506
SYN_115;Food;2023-08; 56 504,77 ;0,073411535;0,328674653;0,2754;0,2;0,48615589
SYN_115;Food;2023-10; 63 039,85 ;0,308141077;0,358429366;0,2754;0,2;0,57175634
SYN_115;Food;2023-12; 30 121,44 ;0,096774194;0,358429366;0,2754;0,2;0,53225831
SYN_115;Machinery;2023-04; 35 197,70 ;0,413228652;0,383854751;0,3103;0,4;0,45041658
SYN_115;Machinery;2023-08; 35 676,54 ;0,418519694;0,328674653;0,3103;0,4;0,48615589
SYN_115;Pharma;2023-01; 53 843,52 ;0,179676872;0,335942549;0,2532;0,3;0,17915831
SYN_115;Textiles;2023-02; 12 613,61 ;0,501344086;0,335942549;0,3321;0,4;0,22408182
SYN_115;Textiles;2023-05; 17 299,07 ;0,749217986;0,383854751;0,3321;0,4;0,49656506
SYN_115;Textiles;2023-07; 14 129,94 ;0,1785435;0,328674653;0,3321;0,4;0,40293321
SYN_115;Textiles;2023-08; 45 831,93 ;0,039296188;0,328674653;0,3321;0,4;0,48615589
SYN_115;Textiles;2023-10; 99 661,87 ;0,177337895;0,358429366;0,3321;0,4;0,57175634
SYN_116;Electronics;2023-01; 106 471,50 ;0,504020777;0,710287047;0,375;0,2;0,34574577
SYN_116;Electronics;2023-02; 36 346,94 ;0,781280547;0,710287047;0,375;0,2;0,35011977
SYN_116;Electronics;2023-03; 84 748,65 ;0,296160802;0,710287047;0,375;0,2;0,4592466
SYN_116;Electronics;2023-11; 14 810,72 ;0,634017595;0,595663161;0,375;0,2;0,53975639
SYN_116;Food;2023-03; 3 649,21 ;0,189198436;0,710287047;0,4013;0,2;0,4592466
SYN_116;Food;2023-07; 53 017,74 ;0,443423754;0,685296847;0,4013;0,2;0,60629882
SYN_116;Food;2023-08; 6 290,25 ;0,077468231;0,685296847;0,4013;0,2;0,47062806
SYN_116;Food;2023-10; 30 839,91 ;0,681529814;0,595663161;0,4013;0,2;0,42817427
SYN_116;Food;2023-11; 14 692,78 ;0,419477028;0,595663161;0,4013;0,2;0,53975639
SYN_116;Machinery;2023-04; 97 819,84 ;0,233883109;0,622613083;0,4145;0,3;0,56031868
SYN_116;Machinery;2023-08; 24 662,97 ;0,16544477;0,685296847;0,4145;0,3;0,47062806
SYN_116;Machinery;2023-11; 53 143,15 ;0,364660313;0,595663161;0,4145;0,3;0,53975639
SYN_116;Pharma;2023-04; 25 451,22 ;0,164613881;0,622613083;0,3618;0,3;0,56031868
SYN_116;Pharma;2023-05; 7 944,21 ;0,201253666;0,622613083;0,3618;0,3;0,60615315
SYN_116;Pharma;2023-11; 48 135,06 ;0,232478006;0,595663161;0,3618;0,3;0,53975639
SYN_116;Textiles;2023-02; 87 497,61 ;0,113019433;0,710287047;0,3882;0,2;0,35011977
SYN_116;Textiles;2023-05; 1 862,45 ;0,53973607;0,622613083;0,3882;0,2;0,60615315
SYN_116;Textiles;2023-06; 38 169,12 ;0,434789834;0,622613083;0,3882;0,2;0,57250529
SYN_116;Textiles;2023-10; 18 357,77 ;0,554513685;0,595663161;0,3882;0,2;0,42817427
SYN_117;Electronics;2023-07; 64 463,70 ;0,110899316;0,484087015;0,288;0,5;0,40293321
SYN_117;Electronics;2023-09; 153 049,77 ;0,3704677;0,484087015;0,288;0,5;0,50830088
SYN_117;Food;2023-02; 33 731,62 ;0,19445259;0,504827842;0,2754;0,4;0,22408182
SYN_117;Food;2023-05; 39 334,25 ;0,619623656;0,467501658;0,2754;0,4;0,49656506
SYN_117;Food;2023-06; 2 652,01 ;0,636803519;0,467501658;0,2754;0,4;0,31698709
SYN_117;Food;2023-09; 29 265,79 ;0,154985337;0,484087015;0,2754;0,4;0,50830088
SYN_117;Food;2023-10; 35 876,52 ;0,103396872;0,482048834;0,2754;0,4;0,57175634
SYN_117;Machinery;2023-02; 52 027,74 ;0,125757576;0,504827842;0,3103;0,7;0,22408182
SYN_117;Machinery;2023-05; 89 302,15 ;0,521733412;0,467501658;0,3103;0,7;0,49656506
SYN_117;Machinery;2023-09; 34 897,34 ;0,131867058;0,484087015;0,3103;0,7;0,50830088
SYN_117;Machinery;2023-11; 65 289,08 ;0,354926686;0,482048834;0,3103;0,7;0,59073233
SYN_117;Pharma;2023-04; 96 380,98 ;0,497214076;0,467501658;0,2532;0,6;0,45041658
SYN_117;Pharma;2023-05; 30 321,98 ;0,089784946;0,467501658;0,2532;0,6;0,49656506
SYN_117;Pharma;2023-06; 36 573,50 ;0,103470186;0,467501658;0,2532;0,6;0,31698709
SYN_117;Textiles;2023-03; 90 677,62 ;0,756187683;0,504827842;0,3321;0,6;0,31209306
SYN_117;Textiles;2023-04; 45 883,90 ;0,192424242;0,467501658;0,3321;0,6;0,45041658
SYN_117;Textiles;2023-05; 223 707,79 ;0,336112799;0,467501658;0,3321;0,6;0,49656506
SYN_117;Textiles;2023-06; 47 094,72 ;0,157135875;0,467501658;0,3321;0,6;0,31698709
SYN_117;Textiles;2023-11; 5 173,16 ;0,614907136;0,482048834;0,3321;0,6;0,59073233
SYN_118;Electronics;2023-01; 44 291,63 ;0,162512219;0,423145414;0,2862;0;0,26917885
SYN_118;Electronics;2023-03; 105 967,28 ;0,430259169;0,423145414;0,2862;0;0,47604927
SYN_118;Electronics;2023-06; 100 643,10 ;0,235630499;0,416271603;0,2862;0;0,3516715
SYN_118;Electronics;2023-09; 14 650,34 ;0,204936461;0,383061378;0,2862;0;0,41456793
SYN_118;Food;2023-01; 96 298,65 ;0,605718475;0,423145414;0,2915;0;0,26917885
SYN_118;Food;2023-04; 7 867,20 ;0,349501466;0,416271603;0,2915;0;0,40007626
SYN_118;Food;2023-07; 44 541,68 ;0,226246334;0,383061378;0,2915;0;0,37775133
SYN_118;Food;2023-09; 137 822,26 ;0,073577032;0,383061378;0,2915;0;0,41456793
SYN_118;Food;2023-12; 21 263,34 ;0,215102639;0,395711722;0,2915;0;0,50061341
SYN_118;Machinery;2023-01; 81 994,53 ;0,130567748;0,423145414;0,2968;0;0,26917885
SYN_118;Machinery;2023-05; 30 509,07 ;0,56682776;0,416271603;0,2968;0;0,42262169
SYN_118;Machinery;2023-07; 40 190,24 ;0,605498534;0,383061378;0,2968;0;0,37775133
SYN_118;Machinery;2023-10; 47 811,35 ;0,184750733;0,395711722;0,2968;0;0,44253673
SYN_118;Machinery;2023-11; 16 580,35 ;0,091593353;0,395711722;0,2968;0;0,45256451
SYN_118;Machinery;2023-12; 107 370,49 ;0,108944282;0,395711722;0,2968;0;0,50061341
SYN_118;Textiles;2023-04; 4 582,01 ;0,54068915;0,416271603;0,3344;0;0,40007626
SYN_118;Textiles;2023-05; 7 232,85 ;0,610197947;0,416271603;0,3344;0;0,42262169
SYN_118;Textiles;2023-12; 1 603,34 ;0,060410557;0,395711722;0,3344;0;0,50061341
SYN_119;Electronics;2023-06; 20 258,60 ;0,522385142;0,368377549;0,375;0,3;0,57250529
SYN_119;Electronics;2023-09; 66 555,93 ;0,305261312;0,413454811;0,375;0,3;0,45950501
SYN_119;Electronics;2023-11; 50 333,74 ;0,172751659;0,401148728;0,375;0,3;0,53975639
SYN_119;Food;2023-02; 29 003,71 ;0,177077224;0,412573273;0,4013;0,2;0,35011977
SYN_119;Food;2023-03; 10 194,40 ;0,12311828;0,412573273;0,4013;0,2;0,4592466
SYN_119;Food;2023-04; 63 013,85 ;0,093238025;0,368377549;0,4013;0,2;0,56031868
SYN_119;Food;2023-05; 14 632,78 ;0,741080156;0,368377549;0,4013;0,2;0,60615315
SYN_119;Food;2023-09; 41 049,95 ;0,226832845;0,413454811;0,4013;0,2;0,45950501
SYN_119;Machinery;2023-02; 52 697,95 ;0,337998534;0,412573273;0,4145;0,4;0,35011977
SYN_119;Machinery;2023-03; 65 546,61 ;0,143792766;0,412573273;0,4145;0,4;0,4592466
SYN_119;Machinery;2023-11; 51 809,49 ;0,690312805;0,401148728;0,4145;0,4;0,53975639
SYN_119;Pharma;2023-01; 30 757,93 ;0,099608993;0,412573273;0,3618;0,3;0,34574577
SYN_119;Pharma;2023-09; 28 977,71 ;0,510777126;0,413454811;0,3618;0,3;0,45950501
SYN_119;Pharma;2023-12; 127 757,87 ;0,237508094;0,401148728;0,3618;0,3;0,51505165
SYN_119;Textiles;2023-01; 36 971,23 ;0,036950147;0,412573273;0,3882;0,4;0,34574577
SYN_119;Textiles;2023-03; 60 140,68 ;0,451341642;0,412573273;0,3882;0,4;0,4592466
SYN_119;Textiles;2023-05; 49 514,84 ;0,621994135;0,368377549;0,3882;0,4;0,60615315
SYN_119;Textiles;2023-06; 1 361,05 ;0,069354839;0,368377549;0,3882;0,4;0,57250529
SYN_119;Textiles;2023-09; 105 042,09 ;0,247283291;0,413454811;0,3882;0,4;0,45950501
SYN_119;Textiles;2023-11; 38 928,04 ;0,146432063;0,401148728;0,3882;0,4;0,53975639
SYN_12;Electronics;2023-02; 42 696,58 ;0,214743402;0,495075525;0,6628;0,3;0,43219389
SYN_12;Electronics;2023-07; 31 237,28 ;0,439296188;0,447810084;0,6628;0,3;0,5627309
SYN_12;Electronics;2023-08; 16 152,51 ;0,664386608;0,447810084;0,6628;0,3;0,64148829
SYN_12;Electronics;2023-09; 55 153,42 ;0,262337054;0,447810084;0,6628;0,3;0,53566328
SYN_12;Electronics;2023-10; 89 139,43 ;0,001906158;0,478931315;0,6628;0,3;0,67873961
SYN_12;Electronics;2023-11; 29 189,38 ;0,061241447;0,478931315;0,6628;0,3;0,54955598
SYN_12;Food;2023-04; 9 139,98 ;0,017204301;0,453471348;0,6488;0,2;0,36314411
SYN_12;Food;2023-10; 59 086,81 ;0,31748045;0,478931315;0,6488;0,2;0,67873961
SYN_12;Food;2023-11; 50 196,14 ;0,428778104;0,478931315;0,6488;0,2;0,54955598
SYN_12;Food;2023-12; 5 923,44 ;0,519403715;0,478931315;0,6488;0,2;0,60394445
SYN_12;Machinery;2023-01; 14 973,33 ;0,235630499;0,495075525;0,743;0,4;0,49695702
SYN_12;Machinery;2023-03; 70 522,48 ;0,697724829;0,495075525;0,743;0,4;0,48516614
SYN_12;Machinery;2023-04; 3 993,95 ;0,181353861;0,453471348;0,743;0,4;0,36314411
SYN_12;Machinery;2023-08; 39 929,89 ;0,180278592;0,447810084;0,743;0,4;0,64148829
SYN_12;Machinery;2023-09; 97 773,00 ;0,154284783;0,447810084;0,743;0,4;0,53566328
SYN_12;Machinery;2023-10; 70 603,08 ;0,277727273;0,478931315;0,743;0,4;0,67873961
SYN_12;Machinery;2023-12; 18 802,80 ;0,302360704;0,478931315;0,743;0,4;0,60394445
SYN_12;Pharma;2023-01; 17 222,54 ;0,372734604;0,495075525;0,6013;0,3;0,49695702
SYN_12;Pharma;2023-03; 43 322,13 ;0,429252199;0,495075525;0,6013;0,3;0,48516614
SYN_12;Pharma;2023-08; 3 915,77 ;0,098631476;0,447810084;0,6013;0,3;0,64148829
SYN_12;Pharma;2023-12; 632,89 ;0,585459433;0,478931315;0,6013;0,3;0,60394445
SYN_120;Electronics;2023-10; 64 327,96 ;0,117316716;0,53745424;0,375;0,3;0,42817427
SYN_120;Electronics;2023-11; 52 004,48 ;0,459794721;0,53745424;0,375;0,3;0,53975639
SYN_120;Food;2023-09; 54 071,77 ;0,187536657;0,579851101;0,4013;0,2;0,45950501
SYN_120;Food;2023-10; 21 836,08 ;0,380408113;0,53745424;0,4013;0,2;0,42817427
SYN_120;Food;2023-11; 13 040,93 ;0,051270772;0,53745424;0,4013;0,2;0,53975639
SYN_120;Machinery;2023-06; 93 948,96 ;0,08030303;0,587304618;0,4145;0,4;0,57250529
SYN_120;Machinery;2023-07; 12 259,21 ;0,347057674;0,579851101;0,4145;0,4;0,60629882
SYN_120;Machinery;2023-10; 47 293,79 ;0,208040078;0,53745424;0,4145;0,4;0,42817427
SYN_120;Machinery;2023-11; 59 210,52 ;0,669770283;0,53745424;0,4145;0,4;0,53975639
SYN_120;Pharma;2023-06; 35 155,57 ;0,293393561;0,587304618;0,3618;0,3;0,57250529
SYN_120;Pharma;2023-08; 14 906,85 ;0,168646139;0,579851101;0,3618;0,3;0,47062806
SYN_120;Pharma;2023-12; 99 104,14 ;0,556109482;0,53745424;0,3618;0,3;0,51505165
SYN_120;Textiles;2023-02; 43 347,38 ;0,613865689;0,62970475;0,3882;0,4;0,35011977
SYN_120;Textiles;2023-03; 216 990,16 ;0,382813624;0,62970475;0,3882;0,4;0,4592466
SYN_120;Textiles;2023-04; 706,95 ;0,140909091;0,587304618;0,3882;0,4;0,56031868
SYN_120;Textiles;2023-10; 47 212,70 ;0,604242424;0,53745424;0,3882;0,4;0,42817427
SYN_121;Electronics;2023-05; 37 319,30 ;0,144232649;0,543031654;0,288;0,3;0,49656506
SYN_121;Electronics;2023-06; 30 011,69 ;0,156158358;0,543031654;0,288;0,3;0,31698709
SYN_121;Electronics;2023-09; 39 877,69 ;0,615395894;0,450650861;0,288;0,3;0,50830088
SYN_121;Electronics;2023-12; 15 305,84 ;0,5492913;0,47786383;0,288;0,3;0,53225831
SYN_121;Food;2023-02; 39 084,91 ;0,217741935;0,458356462;0,2754;0,2;0,22408182
SYN_121;Food;2023-03; 93 951,37 ;0,376302542;0,458356462;0,2754;0,2;0,31209306
SYN_121;Food;2023-08; 14 868,71 ;0,562512219;0,450650861;0,2754;0,2;0,48615589
SYN_121;Food;2023-09; 74 503,21 ;0,417854917;0,450650861;0,2754;0,2;0,50830088
SYN_121;Machinery;2023-01; 42 033,97 ;0,648338221;0,458356462;0,3103;0,4;0,17915831
SYN_121;Machinery;2023-02; 25 312,48 ;0,603470186;0,458356462;0,3103;0,4;0,22408182
SYN_121;Machinery;2023-06; 15 330,18 ;0,258934506;0,543031654;0,3103;0,4;0,31698709
SYN_121;Machinery;2023-12; 45 308,40 ;0,028934506;0,47786383;0,3103;0,4;0,53225831
SYN_121;Pharma;2023-02; 10 284,63 ;0,675610948;0,458356462;0,2532;0,3;0,22408182
SYN_121;Pharma;2023-03; 18 494,71 ;0,056647116;0,458356462;0,2532;0,3;0,31209306
SYN_121;Pharma;2023-05; 122 971,72 ;0,43965408;0,543031654;0,2532;0,3;0,49656506
SYN_121;Pharma;2023-08; 10 930,71 ;0,602223851;0,450650861;0,2532;0,3;0,48615589
SYN_121;Pharma;2023-12; 68 231,34 ;0,607101662;0,47786383;0,2532;0,3;0,53225831
SYN_121;Textiles;2023-02; 2 030,65 ;0,24257087;0,458356462;0,3321;0,4;0,22408182
SYN_121;Textiles;2023-04; 26 291,19 ;0,056256109;0,543031654;0,3321;0,4;0,45041658
SYN_121;Textiles;2023-06; 18 888,42 ;0,195454545;0,543031654;0,3321;0,4;0,31698709
SYN_121;Textiles;2023-07; 17 009,69 ;0,087638456;0,450650861;0,3321;0,4;0,40293321
SYN_121;Textiles;2023-10; 81 961,35 ;0,342438905;0,47786383;0,3321;0,4;0,57175634
SYN_122;Electronics;2023-01; 32 999,73 ;0,191495601;0,228871764;0,3459;0;0,15566105
SYN_122;Electronics;2023-08; 31 685,71 ;0,024437928;0,242161472;0,3459;0;0,55018295
SYN_122;Electronics;2023-10; 32 467,13 ;0,174046921;0,237015818;0,3459;0;0,56319988
SYN_122;Electronics;2023-11; 73 854,36 ;0,496520039;0,237015818;0,3459;0;0,55659583
SYN_122;Food;2023-01; 23 155,69 ;0,076001955;0,228871764;0,3553;0;0,15566105
SYN_122;Food;2023-02; 146 957,00 ;0,092847833;0,228871764;0,3553;0;0,35507206
SYN_122;Food;2023-10; 51 683,46 ;0,381571359;0,237015818;0,3553;0;0,56319988
SYN_122;Food;2023-11; 18 220,64 ;0,614051808;0,237015818;0,3553;0;0,55659583
SYN_122;Machinery;2023-08; 11 272,96 ;0,515957967;0,242161472;0,3827;0;0,55018295
SYN_122;Machinery;2023-09; 7 323,99 ;0,392752807;0,242161472;0,3827;0;0,50102256
SYN_122;Pharma;2023-02; 50 725,82 ;0,113636364;0,228871764;0,3041;0;0,35507206
SYN_122;Pharma;2023-03; 34 799,22 ;0,109384164;0,228871764;0,3041;0;0,43545876
SYN_122;Pharma;2023-04; 62 864,55 ;0,107771261;0,253242939;0,3041;0;0,52782476
SYN_122;Pharma;2023-07; 108 662,23 ;0,43154023;0,242161472;0,3041;0;0,52884454
SYN_122;Pharma;2023-09; 95 550,13 ;0,247710166;0,242161472;0,3041;0;0,50102256
SYN_122;Pharma;2023-10; 36 863,32 ;0,110997067;0,237015818;0,3041;0;0,56319988
SYN_122;Textiles;2023-01; 38 593,93 ;0,135596285;0,228871764;0,404;0;0,15566105
SYN_122;Textiles;2023-03; 25 428,81 ;0,607111437;0,228871764;0,404;0;0,43545876
SYN_122;Textiles;2023-04; 86 517,45 ;0,395437439;0,253242939;0,404;0;0,52782476
SYN_122;Textiles;2023-05; 47 008,47 ;0,112218964;0,253242939;0,404;0;0,45600805
SYN_122;Textiles;2023-06; 44 328,76 ;0,533699902;0,253242939;0,404;0;0,3819541
SYN_122;Textiles;2023-10; 47 765,67 ;0,241691105;0,237015818;0,404;0;0,56319988
SYN_123;Electronics;2023-02; 47 054,76 ;0,248338221;0,249930979;0,6628;1;0,43219389
SYN_123;Electronics;2023-05; 79 682,49 ;0,120821114;0,278790316;0,6628;1;0,3890917
SYN_123;Electronics;2023-10; 162 924,70 ;0,46889361;0,282961457;0,6628;1;0,67873961
SYN_123;Food;2023-01; 46 442,17 ;0,055962854;0,249930979;0,6488;1;0,49695702
SYN_123;Food;2023-03; 116 062,41 ;0,135532747;0,249930979;0,6488;1;0,48516614
SYN_123;Food;2023-07; 32 042,65 ;0,553739003;0,250540021;0,6488;1;0,5627309
SYN_123;Food;2023-10; 80 895,29 ;0,404015152;0,282961457;0,6488;1;0,67873961
SYN_123;Machinery;2023-01; 71 416,94 ;0,529816716;0,249930979;0,743;1;0,49695702
SYN_123;Machinery;2023-05; 39 827,84 ;0,607209189;0,278790316;0,743;1;0,3890917
SYN_123;Machinery;2023-08; 38 786,63 ;0,418100254;0,250540021;0,743;1;0,64148829
SYN_123;Pharma;2023-04; 28 449,11 ;0,010166178;0,278790316;0,6013;1;0,36314411
SYN_123;Pharma;2023-09; 22 755,02 ;0,238856305;0,250540021;0,6013;1;0,53566328
SYN_123;Textiles;2023-04; 38 628,51 ;0,282025878;0,278790316;0,7113;1;0,36314411
SYN_123;Textiles;2023-09; 72 158,92 ;0,218084066;0,250540021;0,7113;1;0,53566328
SYN_123;Textiles;2023-10; 241 367,79 ;0,180785806;0,282961457;0,7113;1;0,67873961
SYN_123;Textiles;2023-12; 33 914,74 ;0,159921799;0,282961457;0,7113;1;0,60394445
SYN_124;Electronics;2023-03; 34 061,37 ;0,174682307;0,436934658;0,375;0,5;0,4592466
SYN_124;Electronics;2023-05; 34 117,40 ;0,202565982;0,416275281;0,375;0,5;0,60615315
SYN_124;Electronics;2023-06; 81 202,59 ;0,089833822;0,416275281;0,375;0,5;0,57250529
SYN_124;Food;2023-01; 56 492,97 ;0,615253371;0,436934658;0,4013;0,4;0,34574577
SYN_124;Food;2023-02; 190 497,10 ;0,391889052;0,436934658;0,4013;0,4;0,35011977
SYN_124;Food;2023-08; 109 889,24 ;0,207046217;0,418234916;0,4013;0,4;0,47062806
SYN_124;Food;2023-12; 53 250,50 ;0,021505376;0,459160023;0,4013;0,4;0,51505165
SYN_124;Machinery;2023-07; 34 806,92 ;0,613636364;0,418234916;0,4145;0,7;0,60629882
SYN_124;Machinery;2023-10; 25 474,64 ;0,138807429;0,459160023;0,4145;0,7;0,42817427
SYN_124;Pharma;2023-01; 62 141,44 ;0,367329921;0,436934658;0,3618;0,6;0,34574577
SYN_124;Pharma;2023-04; 64 257,69 ;0,230486289;0,416275281;0,3618;0,6;0,56031868
SYN_124;Pharma;2023-07; 17 625,78 ;0,125268817;0,418234916;0,3618;0,6;0,60629882
SYN_124;Pharma;2023-08; 3 267,15 ;0,38585044;0,418234916;0,3618;0,6;0,47062806
SYN_124;Pharma;2023-09; 43 956,11 ;0,083577713;0,418234916;0,3618;0,6;0,45950501
SYN_124;Pharma;2023-11; 41 750,79 ;0,533699902;0,459160023;0,3618;0,6;0,53975639
SYN_124;Textiles;2023-05; 82 288,09 ;0,141935484;0,416275281;0,3882;0,6;0,60615315
SYN_124;Textiles;2023-06; 36 209,72 ;0,683870968;0,416275281;0,3882;0,6;0,57250529
SYN_125;Electronics;2023-06; 85 399,31 ;0,59856305;0,584235009;0,6628;0,3;0,35446782
SYN_125;Electronics;2023-07; 18 928,51 ;0,21744868;0,52741284;0,6628;0,3;0,5627309
SYN_125;Food;2023-02; 81 925,29 ;0,471907902;0,558383653;0,6488;0,2;0,43219389
SYN_125;Food;2023-03; 77 635,44 ;0,615447214;0,558383653;0,6488;0,2;0,48516614
SYN_125;Food;2023-06; 29 402,63 ;0,601808407;0,584235009;0,6488;0,2;0,35446782
SYN_125;Food;2023-11; 22 392,06 ;0,031867058;0,554662308;0,6488;0,2;0,54955598
SYN_125;Machinery;2023-03; 9 884,00 ;0,045454545;0,558383653;0,743;0,4;0,48516614
SYN_125;Machinery;2023-04; 41 885,94 ;0,686686217;0,584235009;0,743;0,4;0,36314411
SYN_125;Machinery;2023-06; 55 247,47 ;0,803081623;0,584235009;0,743;0,4;0,35446782
SYN_125;Machinery;2023-08; 42 047,96 ;0,428910068;0,52741284;0,743;0,4;0,64148829
SYN_125;Machinery;2023-09; 27 066,34 ;0,334936461;0,52741284;0,743;0,4;0,53566328
SYN_125;Machinery;2023-10; 27 317,24 ;0,439076246;0,554662308;0,743;0,4;0,67873961
SYN_125;Machinery;2023-12; 26 771,20 ;0,007331378;0,554662308;0,743;0,4;0,60394445
SYN_125;Pharma;2023-05; 70 040,19 ;0,404618768;0,584235009;0,6013;0,3;0,3890917
SYN_125;Textiles;2023-02; 8 439,66 ;0,574144673;0,558383653;0,7113;0,4;0,43219389
SYN_125;Textiles;2023-05; 88 056,48 ;0,375667155;0,584235009;0,7113;0,4;0,3890917
SYN_125;Textiles;2023-07; 75 936,01 ;0,286328062;0,52741284;0,7113;0,4;0,5627309
SYN_125;Textiles;2023-10; 185 902,48 ;0,277613216;0,554662308;0,7113;0,4;0,67873961
SYN_126;Electronics;2023-04; 11 239,15 ;0,446808407;0,301206446;0,288;0,2;0,45041658
SYN_126;Electronics;2023-05; 99 606,92 ;0,136461388;0,301206446;0,288;0,2;0,49656506
SYN_126;Electronics;2023-06; 53 301,14 ;0,172678397;0,301206446;0,288;0,2;0,31698709
SYN_126;Electronics;2023-08; 389,84 ;0,066959922;0,282506397;0,288;0,2;0,48615589
SYN_126;Electronics;2023-09; 39 758,60 ;0,02170088;0,282506397;0,288;0,2;0,50830088
SYN_126;Electronics;2023-10; 46 776,34 ;0,160190564;0,301012304;0,288;0,2;0,57175634
SYN_126;Food;2023-06; 6 375,01 ;0,329934018;0,301206446;0,2754;0,2;0,31698709
SYN_126;Food;2023-07; 47 876,27 ;0,209286413;0,282506397;0,2754;0,2;0,40293321
SYN_126;Food;2023-09; 23 229,82 ;0,665811339;0,282506397;0,2754;0,2;0,50830088
SYN_126;Machinery;2023-02; 88 244,02 ;0,624319681;0,261775408;0,3103;0,3;0,22408182
SYN_126;Machinery;2023-03; 26 375,86 ;0,494379277;0,261775408;0,3103;0,3;0,31209306
SYN_126;Machinery;2023-06; 22 535,68 ;0,091202346;0,301206446;0,3103;0,3;0,31698709
SYN_126;Machinery;2023-08; 43 806,04 ;0,203763441;0,282506397;0,3103;0,3;0,48615589
SYN_126;Pharma;2023-01; 86 449,06 ;0,214139785;0,261775408;0,2532;0,3;0,17915831
SYN_126;Pharma;2023-07; 120 047,48 ;0,231091091;0,282506397;0,2532;0,3;0,40293321
SYN_126;Pharma;2023-12; 20 918,93 ;0,025610948;0,301012304;0,2532;0,3;0,53225831
SYN_126;Textiles;2023-06; 95 452,63 ;0,216715543;0,301206446;0,3321;0,2;0,31698709
SYN_126;Textiles;2023-07; 5 244,34 ;0,111143695;0,282506397;0,3321;0,2;0,40293321
SYN_126;Textiles;2023-10; 33 743,39 ;0,186705767;0,301012304;0,3321;0,2;0,57175634
SYN_127;Electronics;2023-01; 93 482,61 ;0,157575758;0,422884279;0,6628;0,2;0,49695702
SYN_127;Electronics;2023-02; 1 538,83 ;0,2239858;0,422884279;0,6628;0,2;0,43219389
SYN_127;Electronics;2023-08; 40 492,94 ;0,157917889;0,416321859;0,6628;0,2;0,64148829
SYN_127;Electronics;2023-09; 18 794,58 ;0,602443793;0,416321859;0,6628;0,2;0,53566328
SYN_127;Electronics;2023-11; 31 571,97 ;0,062512219;0,405190141;0,6628;0,2;0,54955598
SYN_127;Food;2023-02; 51 313,36 ;0,633502422;0,422884279;0,6488;0,2;0,43219389
SYN_127;Food;2023-08; 63 149,28 ;0,139956012;0,416321859;0,6488;0,2;0,64148829
SYN_127;Food;2023-09; 3 837,98 ;0,649022483;0,416321859;0,6488;0,2;0,53566328
SYN_127;Machinery;2023-01; 28 597,13 ;0,365596285;0,422884279;0,743;0,3;0,49695702
SYN_127;Machinery;2023-05; 78 588,12 ;0,621260997;0,368233297;0,743;0,3;0,3890917
SYN_127;Machinery;2023-07; 12 864,60 ;0,048973607;0,416321859;0,743;0,3;0,5627309
SYN_127;Machinery;2023-10; 26 502,06 ;0,081085044;0,405190141;0,743;0,3;0,67873961
SYN_127;Pharma;2023-06; 11 201,19 ;0,005180841;0,368233297;0,6013;0,3;0,35446782
SYN_127;Pharma;2023-07; 103 157,51 ;0,356651759;0,416321859;0,6013;0,3;0,5627309
SYN_127;Pharma;2023-09; 25 130,99 ;0,029227761;0,416321859;0,6013;0,3;0,53566328
SYN_127;Pharma;2023-12; 83 223,02 ;0,192778566;0,405190141;0,6013;0,3;0,60394445
SYN_127;Textiles;2023-02; 46 730,51 ;0,093792766;0,422884279;0,7113;0,2;0,43219389
SYN_127;Textiles;2023-04; 37 558,93 ;0,221065494;0,368233297;0,7113;0,2;0,36314411
SYN_127;Textiles;2023-10; 42 238,80 ;0,057233627;0,405190141;0,7113;0,2;0,67873961
SYN_128;Electronics;2023-03; 142 821,34 ;0,187357445;0,287022827;0,375;0,3;0,4592466
SYN_128;Electronics;2023-05; 42 085,76 ;0,18634653;0,296571612;0,375;0,3;0,60615315
SYN_128;Electronics;2023-10; 26 007,38 ;0,181182796;0,279959087;0,375;0,3;0,42817427
SYN_128;Electronics;2023-12; 59 541,41 ;0,148191593;0,279959087;0,375;0,3;0,51505165
SYN_128;Food;2023-03; 44 084,82 ;0,456588465;0,287022827;0,4013;0,2;0,4592466
SYN_128;Food;2023-04; 132 332,71 ;0,300480587;0,296571612;0,4013;0,2;0,56031868
SYN_128;Food;2023-06; 5 556,89 ;0,176539589;0,296571612;0,4013;0,2;0,57250529
SYN_128;Food;2023-08; 82 295,07 ;0,442284946;0,300415273;0,4013;0,2;0,47062806
SYN_128;Machinery;2023-01; 5 706,90 ;0,495186444;0,287022827;0,4145;0,4;0,34574577
SYN_128;Machinery;2023-04; 25 325,19 ;0,615786901;0,296571612;0,4145;0,4;0,56031868
SYN_128;Machinery;2023-06; 34 935,88 ;0,065215054;0,296571612;0,4145;0,4;0,57250529
SYN_128;Machinery;2023-12; 12 117,03 ;0,18655914;0,279959087;0,4145;0,4;0,51505165
SYN_128;Pharma;2023-01; 98 413,42 ;0,161632454;0,287022827;0,3618;0,3;0,34574577
SYN_128;Pharma;2023-12; 56 622,92 ;0,382614858;0,279959087;0,3618;0,3;0,51505165
SYN_128;Textiles;2023-04; 7 390,79 ;0,418594819;0,296571612;0,3882;0,4;0,56031868
SYN_128;Textiles;2023-05; 68 260,85 ;0,352597752;0,296571612;0,3882;0,4;0,60615315
SYN_128;Textiles;2023-07; 24 747,11 ;0,073230694;0,300415273;0,3882;0,4;0,60629882
SYN_129;Electronics;2023-01; 21 674,44 ;0,456532258;0,52525124;0,6628;0,5;0,49695702
SYN_129;Electronics;2023-02; 44 994,65 ;0,292496294;0,52525124;0,6628;0,5;0,43219389
SYN_129;Electronics;2023-03; 764,72 ;0,738954057;0,52525124;0,6628;0,5;0,48516614
SYN_129;Electronics;2023-10; 107 831,60 ;0,265690232;0,505568931;0,6628;0,5;0,67873961
SYN_129;Electronics;2023-12; 9 260,24 ;0,069892473;0,505568931;0,6628;0,5;0,60394445
SYN_129;Food;2023-01; 1 413,64 ;0,096089932;0,52525124;0,6488;0,4;0,49695702
SYN_129;Food;2023-09; 12 073,50 ;0,647500662;0,600094584;0,6488;0,4;0,53566328
SYN_129;Food;2023-11; 43 120,96 ;0,508968719;0,505568931;0,6488;0,4;0,54955598
SYN_129;Machinery;2023-02; 18 467,48 ;0,184701857;0,52525124;0,743;0,7;0,43219389
SYN_129;Machinery;2023-06; 9 584,17 ;0,179276637;0,590778198;0,743;0,7;0,35446782
SYN_129;Machinery;2023-08; 1 628,67 ;0,589393939;0,600094584;0,743;0,7;0,64148829
SYN_129;Machinery;2023-12; 100 037,89 ;0,153812317;0,505568931;0,743;0,7;0,60394445
SYN_129;Pharma;2023-01; 8 735,87 ;0,153274682;0,52525124;0,6013;0,6;0,49695702
SYN_129;Pharma;2023-02; 31 197,11 ;0,235606061;0,52525124;0,6013;0,6;0,43219389
SYN_129;Pharma;2023-06; 4 060,99 ;0,611388074;0,590778198;0,6013;0,6;0,35446782
SYN_129;Textiles;2023-01; 115 244,12 ;0,286330064;0,52525124;0,7113;0,6;0,49695702
SYN_129;Textiles;2023-05; 1 757,21 ;0,101075269;0,590778198;0,7113;0,6;0,3890917
SYN_129;Textiles;2023-09; 44 613,68 ;0,532209189;0,600094584;0,7113;0,6;0,53566328
SYN_129;Textiles;2023-10; 12 007,92 ;0,121617791;0,505568931;0,7113;0,6;0,67873961
SYN_13;Electronics;2023-07; 23 281,54 ;0,240420332;0,383656673;0,375;1;0,60629882
SYN_13;Electronics;2023-09; 106 348,51 ;0,294810961;0,383656673;0,375;1;0,45950501
SYN_13;Electronics;2023-10; 19 825,54 ;0,440469208;0,366184174;0,375;1;0,42817427
SYN_13;Electronics;2023-11; 57 172,92 ;0,135557185;0,366184174;0,375;1;0,53975639
SYN_13;Food;2023-02; 8 198,30 ;0,004789834;0,39686469;0,4013;1;0,35011977
SYN_13;Food;2023-05; 138 382,22 ;0,263975293;0,412453176;0,4013;1;0,60615315
SYN_13;Food;2023-08; 102 248,44 ;0,348883949;0,383656673;0,4013;1;0,47062806
SYN_13;Machinery;2023-03; 23 155,11 ;0,724682307;0,39686469;0,4145;1;0,4592466
SYN_13;Machinery;2023-04; 63 438,95 ;0,295409717;0,412453176;0,4145;1;0,56031868
SYN_13;Machinery;2023-08; 63 985,53 ;0,068102936;0,383656673;0,4145;1;0,47062806
SYN_13;Pharma;2023-06; 11 371,80 ;0,14173998;0,412453176;0,3618;1;0,57250529
SYN_13;Pharma;2023-08; 18 647,47 ;0,596309873;0,383656673;0,3618;1;0,47062806
SYN_13;Pharma;2023-12; 973,56 ;0,520307918;0,366184174;0,3618;1;0,51505165
SYN_13;Textiles;2023-06; 40 669,88 ;0,382231183;0,412453176;0,3882;1;0,57250529
SYN_13;Textiles;2023-10; 25 630,15 ;0,387006354;0,366184174;0,3882;1;0,42817427
SYN_13;Textiles;2023-11; 20 219,39 ;0,283773216;0,366184174;0,3882;1;0,53975639
SYN_130;Electronics;2023-05; 33 574,49 ;0,432717498;0,309859063;0,6628;1;0,3890917
SYN_130;Electronics;2023-06; 28 006,72 ;0,05542522;0,309859063;0,6628;1;0,35446782
SYN_130;Electronics;2023-07; 36 850,60 ;0,075024438;0,285336112;0,6628;1;0,5627309
SYN_130;Electronics;2023-08; 36 003,18 ;0,10200391;0,285336112;0,6628;1;0,64148829
SYN_130;Food;2023-04; 56 921,52 ;0,243636364;0,309859063;0,6488;1;0,36314411
SYN_130;Food;2023-06; 26 100,69 ;0,270698925;0,309859063;0,6488;1;0,35446782
SYN_130;Machinery;2023-04; 65 945,76 ;0,40721652;0,309859063;0,743;1;0,36314411
SYN_130;Pharma;2023-03; 28 492,04 ;0,093719453;0,276703498;0,6013;1;0,48516614
SYN_130;Pharma;2023-05; 87 424,94 ;0,54445891;0,309859063;0,6013;1;0,3890917
SYN_130;Pharma;2023-06; 155 977,30 ;0,235893747;0,309859063;0,6013;1;0,35446782
SYN_130;Pharma;2023-08; 5 376,46 ;0,090151515;0,285336112;0,6013;1;0,64148829
SYN_130;Pharma;2023-11; 161 685,84 ;0,287624633;0,282965858;0,6013;1;0,54955598
SYN_130;Pharma;2023-12; 55 379,79 ;0,231622678;0,282965858;0,6013;1;0,60394445
SYN_130;Textiles;2023-03; 175 407,87 ;0,27761594;0,276703498;0,7113;1;0,48516614
SYN_130;Textiles;2023-05; 115 966,22 ;0,239353157;0,309859063;0,7113;1;0,3890917
SYN_130;Textiles;2023-07; 95 638,59 ;0,341217009;0,285336112;0,7113;1;0,5627309
SYN_130;Textiles;2023-12; 8 387,75 ;0,13313783;0,282965858;0,7113;1;0,60394445
SYN_131;Electronics;2023-02; 56 571,96 ;0,385718475;0,437177114;0,288;0,2;0,22408182
SYN_131;Electronics;2023-03; 16 421,99 ;0,126001955;0,437177114;0,288;0,2;0,31209306
SYN_131;Electronics;2023-05; 9 747,93 ;0,255034213;0,42895558;0,288;0,2;0,49656506
SYN_131;Electronics;2023-07; 63 261,10 ;0,243409091;0,442652109;0,288;0,2;0,40293321
SYN_131;Electronics;2023-09; 34 640,68 ;0,542717498;0,442652109;0,288;0,2;0,50830088
SYN_131;Electronics;2023-11; 62 346,60 ;0,292316716;0,384282825;0,288;0,2;0,59073233
SYN_131;Food;2023-12; 18 410,21 ;0,185881528;0,384282825;0,2754;0,2;0,53225831
SYN_131;Machinery;2023-03; 35 929,22 ;0,566104594;0,437177114;0,3103;0,3;0,31209306
SYN_131;Machinery;2023-10; 114 512,91 ;0,16159987;0,384282825;0,3103;0,3;0,57175634
SYN_131;Machinery;2023-12; 28 120,06 ;0,456911447;0,384282825;0,3103;0,3;0,53225831
SYN_131;Pharma;2023-01; 23 605,52 ;0,171269091;0,437177114;0,2532;0,3;0,17915831
SYN_131;Pharma;2023-08; 22 813,17 ;0,540183284;0,442652109;0,2532;0,3;0,48615589
SYN_131;Pharma;2023-09; 44 481,20 ;0,472222222;0,442652109;0,2532;0,3;0,50830088
SYN_131;Pharma;2023-12; 5 172,32 ;0,107086999;0,384282825;0,2532;0,3;0,53225831
SYN_131;Textiles;2023-03; 161 494,91 ;0,106782607;0,437177114;0,3321;0,2;0,31209306
SYN_132;Electronics;2023-07; 18 349,92 ;0,642155425;0,397689857;0,4725;0;0,66446907
SYN_132;Electronics;2023-12; 53 402,10 ;0,373841642;0,39457232;0,4725;0;0,82499133
SYN_132;Food;2023-02; 54 098,15 ;0,338340665;0,385141416;0,4348;0;0,42650459
SYN_132;Food;2023-03; 37 351,43 ;0,242473118;0,385141416;0,4348;0;0,27292397
SYN_132;Food;2023-06; 28 724,14 ;0,203665689;0,40913118;0,4348;0;0,41233626
SYN_132;Food;2023-11; 21 819,00 ;0,034506354;0,39457232;0,4348;0;0,71857197
SYN_132;Machinery;2023-03; 14 694,16 ;0,451123083;0,385141416;0,5268;0;0,27292397
SYN_132;Machinery;2023-04; 84 749,65 ;0,448163056;0,40913118;0,5268;0;0,47128027
SYN_132;Machinery;2023-06; 54 408,49 ;0,791859726;0,40913118;0,5268;0;0,41233626
SYN_132;Machinery;2023-08; 41 810,70 ;0,378910068;0,397689857;0,5268;0;0,62832864
SYN_132;Machinery;2023-09; 13 966,39 ;0,103030303;0,397689857;0,5268;0;0,39009953
SYN_132;Machinery;2023-12; 26 004,70 ;0,038391984;0,39457232;0,5268;0;0,82499133
SYN_132;Pharma;2023-02; 90 037,74 ;0,099608993;0,385141416;0,4306;0;0,42650459
SYN_132;Pharma;2023-05; 138 383,02 ;0,331301054;0,40913118;0,4306;0;0,36385843
SYN_132;Textiles;2023-05; 215 609,08 ;0,208001036;0,40913118;0,4987;0;0,36385843
SYN_132;Textiles;2023-07; 81 355,36 ;0,311917511;0,397689857;0,4987;0;0,66446907
SYN_132;Textiles;2023-10; 77 628,18 ;0,053592375;0,39457232;0,4987;0;0,56951902
SYN_133;Electronics;2023-03; 21 239,59 ;0,594208211;0,475008958;0,35;0,3;7,09330345
SYN_133;Electronics;2023-04; 28 710,89 ;0,20200391;0,414989245;0,35;0,3;12,2583633
SYN_133;Electronics;2023-05; 716,77 ;0,554227761;0,414989245;0,35;0,3;15,0878466
SYN_133;Electronics;2023-06; 66 437,32 ;0,279088465;0,414989245;0,35;0,3;15,8296113
SYN_133;Electronics;2023-07; 28 785,42 ;0,05884653;0,472960292;0,35;0,3;20,331262
SYN_133;Electronics;2023-09; 7 769,91 ;0,565371457;0,472960292;0,35;0,3;22,0880164
SYN_133;Food;2023-06; 37 974,32 ;0,227419355;0,414989245;0,3676;0,2;15,8296113
SYN_133;Food;2023-07; 13 498,82 ;0,438489736;0,472960292;0,3676;0,2;20,331262
SYN_133;Food;2023-08; 39 348,39 ;0,15;0,472960292;0,3676;0,2;23,2739316
SYN_133;Machinery;2023-03; 16 281,10 ;0,141886608;0,475008958;0,3983;0,4;7,09330345
SYN_133;Machinery;2023-05; 17 377,95 ;0,70106305;0,414989245;0,3983;0,4;15,0878466
SYN_133;Pharma;2023-04; 29 170,96 ;0,572653959;0,414989245;0,2974;0,3;12,2583633
SYN_133;Pharma;2023-11; 38 625,96 ;0,178347996;0,414253674;0,2974;0,3;23,8354481
SYN_133;Pharma;2023-12; 29 669,08 ;0,57086999;0,414253674;0,2974;0,3;21,4035561
SYN_133;Textiles;2023-01; 38 514,22 ;0,160742913;0,475008958;0,4135;0,4;0,22288092
SYN_133;Textiles;2023-03; 40 094,44 ;0,067350929;0,475008958;0,4135;0,4;7,09330345
SYN_133;Textiles;2023-04; 7 489,45 ;0,128697458;0,414989245;0,4135;0,4;12,2583633
SYN_133;Textiles;2023-06; 106 733,76 ;0,205212485;0,414989245;0,4135;0,4;15,8296113
SYN_133;Textiles;2023-08; 35 409,51 ;0,650153959;0,472960292;0,4135;0,4;23,2739316
SYN_133;Textiles;2023-09; 68 559,43 ;0,159252199;0,472960292;0,4135;0,4;22,0880164
SYN_133;Textiles;2023-10; 12 281,02 ;0,222898338;0,414253674;0,4135;0,4;22,7623215
SYN_134;Electronics;2023-02; 35 445,35 ;0,075513196;0,469059783;0,375;0;0,35011977
SYN_134;Electronics;2023-03; 34 342,46 ;0,330163734;0,469059783;0,375;0;0,4592466
SYN_134;Electronics;2023-05; 35 230,74 ;0,645398338;0,472361945;0,375;0;0,60615315
SYN_134;Electronics;2023-07; 32 362,53 ;0,417326491;0,401436256;0,375;0;0,60629882
SYN_134;Electronics;2023-08; 6 603,05 ;0,644232649;0,401436256;0,375;0;0,47062806
SYN_134;Electronics;2023-10; 45 459,99 ;0,3778348;0,415779559;0,375;0;0,42817427
SYN_134;Electronics;2023-11; 61 341,64 ;0,265647605;0,415779559;0,375;0;0,53975639
SYN_134;Food;2023-10; 95 937,13 ;0,299023565;0,415779559;0,4013;0;0,42817427
SYN_134;Food;2023-12; 6 651,80 ;0,068035191;0,415779559;0,4013;0;0,51505165
SYN_134;Machinery;2023-01; 31 152,30 ;0,409164223;0,469059783;0,4145;0;0,34574577
SYN_134;Machinery;2023-10; 101 795,97 ;0,168703161;0,415779559;0,4145;0;0,42817427
SYN_134;Machinery;2023-12; 4 018,78 ;0,615518084;0,415779559;0,4145;0;0,51505165
SYN_134;Pharma;2023-01; 31 162,74 ;0,508013663;0,469059783;0,3618;0;0,34574577
SYN_134;Pharma;2023-08; 21 338,35 ;0,088514174;0,401436256;0,3618;0;0,47062806
SYN_134;Pharma;2023-09; 29 153,64 ;0,645720919;0,401436256;0,3618;0;0,45950501
SYN_134;Pharma;2023-12; 6 413,76 ;0,143255132;0,415779559;0,3618;0;0,51505165
SYN_134;Textiles;2023-03; 153 681,36 ;0,144544774;0,469059783;0,3882;0;0,4592466
SYN_135;Electronics;2023-03; 193 103,40 ;0,473892179;0,327695352;0,6628;1;0,48516614
SYN_135;Electronics;2023-05; 42 442,46 ;0,388113392;0,370335129;0,6628;1;0,3890917
SYN_135;Electronics;2023-12; 57 573,50 ;0,377116325;0,376378369;0,6628;1;0,60394445
SYN_135;Food;2023-03; 66 574,62 ;0,230416543;0,327695352;0,6488;1;0,48516614
SYN_135;Food;2023-04; 68 495,48 ;0,258707234;0,370335129;0,6488;1;0,36314411
SYN_135;Food;2023-06; 20 751,47 ;0,325936374;0,370335129;0,6488;1;0,35446782
SYN_135;Machinery;2023-01; 12 559,74 ;0,225466552;0,327695352;0,743;1;0,49695702
SYN_135;Machinery;2023-04; 24 136,37 ;0,214222874;0,370335129;0,743;1;0,36314411
SYN_135;Machinery;2023-12; 24 168,22 ;0,184213099;0,376378369;0,743;1;0,60394445
SYN_135;Pharma;2023-01; 85 084,16 ;0,381019062;0,327695352;0,6013;1;0,49695702
SYN_135;Pharma;2023-12; 86 776,69 ;0,128087325;0,376378369;0,6013;1;0,60394445
SYN_135;Textiles;2023-05; 34 969,22 ;0,578079179;0,370335129;0,7113;1;0,3890917
SYN_135;Textiles;2023-07; 12 737,15 ;0,016813294;0,381477406;0,7113;1;0,5627309
SYN_135;Textiles;2023-12; 11 110,80 ;0,393929619;0,376378369;0,7113;1;0,60394445
SYN_136;Electronics;2023-04; 5 172,23 ;0,054301075;0,494215249;0,375;0,2;0,56031868
SYN_136;Electronics;2023-05; 32 173,66 ;0,136363636;0,494215249;0,375;0,2;0,60615315
SYN_136;Electronics;2023-06; 25 661,48 ;0,17311828;0,494215249;0,375;0,2;0,57250529
SYN_136;Electronics;2023-08; 1 851,24 ;0,467253177;0,418347057;0,375;0,2;0,47062806
SYN_136;Electronics;2023-09; 75 051,44 ;0,143758553;0,418347057;0,375;0,2;0,45950501
SYN_136;Electronics;2023-10; 30 917,41 ;0,73586999;0,421760921;0,375;0,2;0,42817427
SYN_136;Food;2023-06; 9 631,47 ;0,327091887;0,494215249;0,4013;0,2;0,57250529
SYN_136;Food;2023-07; 71 020,61 ;0,066491502;0,418347057;0,4013;0,2;0,60629882
SYN_136;Food;2023-09; 13 206,26 ;0,520610948;0,418347057;0,4013;0,2;0,45950501
SYN_136;Food;2023-11; 146 016,46 ;0,398230694;0,421760921;0,4013;0,2;0,53975639
SYN_136;Machinery;2023-02; 109 982,71 ;0,188972926;0,414881262;0,4145;0,3;0,35011977
SYN_136;Machinery;2023-03; 26 926,84 ;0,118206256;0,414881262;0,4145;0,3;0,4592466
SYN_136;Machinery;2023-05; 40 263,64 ;0,457680841;0,494215249;0,4145;0,3;0,60615315
SYN_136;Machinery;2023-08; 85 085,84 ;0,460383675;0,418347057;0,4145;0,3;0,47062806
SYN_136;Pharma;2023-03; 14 673,34 ;0,084872923;0,414881262;0,3618;0,3;0,4592466
SYN_136;Pharma;2023-07; 31 481,25 ;0,247262952;0,418347057;0,3618;0,3;0,60629882
SYN_136;Pharma;2023-10; 44 474,66 ;0,187341153;0,421760921;0,3618;0,3;0,42817427
SYN_136;Textiles;2023-07; 5 988,46 ;0,484677419;0,418347057;0,3882;0,2;0,60629882
SYN_136;Textiles;2023-10; 33 401,72 ;0,240043988;0,421760921;0,3882;0,2;0,42817427
SYN_137;Electronics;2023-04; 38 321,59 ;0,547849462;0,429638991;0,375;0,2;0,56031868
SYN_137;Electronics;2023-05; 144 306,24 ;0,408939795;0,429638991;0,375;0,2;0,60615315
SYN_137;Food;2023-01; 95 262,96 ;0,294728739;0,421878441;0,4013;0,2;0,34574577
SYN_137;Food;2023-04; 68 433,87 ;0,382001466;0,429638991;0,4013;0,2;0,56031868
SYN_137;Food;2023-05; 13 303,24 ;0,159090909;0,429638991;0,4013;0,2;0,60615315
SYN_137;Food;2023-10; 19 695,76 ;0,100317693;0,398786269;0,4013;0,2;0,42817427
SYN_137;Food;2023-12; 44 903,33 ;0,235826002;0,398786269;0,4013;0,2;0,51505165
SYN_137;Machinery;2023-01; 37 496,56 ;0,29285435;0,421878441;0,4145;0,3;0,34574577
SYN_137;Machinery;2023-03; 43 738,15 ;0,430791789;0,421878441;0,4145;0,3;0,4592466
SYN_137;Machinery;2023-04; 17 287,37 ;0,663905181;0,429638991;0,4145;0,3;0,56031868
SYN_137;Machinery;2023-06; 43 765,95 ;0,430146628;0,429638991;0,4145;0,3;0,57250529
SYN_137;Machinery;2023-08; 41 772,54 ;0,448387097;0,427885158;0,4145;0,3;0,47062806
SYN_137;Machinery;2023-10; 11 144,72 ;0,190273705;0,398786269;0,4145;0,3;0,42817427
SYN_137;Machinery;2023-11; 152 493,32 ;0,453971777;0,398786269;0,4145;0,3;0,53975639
SYN_137;Pharma;2023-02; 7 987,08 ;0,084115347;0,421878441;0,3618;0,3;0,35011977
SYN_137;Pharma;2023-03; 73 570,12 ;0,141803519;0,421878441;0,3618;0,3;0,4592466
SYN_137;Pharma;2023-10; 80 406,37 ;0,414042033;0,398786269;0,3618;0,3;0,42817427
SYN_137;Textiles;2023-02; 3 472,19 ;0,565713587;0,421878441;0,3882;0,2;0,35011977
SYN_137;Textiles;2023-03; 49 121,54 ;0,555131965;0,421878441;0,3882;0,2;0,4592466
SYN_137;Textiles;2023-05; 70 373,03 ;0,314784894;0,429638991;0,3882;0,2;0,60615315
SYN_138;Electronics;2023-04; 183 110,99 ;0,244404797;0,298347534;0,4725;1;0,47128027
SYN_138;Electronics;2023-05; 150 345,43 ;0,285012948;0,298347534;0,4725;1;0,36385843
SYN_138;Electronics;2023-06; 27 921,92 ;0,052101662;0,298347534;0,4725;1;0,41233626
SYN_138;Electronics;2023-08; 71 346,02 ;0,15583089;0,299321441;0,4725;1;0,62832864
SYN_138;Food;2023-04; 28 058,19 ;0,438098729;0,298347534;0,4348;1;0,47128027
SYN_138;Food;2023-06; 50 423,46 ;0,474819159;0,298347534;0,4348;1;0,41233626
SYN_138;Machinery;2023-04; 32 461,95 ;0,727614858;0,298347534;0,5268;1;0,47128027
SYN_138;Machinery;2023-10; 60 200,62 ;0,133577713;0,292337794;0,5268;1;0,56951902
SYN_138;Pharma;2023-04; 83 006,08 ;0,618824536;0,298347534;0,4306;1;0,47128027
SYN_138;Pharma;2023-05; 88 916,60 ;0,482586629;0,298347534;0,4306;1;0,36385843
SYN_138;Pharma;2023-06; 43 232,82 ;0,622751711;0,298347534;0,4306;1;0,41233626
SYN_138;Pharma;2023-08; 15 242,18 ;0,207971439;0,299321441;0,4306;1;0,62832864
SYN_138;Pharma;2023-11; 81 921,56 ;0,033675464;0,292337794;0,4306;1;0,71857197
SYN_138;Pharma;2023-12; 8 068,66 ;0,106402737;0,292337794;0,4306;1;0,82499133
SYN_138;Textiles;2023-07; 48 423,81 ;0,085826002;0,299321441;0,4987;1;0,66446907
SYN_138;Textiles;2023-09; 799,99 ;0,06026393;0,299321441;0,4987;1;0,39009953
SYN_138;Textiles;2023-12; 9 380,25 ;0,508528837;0,292337794;0,4987;1;0,82499133
SYN_139;Electronics;2023-01; 10 001,55 ;0,225953079;0,349748692;0,2907;0,2;0,21163815
SYN_139;Electronics;2023-08; 81 944,20 ;0,16085044;0,367403829;0,2907;0,2;0,52340736
SYN_139;Electronics;2023-10; 43 890,17 ;0,136705767;0,366695759;0,2907;0,2;0,54919923
SYN_139;Food;2023-01; 48 856,87 ;0,356539589;0,349748692;0,3059;0,2;0,21163815
SYN_139;Food;2023-03; 39 586,32 ;0,070527859;0,349748692;0,3059;0,2;0,36814859
SYN_139;Food;2023-04; 3 432,60 ;0,192961877;0,33453268;0,3059;0,2;0,28337446
SYN_139;Food;2023-09; 5 016,33 ;0,564784946;0,367403829;0,3059;0,2;0,5967078
SYN_139;Food;2023-11; 130 132,11 ;0,536104203;0,366695759;0,3059;0,2;0,48557661
SYN_139;Food;2023-12; 48 337,91 ;0,393768328;0,366695759;0,3059;0,2;0,52459195
SYN_139;Machinery;2023-01; 22 225,23 ;0,118132942;0,349748692;0,3137;0,3;0,21163815
SYN_139;Machinery;2023-02; 58 854,93 ;0,383268061;0,349748692;0,3137;0,3;0,23814873
SYN_139;Machinery;2023-06; 23 207,14 ;0,211867058;0,33453268;0,3137;0,3;0,35147487
SYN_139;Machinery;2023-08; 47 030,29 ;0,316332268;0,367403829;0,3137;0,3;0,52340736
SYN_139;Machinery;2023-10; 10 356,22 ;0,270601173;0,366695759;0,3137;0,3;0,54919923
SYN_139;Machinery;2023-12; 48 709,20 ;0,20259042;0,366695759;0,3137;0,3;0,52459195
SYN_139;Pharma;2023-01; 7 872,21 ;0,149951124;0,349748692;0,2519;0,3;0,21163815
SYN_139;Pharma;2023-02; 31 592,83 ;0,209237537;0,349748692;0,2519;0,3;0,23814873
SYN_139;Pharma;2023-04; 33 179,42 ;0,028225806;0,33453268;0,2519;0,3;0,28337446
SYN_139;Pharma;2023-06; 7 193,34 ;0,21085044;0,33453268;0,2519;0,3;0,35147487
SYN_139;Textiles;2023-02; 39 991,82 ;0,248484848;0,349748692;0,348;0,2;0,23814873
SYN_139;Textiles;2023-05; 1 183,75 ;0,073484848;0,33453268;0,348;0,2;0,30178102
SYN_139;Textiles;2023-10; 4 665,64 ;0,067741935;0,366695759;0,348;0,2;0,54919923
SYN_14;Electronics;2023-02; 71 337,42 ;0,129780059;0,398760428;0,6628;1;0,43219389
SYN_14;Electronics;2023-05; 27 666,70 ;0,19056696;0,400804799;0,6628;1;0,3890917
SYN_14;Electronics;2023-07; 29 926,19 ;0,440469208;0,345998015;0,6628;1;0,5627309
SYN_14;Electronics;2023-08; 15 762,70 ;0,243499511;0,345998015;0,6628;1;0,64148829
SYN_14;Electronics;2023-09; 19 263,26 ;0,090420332;0,345998015;0,6628;1;0,53566328
SYN_14;Electronics;2023-10; 91 851,06 ;0,423868524;0,348890966;0,6628;1;0,67873961
SYN_14;Electronics;2023-11; 30 554,16 ;0,085557185;0,348890966;0,6628;1;0,54955598
SYN_14;Food;2023-10; 111 579,89 ;0,099625285;0,348890966;0,6488;1;0,67873961
SYN_14;Food;2023-11; 76 030,45 ;0,573224177;0,348890966;0,6488;1;0,54955598
SYN_14;Food;2023-12; 3 563,75 ;0,097507331;0,348890966;0,6488;1;0,60394445
SYN_14;Machinery;2023-01; 16 232,90 ;0,211412512;0,398760428;0,743;1;0,49695702
SYN_14;Machinery;2023-03; 35 192,41 ;0,214833822;0,398760428;0,743;1;0,48516614
SYN_14;Machinery;2023-08; 40 561,04 ;0,53184262;0,345998015;0,743;1;0,64148829
SYN_14;Machinery;2023-10; 196 710,11 ;0,465264047;0,348890966;0,743;1;0,67873961
SYN_14;Machinery;2023-12; 4 478,23 ;0,192277615;0,348890966;0,743;1;0,60394445
SYN_14;Pharma;2023-01; 17 150,39 ;0,226652004;0,398760428;0,6013;1;0,49695702
SYN_14;Pharma;2023-03; 41 733,90 ;0,05259042;0,398760428;0,6013;1;0,48516614
SYN_14;Pharma;2023-09; 28 222,04 ;0,503115836;0,345998015;0,6013;1;0,53566328
SYN_14;Pharma;2023-12; 9 513,59 ;0,284074565;0,348890966;0,6013;1;0,60394445
SYN_14;Textiles;2023-03; 43 092,45 ;0,133968719;0,398760428;0,7113;1;0,48516614
SYN_140;Electronics;2023-03; 47 749,47 ;0,188954057;0,325592371;0,2686;0,5;0,56877978
SYN_140;Electronics;2023-10; 26 890,36 ;0,575987292;0,348642075;0,2686;0,5;0,40597048
SYN_140;Electronics;2023-12; 29 766,17 ;0,147556207;0,348642075;0,2686;0,5;0,45762916
SYN_140;Food;2023-04; 30 960,71 ;0,170307918;0,366587801;0,2835;0,4;0,6236718
SYN_140;Food;2023-06; 5 631,02 ;0,177321603;0,366587801;0,2835;0,4;0,36560856
SYN_140;Food;2023-08; 81 655,83 ;0,605916422;0,359746467;0,2835;0,4;0,35387439
SYN_140;Machinery;2023-01; 3 093,22 ;0,344565005;0,325592371;0,2794;0,7;0,54072087
SYN_140;Machinery;2023-04; 77 769,39 ;0,35244784;0,366587801;0,2794;0,7;0,6236718
SYN_140;Machinery;2023-06; 18 306,35 ;0,012316716;0,366587801;0,2794;0,7;0,36560856
SYN_140;Machinery;2023-09; 80 207,99 ;0,270743314;0,359746467;0,2794;0,7;0,51013669
SYN_140;Pharma;2023-01; 270 856,64 ;0,324625256;0,325592371;0,2369;0,6;0,54072087
SYN_140;Pharma;2023-12; 28 139,47 ;0,5535435;0,348642075;0,2369;0,6;0,45762916
SYN_140;Textiles;2023-04; 17 664,88 ;0,186355464;0,366587801;0,3224;0,6;0,6236718
SYN_140;Textiles;2023-05; 136 180,44 ;0,168371753;0,366587801;0,3224;0,6;0,4550968
SYN_140;Textiles;2023-12; 10 074,26 ;0,164565005;0,348642075;0,3224;0,6;0,45762916
SYN_141;Electronics;2023-01; 106 058,48 ;0,355488759;0,405446068;0,2862;0;0,26917885
SYN_141;Electronics;2023-03; 83 860,98 ;0,296454057;0,405446068;0,2862;0;0,47604927
SYN_141;Electronics;2023-05; 41 450,48 ;0,030205279;0,434111741;0,2862;0;0,42262169
SYN_141;Electronics;2023-11; 30 637,95 ;0,628919844;0,456435303;0,2862;0;0,45256451
SYN_141;Food;2023-02; 48 070,46 ;0,075659824;0,405446068;0,2915;0;0,36525408
SYN_141;Food;2023-03; 3 745,08 ;0,188611926;0,405446068;0,2915;0;0,47604927
SYN_141;Food;2023-07; 28 748,17 ;0,185434995;0,456421292;0,2915;0;0,37775133
SYN_141;Food;2023-11; 30 609,64 ;0,097179863;0,456435303;0,2915;0;0,45256451
SYN_141;Machinery;2023-09; 35 993,39 ;0,495918866;0,456421292;0,2968;0;0,41456793
SYN_141;Machinery;2023-11; 33 598,42 ;0,03030303;0,456435303;0,2968;0;0,45256451
SYN_141;Pharma;2023-03; 12 431,15 ;0,462072336;0,405446068;0,2565;0;0,47604927
SYN_141;Pharma;2023-04; 51 897,65 ;0,610305474;0,434111741;0,2565;0;0,40007626
SYN_141;Pharma;2023-05; 2 814,37 ;0,674535679;0,434111741;0,2565;0;0,42262169
SYN_141;Pharma;2023-06; 72 582,06 ;0,147898338;0,434111741;0,2565;0;0,3516715
SYN_141;Pharma;2023-11; 49 364,84 ;0,209237537;0,456435303;0,2565;0;0,45256451
SYN_141;Textiles;2023-02; 43 122,98 ;0,438712121;0,405446068;0,3344;0;0,36525408
SYN_141;Textiles;2023-05; 6,25 ;0,090371457;0,434111741;0,3344;0;0,42262169
SYN_141;Textiles;2023-06; 19 062,72 ;0,206109482;0,434111741;0,3344;0;0,3516715
SYN_141;Textiles;2023-08; 106 251,01 ;0,233867036;0,456421292;0,3344;0;0,35693505
SYN_141;Textiles;2023-10; 9 611,17 ;0,508284457;0,456435303;0,3344;0;0,44253673
SYN_141;Textiles;2023-11; 58 193,29 ;0,400716031;0,456435303;0,3344;0;0,45256451
SYN_142;Electronics;2023-07; 32 431,93 ;0,714222874;0,405379837;0,4725;1;0,66446907
SYN_142;Electronics;2023-09; 39 062,63 ;0,621309873;0,405379837;0,4725;1;0,39009953
SYN_142;Electronics;2023-12; 34 411,92 ;0,440053763;0,433013346;0,4725;1;0,82499133
SYN_142;Food;2023-05; 25 658,63 ;0,108748778;0,427387169;0,4348;1;0,36385843
SYN_142;Food;2023-06; 4 219,99 ;0,489442815;0,427387169;0,4348;1;0,41233626
SYN_142;Food;2023-09; 59 148,93 ;0,305823558;0,405379837;0,4348;1;0,39009953
SYN_142;Machinery;2023-03; 19 284,75 ;0,12228739;0,37251519;0,5268;1;0,27292397
SYN_142;Machinery;2023-05; 88 728,90 ;0,396277237;0,427387169;0,5268;1;0,36385843
SYN_142;Machinery;2023-09; 70 112,18 ;0,364750733;0,405379837;0,5268;1;0,39009953
SYN_142;Pharma;2023-04; 28 369,80 ;0,133088954;0,427387169;0,4306;1;0,47128027
SYN_142;Textiles;2023-04; 231 409,99 ;0,25061203;0,427387169;0,4987;1;0,47128027
SYN_142;Textiles;2023-05; 130 266,50 ;0,458498924;0,427387169;0,4987;1;0,36385843
SYN_142;Textiles;2023-06; 72 218,92 ;0,38009042;0,427387169;0,4987;1;0,41233626
SYN_142;Textiles;2023-07; 23 708,94 ;0,112512219;0,405379837;0,4987;1;0,66446907
SYN_142;Textiles;2023-08; 52 549,15 ;0,39766129;0,405379837;0,4987;1;0,62832864
SYN_142;Textiles;2023-12; 147 916,03 ;0,225544285;0,433013346;0,4987;1;0,82499133
SYN_143;Electronics;2023-11; 65 618,20 ;0,261305626;0,433054844;0,4725;1;0,71857197
SYN_143;Food;2023-06; 5 633,92 ;0,168719453;0,438994975;0,4348;1;0,41233626
SYN_143;Food;2023-09; 26 843,66 ;0,610923754;0,417769572;0,4348;1;0,39009953
SYN_143;Food;2023-10; 10 398,48 ;0,229960899;0,433054844;0,4348;1;0,56951902
SYN_143;Food;2023-11; 11 371,78 ;0,05058651;0,433054844;0,4348;1;0,71857197
SYN_143;Machinery;2023-06; 46 425,63 ;0,101588465;0,438994975;0,5268;1;0,41233626
SYN_143;Machinery;2023-07; 10 746,28 ;0,322685728;0,417769572;0,5268;1;0,66446907
SYN_143;Machinery;2023-10; 91 180,03 ;0,407265396;0,433054844;0,5268;1;0,56951902
SYN_143;Pharma;2023-06; 11 905,78 ;0,120527859;0,438994975;0,4306;1;0,41233626
SYN_143;Pharma;2023-07; 75 467,59 ;0,375185728;0,417769572;0,4306;1;0,66446907
SYN_143;Pharma;2023-11; 9 529,16 ;0,461925022;0,433054844;0,4306;1;0,71857197
SYN_143;Textiles;2023-03; 280 295,30 ;0,295789849;0,436803918;0,4987;1;0,27292397
SYN_143;Textiles;2023-04; 1 707,65 ;0,540029326;0,438994975;0,4987;1;0,47128027
SYN_143;Textiles;2023-07; 44 072,22 ;0,253083226;0,417769572;0,4987;1;0,66446907
SYN_143;Textiles;2023-10; 12 055,43 ;0,165347019;0,433054844;0,4987;1;0,56951902
SYN_144;Electronics;2023-02; 9 737,46 ;0,134481916;0,415704261;0,2686;0;0,48219328
SYN_144;Electronics;2023-03; 2 952,89 ;0,612390029;0,415704261;0,2686;0;0,56877978
SYN_144;Electronics;2023-08; 85 010,61 ;0,160117302;0,421582898;0,2686;0;0,35387439
SYN_144;Electronics;2023-10; 43 482,38 ;0,370845552;0,386056097;0,2686;0;0,40597048
SYN_144;Electronics;2023-12; 9 905,38 ;0,466177908;0,386056097;0,2686;0;0,45762916
SYN_144;Food;2023-01; 26 357,48 ;0,314034702;0,415704261;0,2835;0;0,54072087
SYN_144;Food;2023-02; 24 780,11 ;0,492839687;0,415704261;0,2835;0;0,48219328
SYN_144;Food;2023-03; 40 014,84 ;0,472091887;0,415704261;0,2835;0;0,56877978
SYN_144;Food;2023-11; 173 681,71 ;0,260870946;0,386056097;0,2835;0;0,47747267
SYN_144;Food;2023-12; 48 477,00 ;0,019941349;0,386056097;0,2835;0;0,45762916
SYN_144;Machinery;2023-01; 42 110,18 ;0,375290811;0,415704261;0,2794;0;0,54072087
SYN_144;Machinery;2023-02; 18 892,06 ;0,655205279;0,415704261;0,2794;0;0,48219328
SYN_144;Machinery;2023-06; 63 566,38 ;0,224478632;0,392554787;0,2794;0;0,36560856
SYN_144;Machinery;2023-08; 83 886,64 ;0,17598971;0,421582898;0,2794;0;0,35387439
SYN_144;Machinery;2023-10; 9 323,34 ;0,244623656;0,386056097;0,2794;0;0,40597048
SYN_144;Machinery;2023-12; 49 547,14 ;0,153958944;0,386056097;0,2794;0;0,45762916
SYN_144;Pharma;2023-02; 29 887,04 ;0,212561095;0,415704261;0,2369;0;0,48219328
SYN_144;Textiles;2023-05; 3 549,31 ;0,074804497;0,392554787;0,3224;0;0,4550968
SYN_144;Textiles;2023-09; 130 216,74 ;0,560061518;0,421582898;0,3224;0;0,51013669
SYN_145;Electronics;2023-02; 88 687,41 ;0,419672901;0,527409689;0,375;0,5;0,35011977
SYN_145;Electronics;2023-05; 84 984,60 ;0,208508446;0,532288133;0,375;0,5;0,60615315
SYN_145;Electronics;2023-07; 31 955,81 ;0,041446725;0,540908326;0,375;0,5;0,60629882
SYN_145;Electronics;2023-08; 8 186,88 ;0,242375367;0,540908326;0,375;0,5;0,47062806
SYN_145;Electronics;2023-09; 37 846,55 ;0,117578201;0,540908326;0,375;0,5;0,45950501
SYN_145;Food;2023-04; 20 173,24 ;0,274704301;0,532288133;0,4013;0,4;0,56031868
SYN_145;Food;2023-10; 21 779,50 ;0,506476051;0,509940669;0,4013;0,4;0,42817427
SYN_145;Food;2023-12; 6 114,96 ;0,527605083;0,509940669;0,4013;0,4;0,51505165
SYN_145;Machinery;2023-03; 33 972,20 ;0,189833822;0,527409689;0,4145;0,7;0,4592466
SYN_145;Machinery;2023-04; 4 645,68 ;0,58242913;0,532288133;0,4145;0,7;0,56031868
SYN_145;Machinery;2023-08; 39 662,60 ;0,206060606;0,540908326;0,4145;0,7;0,47062806
SYN_145;Machinery;2023-09; 31 749,27 ;0,154447703;0,540908326;0,4145;0,7;0,45950501
SYN_145;Machinery;2023-12; 5 211,49 ;0,766788856;0,509940669;0,4145;0,7;0,51505165
SYN_145;Pharma;2023-01; 20 396,51 ;0,533712121;0,527409689;0,3618;0,6;0,34574577
SYN_145;Pharma;2023-08; 43 933,88 ;0,268364075;0,540908326;0,3618;0,6;0,47062806
SYN_145;Pharma;2023-09; 14 220,85 ;0,189931574;0,540908326;0,3618;0,6;0,45950501
SYN_145;Pharma;2023-12; 9 663,18 ;0,14568668;0,509940669;0,3618;0,6;0,51505165
SYN_145;Textiles;2023-03; 117 397,99 ;0,405535929;0,527409689;0,3882;0,6;0,4592466
SYN_146;Electronics;2023-10; 309 132,58 ;0,269753731;0,255404294;0,3459;0,3;0,56319988
SYN_146;Food;2023-01; 45 829,92 ;0,476466276;0,225504518;0,3553;0,2;0,15566105
SYN_146;Food;2023-03; 117 274,58 ;0,134294558;0,225504518;0,3553;0,2;0,43545876
SYN_146;Food;2023-07; 96 025,53 ;0,223420763;0,253374106;0,3553;0,2;0,52884454
SYN_146;Food;2023-10; 40 867,41 ;0,728176931;0,255404294;0,3553;0,2;0,56319988
SYN_146;Machinery;2023-01; 34 988,29 ;0,539076246;0,225504518;0,3827;0,4;0,15566105
SYN_146;Machinery;2023-05; 78 791,16 ;0,634408602;0,227007875;0,3827;0,4;0,45600805
SYN_146;Machinery;2023-08; 25 782,85 ;0,246903715;0,253374106;0,3827;0,4;0,55018295
SYN_146;Pharma;2023-04; 115 382,34 ;0,122535816;0,227007875;0,3041;0,3;0,52782476
SYN_146;Textiles;2023-04; 38 754,71 ;0,258231483;0,227007875;0,404;0,4;0,52782476
SYN_146;Textiles;2023-08; 43 502,10 ;0,684530792;0,253374106;0,404;0,4;0,55018295
SYN_146;Textiles;2023-10; 248 926,43 ;0,114461271;0,255404294;0,404;0,4;0,56319988
SYN_146;Textiles;2023-12; 32 147,88 ;0,165004888;0,255404294;0,404;0,4;0,47988117
SYN_147;Electronics;2023-01; 19 931,55 ;0,490094285;0,420266129;0,6628;1;0,49695702
SYN_147;Electronics;2023-03; 91 145,54 ;0,512908113;0,420266129;0,6628;1;0,48516614
SYN_147;Electronics;2023-06; 31 477,34 ;0,588797654;0,443616083;0,6628;1;0,35446782
SYN_147;Electronics;2023-07; 37 355,31 ;0,130229717;0,444143202;0,6628;1;0,5627309
SYN_147;Electronics;2023-09; 36 970,29 ;0,147702835;0,444143202;0,6628;1;0,53566328
SYN_147;Electronics;2023-10; 66 297,27 ;0,266136364;0,474286263;0,6628;1;0,67873961
SYN_147;Food;2023-01; 27 398,17 ;0,08952346;0,420266129;0,6488;1;0,49695702
SYN_147;Food;2023-03; 47 866,60 ;0,693438416;0,420266129;0,6488;1;0,48516614
SYN_147;Food;2023-07; 40 603,91 ;0,110043988;0,444143202;0,6488;1;0,5627309
SYN_147;Machinery;2023-03; 78 727,29 ;0,363037634;0,420266129;0,743;1;0,48516614
SYN_147;Machinery;2023-08; 93 066,37 ;0,471566445;0,444143202;0,743;1;0,64148829
SYN_147;Machinery;2023-10; 27 309,39 ;0,582649071;0,474286263;0,743;1;0,67873961
SYN_147;Pharma;2023-03; 53 412,50 ;0,151221896;0,420266129;0,6013;1;0,48516614
SYN_147;Pharma;2023-07; 22 000,55 ;0,119264418;0,444143202;0,6013;1;0,5627309
SYN_147;Pharma;2023-10; 59 871,21 ;0,395852884;0,474286263;0,6013;1;0,67873961
SYN_147;Textiles;2023-03; 86 813,28 ;0,068792714;0,420266129;0,7113;1;0,48516614
SYN_147;Textiles;2023-06; 132 959,39 ;0,601478364;0,443616083;0,7113;1;0,35446782
SYN_148;Electronics;2023-08; 2 275,31 ;0,207673509;0,528253339;0,2862;0;0,35693505
SYN_148;Electronics;2023-09; 39 415,68 ;0,366779081;0,528253339;0,2862;0;0,41456793
SYN_148;Electronics;2023-11; 37 536,60 ;0,127866569;0,494570215;0,2862;0;0,45256451
SYN_148;Food;2023-03; 11 258,72 ;0,073313783;0,471920872;0,2915;0;0,47604927
SYN_148;Food;2023-04; 31 400,85 ;0,663489736;0,443632022;0,2915;0;0,40007626
SYN_148;Food;2023-05; 15 538,72 ;0,217057674;0,443632022;0,2915;0;0,42262169
SYN_148;Food;2023-09; 41 218,53 ;0,649975562;0,528253339;0,2915;0;0,41456793
SYN_148;Machinery;2023-03; 21 973,59 ;0,139393939;0,471920872;0,2968;0;0,47604927
SYN_148;Machinery;2023-11; 99 009,99 ;0,458058719;0,494570215;0,2968;0;0,45256451
SYN_148;Pharma;2023-01; 54 339,70 ;0,133398501;0,471920872;0,2565;0;0,26917885
SYN_148;Pharma;2023-07; 83 969,91 ;0,51829912;0,528253339;0,2565;0;0,37775133
SYN_148;Pharma;2023-10; 17 717,85 ;0,582526882;0,494570215;0,2565;0;0,44253673
SYN_148;Pharma;2023-12; 181 344,09 ;0,195715004;0,494570215;0,2565;0;0,50061341
SYN_148;Textiles;2023-03; 60 130,71 ;0,751341642;0,471920872;0,3344;0;0,47604927
SYN_148;Textiles;2023-05; 98 911,25 ;0,122238514;0,443632022;0,3344;0;0,42262169
SYN_148;Textiles;2023-06; 32 299,22 ;0,206564027;0,443632022;0,3344;0;0,3516715
SYN_148;Textiles;2023-08; 5 366,52 ;0,037666178;0,528253339;0,3344;0;0,35693505
SYN_148;Textiles;2023-11; 40 706,53 ;0,198973607;0,494570215;0,3344;0;0,45256451
SYN_149;Electronics;2023-06; 63 771,87 ;0,326937928;0,220455589;0,5814;0,3;0,33780745
SYN_149;Electronics;2023-09; 90 023,08 ;0,108340665;0,201802292;0,5814;0,3;0,30870431
SYN_149;Electronics;2023-10; 37 936,62 ;0,11498045;0,225162279;0,5814;0,3;0,44467006
SYN_149;Food;2023-03; 7 658,35 ;0,29005132;0,23217665;0,5467;0,2;0,45920672
SYN_149;Food;2023-06; 21 106,82 ;0,154545455;0,220455589;0,5467;0,2;0,33780745
SYN_149;Food;2023-07; 76 791,96 ;0,067529326;0,201802292;0,5467;0,2;0,28417623
SYN_149;Food;2023-10; 45 867,60 ;0,287292278;0,225162279;0,5467;0,2;0,44467006
SYN_149;Machinery;2023-01; 37 588,11 ;0,527883675;0,23217665;0,6041;0,4;0,62890166
SYN_149;Machinery;2023-05; 11 542,71 ;0,195014663;0,220455589;0,6041;0,4;0,3208988
SYN_149;Machinery;2023-06; 121 094,31 ;0,324743324;0,220455589;0,6041;0,4;0,33780745
SYN_149;Machinery;2023-07; 76 523,24 ;0,221715543;0,201802292;0,6041;0,4;0,28417623
SYN_149;Pharma;2023-03; 175 492,96 ;0,249100434;0,23217665;0,5533;0,3;0,45920672
SYN_149;Pharma;2023-08; 9 011,92 ;0,27278348;0,201802292;0,5533;0,3;0,26980429
SYN_149;Textiles;2023-01; 79 932,58 ;0,265012219;0,23217665;0,6076;0,4;0,62890166
SYN_149;Textiles;2023-04; 93 773,07 ;0,455510727;0,220455589;0,6076;0,4;0,42727946
SYN_149;Textiles;2023-05; 110 999,72 ;0,190045617;0,220455589;0,6076;0,4;0,3208988
SYN_149;Textiles;2023-08; 6 710,79 ;0,252981427;0,201802292;0,6076;0,4;0,26980429
SYN_149;Textiles;2023-12; 43 637,45 ;0,079032258;0,225162279;0,6076;0,4;0,44093036
SYN_15;Electronics;2023-01; 135 216,23 ;0,653449376;0,507880274;0,375;1;0,34574577
SYN_15;Electronics;2023-02; 3 835,25 ;0,456867058;0,507880274;0,375;1;0,35011977
SYN_15;Electronics;2023-03; 30 633,16 ;0,586241447;0,507880274;0,375;1;0,4592466
SYN_15;Electronics;2023-08; 82 788,94 ;0,153861193;0,472628658;0,375;1;0,47062806
SYN_15;Electronics;2023-10; 45 714,62 ;0,160801564;0,472531374;0,375;1;0,42817427
SYN_15;Electronics;2023-11; 15 624,22 ;0,464467253;0,472531374;0,375;1;0,53975639
SYN_15;Food;2023-02; 18 395,25 ;0,526930596;0,507880274;0,4013;1;0,35011977
SYN_15;Food;2023-08; 62 195,79 ;0,135606061;0,472628658;0,4013;1;0,47062806
SYN_15;Food;2023-09; 2 924,95 ;0,246480938;0,472628658;0,4013;1;0,45950501
SYN_15;Food;2023-11; 34 083,97 ;0,601808407;0,472531374;0,4013;1;0,53975639
SYN_15;Machinery;2023-01; 29 066,18 ;0,078445748;0,507880274;0,4145;1;0,34574577
SYN_15;Machinery;2023-05; 37 990,05 ;0,171407625;0,498497536;0,4145;1;0,60615315
SYN_15;Machinery;2023-07; 23 045,23 ;0,477744379;0,472628658;0,4145;1;0,60629882
SYN_15;Machinery;2023-08; 56 024,21 ;0,461590909;0,472628658;0,4145;1;0,47062806
SYN_15;Pharma;2023-06; 11 592,72 ;0,031744868;0,498497536;0,3618;1;0,57250529
SYN_15;Pharma;2023-07; 76 772,20 ;0,244224451;0,472628658;0,3618;1;0,60629882
SYN_15;Pharma;2023-12; 27 933,35 ;0,189516129;0,472531374;0,3618;1;0,51505165
SYN_15;Textiles;2023-04; 38 403,69 ;0,274257087;0,498497536;0,3882;1;0,56031868
SYN_15;Textiles;2023-09; 1 201,10 ;0,352407058;0,472628658;0,3882;1;0,45950501
SYN_15;Textiles;2023-10; 85 679,83 ;0,256451613;0,472531374;0,3882;1;0,42817427
SYN_150;Electronics;2023-01; 45 171,42 ;0,524560117;0,371914009;0,2686;0,2;0,54072087
SYN_150;Electronics;2023-04; 11 878,54 ;0,021603128;0,330445785;0,2686;0,2;0,6236718
SYN_150;Electronics;2023-06; 245 419,43 ;0,259188862;0,330445785;0,2686;0,2;0,36560856
SYN_150;Electronics;2023-08; 1 192,85 ;0,780913978;0,376277025;0,2686;0,2;0,35387439
SYN_150;Electronics;2023-09; 4 335,54 ;0,465518084;0,376277025;0,2686;0,2;0,51013669
SYN_150;Food;2023-01; 36 178,99 ;0,132848622;0,371914009;0,2835;0,2;0,54072087
SYN_150;Food;2023-02; 35 115,93 ;0,12688172;0,371914009;0,2835;0,2;0,48219328
SYN_150;Food;2023-10; 99 099,05 ;0,094704301;0,363787052;0,2835;0,2;0,40597048
SYN_150;Food;2023-11; 6 164,64 ;0,37941349;0,363787052;0,2835;0,2;0,47747267
SYN_150;Machinery;2023-12; 12 261,43 ;0,522815249;0,363787052;0,2794;0,3;0,45762916
SYN_150;Pharma;2023-04; 20 206,84 ;0,400735582;0,330445785;0,2369;0,3;0,6236718
SYN_150;Pharma;2023-09; 41 403,85 ;0,223216031;0,376277025;0,2369;0,3;0,51013669
SYN_150;Textiles;2023-02; 75 692,64 ;0,300772239;0,371914009;0,3224;0,2;0,48219328
SYN_150;Textiles;2023-03; 1 052,10 ;0,519330401;0,371914009;0,3224;0,2;0,56877978
SYN_150;Textiles;2023-09; 137 684,82 ;0,189426665;0,376277025;0,3224;0,2;0,51013669
SYN_151;Electronics;2023-03; 95 216,87 ;0,197619746;0,486193568;0,6628;0,2;0,48516614
SYN_151;Electronics;2023-04; 155 078,93 ;0,083401079;0,497792317;0,6628;0,2;0,36314411
SYN_151;Electronics;2023-11; 56 319,39 ;0,299454168;0,458308935;0,6628;0,2;0,54955598
SYN_151;Food;2023-01; 53 856,73 ;0,109768107;0,486193568;0,6488;0,2;0,49695702
SYN_151;Food;2023-11; 46 722,60 ;0,641160802;0,458308935;0,6488;0,2;0,54955598
SYN_151;Machinery;2023-01; 62 806,89 ;0,318536142;0,486193568;0,743;0,3;0,49695702
SYN_151;Machinery;2023-03; 17 860,19 ;0,586119257;0,486193568;0,743;0,3;0,48516614
SYN_151;Machinery;2023-04; 40 773,22 ;0,616642229;0,497792317;0,743;0,3;0,36314411
SYN_151;Machinery;2023-05; 32 919,33 ;0,582917889;0,497792317;0,743;0,3;0,3890917
SYN_151;Machinery;2023-11; 69 599,93 ;0,183968719;0,458308935;0,743;0,3;0,54955598
SYN_151;Pharma;2023-06; 79 772,79 ;0,310956479;0,497792317;0,6013;0,3;0,35446782
SYN_151;Pharma;2023-08; 29 587,18 ;0,283203687;0,52707126;0,6013;0,3;0,64148829
SYN_151;Textiles;2023-05; 18 776,74 ;0,220918866;0,497792317;0,7113;0,2;0,3890917
SYN_151;Textiles;2023-06; 10 013,64 ;0,672629521;0,497792317;0,7113;0,2;0,35446782
SYN_151;Textiles;2023-09; 35 632,74 ;0,144477028;0,52707126;0,7113;0,2;0,53566328
SYN_151;Textiles;2023-12; 9 141,64 ;0,380474096;0,458308935;0,7113;0,2;0,60394445
SYN_152;Electronics;2023-04; 38 274,56 ;0,147556207;0,277380528;0,375;0;0,56031868
SYN_152;Electronics;2023-05; 71 248,47 ;0,175839036;0,277380528;0,375;0;0,60615315
SYN_152;Electronics;2023-07; 20 746,13 ;0,125659824;0,303410796;0,375;0;0,60629882
SYN_152;Electronics;2023-09; 94 372,10 ;0,387949658;0,303410796;0,375;0;0,45950501
SYN_152;Electronics;2023-11; 1 923,84 ;0,181891496;0,295330453;0,375;0;0,53975639
SYN_152;Food;2023-01; 46 752,05 ;0,092424242;0,28283532;0,4013;0;0,34574577
SYN_152;Food;2023-08; 33 765,27 ;0,197507331;0,303410796;0,4013;0;0,47062806
SYN_152;Food;2023-09; 84 564,98 ;0,532849462;0,303410796;0,4013;0;0,45950501
SYN_152;Food;2023-10; 20 264,07 ;0,526001955;0,295330453;0,4013;0;0,42817427
SYN_152;Food;2023-12; 44 363,93 ;0,235630499;0,295330453;0,4013;0;0,51505165
SYN_152;Machinery;2023-01; 18 663,87 ;0,061241447;0,28283532;0,4145;0;0,34574577
SYN_152;Machinery;2023-03; 88 367,26 ;0,457021017;0,28283532;0,4145;0;0,4592466
SYN_152;Machinery;2023-04; 16 779,05 ;0,51556696;0,277380528;0,4145;0;0,56031868
SYN_152;Machinery;2023-06; 19 860,22 ;0,25083089;0,277380528;0,4145;0;0,57250529
SYN_152;Machinery;2023-11; 143 928,47 ;0,106463832;0,295330453;0,4145;0;0,53975639
SYN_152;Pharma;2023-02; 8 700,81 ;0,459017595;0,28283532;0,3618;0;0,35011977
SYN_152;Pharma;2023-03; 35 812,68 ;0,13655914;0,28283532;0,3618;0;0,4592466
SYN_152;Pharma;2023-10; 119 740,51 ;0,342172799;0,295330453;0,3618;0;0,42817427
SYN_152;Pharma;2023-11; 19 760,46 ;0,083675464;0,295330453;0,3618;0;0,53975639
SYN_152;Pharma;2023-12; 33 110,01 ;0,164809384;0,295330453;0,3618;0;0,51505165
SYN_152;Textiles;2023-01; 73 695,26 ;0,50200391;0,28283532;0,3882;0;0,34574577
SYN_152;Textiles;2023-03; 47 131,95 ;0,554740958;0,28283532;0,3882;0;0,4592466
SYN_152;Textiles;2023-05; 40 476,07 ;0,623692571;0,277380528;0,3882;0;0,60615315
SYN_153;Electronics;2023-01; 9 282,40 ;0,137292278;0,405882331;0,288;0,3;0,17915831
SYN_153;Electronics;2023-02; 36 145,13 ;0,184995112;0,405882331;0,288;0,3;0,22408182
SYN_153;Electronics;2023-11; 14 763,03 ;0,033626588;0,383474728;0,288;0,3;0,59073233
SYN_153;Food;2023-02; 47 759,60 ;0,0992913;0,405882331;0,2754;0,2;0,22408182
SYN_153;Food;2023-03; 10 572,45 ;0,377687183;0,405882331;0,2754;0,2;0,31209306
SYN_153;Food;2023-07; 27 880,40 ;0,184946237;0,39863299;0,2754;0,2;0,40293321
SYN_153;Food;2023-08; 38 275,85 ;0,135630499;0,39863299;0,2754;0,2;0,48615589
SYN_153;Food;2023-10; 17 336,93 ;0,195307918;0,383474728;0,2754;0,2;0,57175634
SYN_153;Food;2023-11; 14 573,68 ;0,067424242;0,383474728;0,2754;0,2;0,59073233
SYN_153;Machinery;2023-04; 66 584,60 ;0,605215054;0,353259733;0,3103;0,4;0,45041658
SYN_153;Machinery;2023-08; 47 564,64 ;0,219907136;0,39863299;0,3103;0,4;0,48615589
SYN_153;Machinery;2023-09; 30 339,73 ;0,517228739;0,39863299;0,3103;0,4;0,50830088
SYN_153;Machinery;2023-11; 40 511,72 ;0,441859726;0,383474728;0,3103;0,4;0,59073233
SYN_153;Pharma;2023-04; 25 639,01 ;0,588734115;0,353259733;0,2532;0,3;0,45041658
SYN_153;Pharma;2023-06; 71 695,59 ;0,175398338;0,353259733;0,2532;0,3;0,31698709
SYN_153;Pharma;2023-11; 48 483,54 ;0,20884653;0,383474728;0,2532;0,3;0,59073233
SYN_153;Textiles;2023-02; 44 422,44 ;0,071309873;0,405882331;0,3321;0,4;0,22408182
SYN_153;Textiles;2023-05; 1 256,88 ;0,491600684;0,353259733;0,3321;0,4;0,49656506
SYN_153;Textiles;2023-06; 18 512,28 ;0,204936461;0,353259733;0,3321;0,4;0,31698709
SYN_153;Textiles;2023-08; 150 170,59 ;0,314696757;0,39863299;0,3321;0,4;0,48615589
SYN_153;Textiles;2023-10; 16 361,21 ;0,159660313;0,383474728;0,3321;0,4;0,57175634
SYN_153;Textiles;2023-11; 28 184,06 ;0,174193548;0,383474728;0,3321;0,4;0,59073233
SYN_154;Electronics;2023-03; 72 724,43 ;0,472772814;0,412032448;0,2907;1;0,36814859
SYN_154;Electronics;2023-08; 67 040,84 ;0,294051808;0,374171544;0,2907;1;0,52340736
SYN_154;Electronics;2023-12; 49 613,53 ;0,180645161;0,392203434;0,2907;1;0,52459195
SYN_154;Food;2023-05; 40 146,94 ;0,190143369;0,41687393;0,3059;1;0,30178102
SYN_154;Food;2023-11; 1 708,21 ;0,4889565;0,392203434;0,3059;1;0,48557661
SYN_154;Machinery;2023-09; 41 731,78 ;0,113000978;0,374171544;0,3137;1;0,5967078
SYN_154;Machinery;2023-10; 64 710,52 ;0,1739858;0,392203434;0,3137;1;0,54919923
SYN_154;Machinery;2023-12; 44 756,15 ;0,560923754;0,392203434;0,3137;1;0,52459195
SYN_154;Pharma;2023-06; 38 611,11 ;0,469232649;0,41687393;0,2519;1;0,35147487
SYN_154;Pharma;2023-11; 14 586,83 ;0,21026393;0,392203434;0,2519;1;0,48557661
SYN_154;Pharma;2023-12; 26 599,87 ;0,114784894;0,392203434;0,2519;1;0,52459195
SYN_154;Textiles;2023-02; 23 859,76 ;0,295762463;0,412032448;0,348;1;0,23814873
SYN_154;Textiles;2023-03; 91 300,15 ;0,418710318;0,412032448;0,348;1;0,36814859
SYN_154;Textiles;2023-04; 40 884,88 ;0,701236559;0,41687393;0,348;1;0,28337446
SYN_154;Textiles;2023-05; 51 555,07 ;0,061744868;0,41687393;0,348;1;0,30178102
SYN_154;Textiles;2023-09; 95 841,08 ;0,177776149;0,374171544;0,348;1;0,5967078
SYN_154;Textiles;2023-12; 58 657,40 ;0,328648583;0,392203434;0,348;1;0,52459195
SYN_155;Electronics;2023-03; 47 366,34 ;0,666544477;0,666288933;0,375;1;0,4592466
SYN_155;Electronics;2023-04; 116 351,47 ;0,094521805;0,639817009;0,375;1;0,56031868
SYN_155;Electronics;2023-05; 26 583,14 ;0,261510264;0,639817009;0,375;1;0,60615315
SYN_155;Electronics;2023-10; 75 836,69 ;0,682788368;0,624311809;0,375;1;0,42817427
SYN_155;Electronics;2023-11; 57 547,51 ;0,303951881;0,624311809;0,375;1;0,53975639
SYN_155;Food;2023-01; 111 090,37 ;0,293286486;0,666288933;0,4013;1;0,34574577
SYN_155;Food;2023-08; 13 193,73 ;0,51155914;0,617165021;0,4013;1;0,47062806
SYN_155;Machinery;2023-01; 14 986,06 ;0,167595308;0,666288933;0,4145;1;0,34574577
SYN_155;Machinery;2023-03; 18 358,76 ;0,191593353;0,666288933;0,4145;1;0,4592466
SYN_155;Machinery;2023-04; 38 799,87 ;0,192424242;0,639817009;0,4145;1;0,56031868
SYN_155;Machinery;2023-05; 29 718,44 ;0,634579668;0,639817009;0,4145;1;0,60615315
SYN_155;Machinery;2023-11; 37 636,61 ;0,209261975;0,624311809;0,4145;1;0,53975639
SYN_155;Pharma;2023-01; 14 859,73 ;0,155767351;0,666288933;0,3618;1;0,34574577
SYN_155;Pharma;2023-06; 79 062,76 ;0,494718288;0,639817009;0,3618;1;0,57250529
SYN_155;Pharma;2023-08; 21 481,21 ;0,079651352;0,617165021;0,3618;1;0,47062806
SYN_155;Textiles;2023-05; 17 918,87 ;0,723069404;0,639817009;0,3882;1;0,60615315
SYN_155;Textiles;2023-06; 30 391,59 ;0,342982112;0,639817009;0,3882;1;0,57250529
SYN_155;Textiles;2023-08; 14 713,21 ;0,086827957;0,617165021;0,3882;1;0,47062806
SYN_156;Electronics;2023-04; 6 098,06 ;0,580474096;0,484366938;0,375;0,5;0,56031868
SYN_156;Electronics;2023-05; 65 702,84 ;0,754108016;0,484366938;0,375;0,5;0,60615315
SYN_156;Electronics;2023-06; 25 186,29 ;0,200073314;0,484366938;0,375;0,5;0,57250529
SYN_156;Electronics;2023-08; 2 602,37 ;0,322553763;0,519606646;0,375;0,5;0,47062806
SYN_156;Electronics;2023-09; 194 903,44 ;0,23772706;0,519606646;0,375;0,5;0,45950501
SYN_156;Electronics;2023-10; 14 985,68 ;0,116520039;0,483087345;0,375;0,5;0,42817427
SYN_156;Electronics;2023-12; 41 308,58 ;0,197018573;0,483087345;0,375;0,5;0,51505165
SYN_156;Food;2023-06; 13 930,53 ;0,233586941;0,484366938;0,4013;0,4;0,57250529
SYN_156;Food;2023-09; 31 540,55 ;0,442275171;0,519606646;0,4013;0,4;0,45950501
SYN_156;Machinery;2023-02; 124 918,15 ;0,242699296;0,551771956;0,4145;0,7;0,35011977
SYN_156;Machinery;2023-03; 78 274,54 ;0,516567956;0,551771956;0,4145;0,7;0,4592466
SYN_156;Machinery;2023-05; 21 822,93 ;0,453616813;0,484366938;0,4145;0,7;0,60615315
SYN_156;Machinery;2023-08; 85 569,70 ;0,461019062;0,519606646;0,4145;0,7;0,47062806
SYN_156;Pharma;2023-01; 126 828,64 ;0,317538234;0,551771956;0,3618;0,6;0,34574577
SYN_156;Pharma;2023-07; 13 290,09 ;0,157575758;0,519606646;0,3618;0,6;0,60629882
SYN_156;Pharma;2023-12; 18 365,46 ;0,400415445;0,483087345;0,3618;0,6;0,51505165
SYN_156;Textiles;2023-06; 49 481,95 ;0,553152493;0,484366938;0,3882;0,6;0,57250529
SYN_156;Textiles;2023-07; 5 277,29 ;0,659579668;0,519606646;0,3882;0,6;0,60629882
SYN_157;Electronics;2023-01; 63 344,59 ;0,308532832;0,491449068;0,375;1;0,34574577
SYN_157;Electronics;2023-03; 41 483,90 ;0,042130987;0,491449068;0,375;1;0,4592466
SYN_157;Electronics;2023-05; 42 748,58 ;0,431476051;0,494248658;0,375;1;0,60615315
SYN_157;Food;2023-02; 47 702,38 ;0,075464321;0,491449068;0,4013;1;0,35011977
SYN_157;Food;2023-03; 7 398,82 ;0,636217009;0,491449068;0,4013;1;0,4592466
SYN_157;Food;2023-07; 55 107,48 ;0,778326002;0,477627765;0,4013;1;0,60629882
SYN_157;Food;2023-08; 79 854,42 ;0,237996878;0,477627765;0,4013;1;0,47062806
SYN_157;Machinery;2023-04; 101 103,57 ;0,243389515;0,494248658;0,4145;1;0,56031868
SYN_157;Machinery;2023-08; 23 417,99 ;0,163685239;0,477627765;0,4145;1;0,47062806
SYN_157;Machinery;2023-09; 59 817,15 ;0,090664712;0,477627765;0,4145;1;0,45950501
SYN_157;Machinery;2023-11; 53 959,77 ;0,136273216;0,502945988;0,4145;1;0,53975639
SYN_157;Pharma;2023-03; 39 312,38 ;0,508087995;0,491449068;0,3618;1;0,4592466
SYN_157;Pharma;2023-04; 49 492,36 ;0,391478495;0,494248658;0,3618;1;0,56031868
SYN_157;Pharma;2023-06; 34 850,12 ;0,72441349;0,494248658;0,3618;1;0,57250529
SYN_157;Pharma;2023-11; 49 832,27 ;0,583553275;0,502945988;0,3618;1;0,53975639
SYN_157;Textiles;2023-02; 21 140,22 ;0,468572825;0,491449068;0,3882;1;0,35011977
SYN_157;Textiles;2023-06; 57 778,88 ;0,34026146;0,494248658;0,3882;1;0,57250529
SYN_157;Textiles;2023-08; 52 261,66 ;0,106549365;0,477627765;0,3882;1;0,47062806
SYN_158;Electronics;2023-02; 91 971,83 ;0,503980938;0,305372981;0,2862;0,2;0,36525408
SYN_158;Electronics;2023-07; 30 520,05 ;0,808651026;0,309077005;0,2862;0,2;0,37775133
SYN_158;Electronics;2023-08; 3 199,39 ;0,590395894;0,309077005;0,2862;0,2;0,35693505
SYN_158;Electronics;2023-10; 218 511,81 ;0,340391784;0,29113999;0,2862;0,2;0,44253673
SYN_158;Food;2023-01; 140 052,37 ;0,46147025;0,305372981;0,2915;0,2;0,26917885
SYN_158;Food;2023-03; 117 507,68 ;0,31260582;0,305372981;0,2915;0,2;0,47604927
SYN_158;Food;2023-07; 61 941,07 ;0,434723851;0,309077005;0,2915;0,2;0,37775133
SYN_158;Food;2023-10; 80 586,97 ;0,201612903;0,29113999;0,2915;0,2;0,44253673
SYN_158;Machinery;2023-01; 34 952,67 ;0,163685239;0,305372981;0,2968;0,3;0,26917885
SYN_158;Machinery;2023-05; 39 519,83 ;0,236217009;0,320405981;0,2968;0,3;0,42262169
SYN_158;Machinery;2023-08; 13 282,36 ;0,219110459;0,309077005;0,2968;0,3;0,35693505
SYN_158;Pharma;2023-09; 22 178,28 ;0,191300098;0,309077005;0,2565;0,3;0,41456793
SYN_158;Textiles;2023-04; 50 892,18 ;0,248908026;0,320405981;0,3344;0,2;0,40007626
SYN_158;Textiles;2023-08; 44 927,43 ;0,106891496;0,309077005;0,3344;0,2;0,35693505
SYN_158;Textiles;2023-09; 35 685,44 ;0,215102639;0,309077005;0,3344;0,2;0,41456793
SYN_158;Textiles;2023-10; 203 475,27 ;0,205083177;0,29113999;0,3344;0,2;0,44253673
SYN_158;Textiles;2023-12; 32 546,17 ;0,16001955;0,29113999;0,3344;0,2;0,50061341
SYN_159;Electronics;2023-03; 49 059,59 ;0,18797654;0,400839378;0,6628;0,2;0,48516614
SYN_159;Electronics;2023-05; 21 437,79 ;0,161241447;0,383616648;0,6628;0,2;0,3890917
SYN_159;Electronics;2023-10; 41 747,54 ;0,54572245;0,413342143;0,6628;0,2;0,67873961
SYN_159;Food;2023-03; 22 407,57 ;0,07629521;0,400839378;0,6488;0,2;0,48516614
SYN_159;Food;2023-04; 64 960,07 ;0,495097752;0,383616648;0,6488;0,2;0,36314411
SYN_159;Food;2023-06; 5 872,88 ;0,176539589;0,383616648;0,6488;0,2;0,35446782
SYN_159;Food;2023-08; 82 783,94 ;0,440818671;0,37238377;0,6488;0,2;0,64148829
SYN_159;Machinery;2023-01; 7 268,08 ;0,350153785;0,400839378;0,743;0,3;0,49695702
SYN_159;Machinery;2023-04; 50 428,88 ;0,214076246;0,383616648;0,743;0,3;0,36314411
SYN_159;Machinery;2023-06; 75 141,61 ;0,273381455;0,383616648;0,743;0,3;0,35446782
SYN_159;Machinery;2023-09; 83 102,82 ;0,151289642;0,37238377;0,743;0,3;0,53566328
SYN_159;Machinery;2023-12; 23 079,05 ;0,184213099;0,413342143;0,743;0,3;0,60394445
SYN_159;Pharma;2023-01; 222 782,78 ;0,329887644;0,400839378;0,6013;0,3;0,49695702
SYN_159;Textiles;2023-04; 2 400,22 ;0,538782991;0,383616648;0,7113;0,2;0,36314411
SYN_159;Textiles;2023-07; 11 228,72 ;0,016324536;0,37238377;0,7113;0,2;0,5627309
SYN_159;Textiles;2023-12; 10 962,27 ;0,363880743;0,413342143;0,7113;0,2;0,60394445
SYN_16;Electronics;2023-05; 62 458,82 ;0,358178456;0,427812362;0,6628;1;0,3890917
SYN_16;Electronics;2023-10; 26 789,28 ;0,384562561;0,388685629;0,6628;1;0,67873961
SYN_16;Food;2023-03; 23 349,91 ;0,600904203;0,377917556;0,6488;1;0,48516614
SYN_16;Food;2023-04; 64 390,29 ;0,147507331;0,427812362;0,6488;1;0,36314411
SYN_16;Food;2023-06; 4 504,67 ;0,225659824;0,427812362;0,6488;1;0,35446782
SYN_16;Food;2023-08; 40 075,76 ;0,237781036;0,457166474;0,6488;1;0,64148829
SYN_16;Machinery;2023-01; 13 911,78 ;0,156755245;0,377917556;0,743;1;0,49695702
SYN_16;Machinery;2023-04; 52 821,44 ;0,416967253;0,427812362;0,743;1;0,36314411
SYN_16;Machinery;2023-06; 53 176,63 ;0,051295158;0,427812362;0,743;1;0,35446782
SYN_16;Machinery;2023-09; 21 032,78 ;0,181085044;0,457166474;0,743;1;0,53566328
SYN_16;Pharma;2023-01; 220 986,05 ;0,446074369;0,377917556;0,6013;1;0,49695702
SYN_16;Pharma;2023-12; 29 993,01 ;0,151783969;0,388685629;0,6013;1;0,60394445
SYN_16;Textiles;2023-04; 3 906,36 ;0,164369501;0,427812362;0,7113;1;0,36314411
SYN_16;Textiles;2023-07; 39 867,92 ;0,197112173;0,457166474;0,7113;1;0,5627309
SYN_16;Textiles;2023-12; 14 456,09 ;0,182718286;0,388685629;0,7113;1;0,60394445
SYN_160;Electronics;2023-10; 65 387,83 ;0,065786901;0,479425598;0,6628;0,2;0,67873961
SYN_160;Food;2023-01; 39 000,35 ;0,218499459;0,443501098;0,6488;0,2;0,49695702
SYN_160;Food;2023-03; 44 641,61 ;0,330513196;0,443501098;0,6488;0,2;0,48516614
SYN_160;Food;2023-07; 131 492,25 ;0,555835548;0,528037721;0,6488;0,2;0,5627309
SYN_160;Machinery;2023-03; 40 803,35 ;0,452981427;0,443501098;0,743;0,3;0,48516614
SYN_160;Machinery;2023-08; 62 280,10 ;0,693216031;0,528037721;0,743;0,3;0,64148829
SYN_160;Machinery;2023-10; 27 405,59 ;0,557258065;0,479425598;0,743;0,3;0,67873961
SYN_160;Pharma;2023-03; 26 247,19 ;0,203176931;0,443501098;0,6013;0,3;0,48516614
SYN_160;Pharma;2023-04; 63 137,68 ;0,502296207;0,441331283;0,6013;0,3;0,36314411
SYN_160;Pharma;2023-07; 70 947,07 ;0,204956413;0,528037721;0,6013;0,3;0,5627309
SYN_160;Pharma;2023-10; 24 710,00 ;0,09198436;0,479425598;0,6013;0,3;0,67873961
SYN_160;Pharma;2023-11; 21 002,47 ;0,073736559;0,479425598;0,6013;0,3;0,54955598
SYN_160;Textiles;2023-04; 130 339,14 ;0,411990049;0,441331283;0,7113;0,2;0,36314411
SYN_160;Textiles;2023-06; 185 950,93 ;0,358067946;0,441331283;0,7113;0,2;0,35446782
SYN_161;Electronics;2023-01; 20 516,93 ;0,217546432;0,354708902;0,2907;1;0,21163815
SYN_161;Electronics;2023-03; 144 917,82 ;0,261234383;0,354708902;0,2907;1;0,36814859
SYN_161;Electronics;2023-05; 14 407,46 ;0,100293255;0,356294219;0,2907;1;0,30178102
SYN_161;Electronics;2023-06; 29 528,86 ;0,010068426;0,356294219;0,2907;1;0,35147487
SYN_161;Food;2023-05; 20 660,45 ;0,47016129;0,356294219;0,3059;1;0,30178102
SYN_161;Food;2023-10; 21 884,16 ;0,329186217;0,393938468;0,3059;1;0,54919923
SYN_161;Food;2023-11; 68 535,62 ;0,138154936;0,393938468;0,3059;1;0,48557661
SYN_161;Food;2023-12; 64 132,39 ;0,324965787;0,393938468;0,3059;1;0,52459195
SYN_161;Machinery;2023-03; 48 836,61 ;0,642155425;0,354708902;0,3137;1;0,36814859
SYN_161;Machinery;2023-04; 26 696,37 ;0,380686973;0,356294219;0,3137;1;0,28337446
SYN_161;Machinery;2023-11; 19 265,12 ;0,006549365;0,393938468;0,3137;1;0,48557661
SYN_161;Pharma;2023-01; 109 233,97 ;0,172759998;0,354708902;0,2519;1;0,21163815
SYN_161;Pharma;2023-05; 66 768,11 ;0,068523949;0,356294219;0,2519;1;0,30178102
SYN_161;Pharma;2023-06; 55 275,36 ;0,346324536;0,356294219;0,2519;1;0,35147487
SYN_161;Textiles;2023-02; 12 307,87 ;0,575855327;0,354708902;0,348;1;0,23814873
SYN_161;Textiles;2023-05; 18 714,43 ;0,198631476;0,356294219;0,348;1;0,30178102
SYN_161;Textiles;2023-07; 40 703,65 ;0,559967709;0,40689905;0,348;1;0,39839994
SYN_161;Textiles;2023-08; 136 508,02 ;0,445823839;0,40689905;0,348;1;0,52340736
SYN_161;Textiles;2023-12; 19 958,07 ;0,104496579;0,393938468;0,348;1;0,52459195
SYN_162;Electronics;2023-04; 47 171,60 ;0,0739565;0,474439104;0,375;0,2;0,56031868
SYN_162;Electronics;2023-06; 166 561,11 ;0,546476018;0,474439104;0,375;0,2;0,57250529
SYN_162;Electronics;2023-09; 4 805,95 ;0,543646139;0,474886233;0,375;0,2;0,45950501
SYN_162;Electronics;2023-10; 79 040,78 ;0,579775171;0,429221003;0,375;0,2;0,42817427
SYN_162;Food;2023-01; 32 029,34 ;0,136347344;0,484345496;0,4013;0,2;0,34574577
SYN_162;Food;2023-02; 36 803,37 ;0,384088465;0,484345496;0,4013;0,2;0,35011977
SYN_162;Food;2023-10; 249 702,27 ;0,320321658;0,429221003;0,4013;0,2;0,42817427
SYN_162;Machinery;2023-12; 10 021,39 ;0,146544477;0,429221003;0,4145;0,3;0,51505165
SYN_162;Pharma;2023-04; 33 133,17 ;0,10742913;0,474439104;0,3618;0,3;0,56031868
SYN_162;Pharma;2023-09; 40 365,48 ;0,2714565;0,474886233;0,3618;0,3;0,45950501
SYN_162;Pharma;2023-11; 168 656,08 ;0,382859326;0,429221003;0,3618;0,3;0,53975639
SYN_162;Textiles;2023-02; 113 630,58 ;0,450693124;0,484345496;0,3882;0,2;0,35011977
SYN_162;Textiles;2023-09; 98 608,35 ;0,330016933;0,474886233;0,3882;0,2;0,45950501
SYN_163;Electronics;2023-01; 18 111,68 ;0,144819159;0,275749386;0,375;0;0,34574577
SYN_163;Electronics;2023-05; 47 755,95 ;0,085630499;0,28870986;0,375;0;0,60615315
SYN_163;Electronics;2023-07; 7 170,14 ;0,198792766;0,275472834;0,375;0;0,60629882
SYN_163;Electronics;2023-08; 151 188,51 ;0,447808874;0,275472834;0,375;0;0,47062806
SYN_163;Electronics;2023-09; 136 317,76 ;0,475936579;0,275472834;0,375;0;0,45950501
SYN_163;Food;2023-01; 70 236,21 ;0,267578201;0,275749386;0,4013;0;0,34574577
SYN_163;Food;2023-04; 26 381,50 ;0,49068915;0,28870986;0,4013;0;0,56031868
SYN_163;Food;2023-07; 6 938,78 ;0,131964809;0,275472834;0,4013;0;0,60629882
SYN_163;Food;2023-10; 25 646,14 ;0,517595308;0,27702369;0,4013;0;0,42817427
SYN_163;Food;2023-11; 59 229,43 ;0,348880743;0,27702369;0,4013;0;0,53975639
SYN_163;Machinery;2023-02; 17 402,67 ;0,41273216;0,275749386;0,4145;0;0,35011977
SYN_163;Machinery;2023-03; 132 731,62 ;0,135516455;0,275749386;0,4145;0;0,4592466
SYN_163;Machinery;2023-09; 21 857,90 ;0,222629521;0,275472834;0,4145;0;0,45950501
SYN_163;Pharma;2023-02; 37 222,12 ;0,002443793;0,275749386;0,3618;0;0,35011977
SYN_163;Pharma;2023-03; 23 591,09 ;0,125171065;0,275749386;0,3618;0;0,4592466
SYN_163;Pharma;2023-12; 36 463,85 ;0,108567937;0,27702369;0,3618;0;0,51505165
SYN_163;Textiles;2023-01; 23 756,56 ;0,110752688;0,275749386;0,3882;0;0,34574577
SYN_163;Textiles;2023-08; 300 007,06 ;0,367926001;0,275472834;0,3882;0;0,47062806
SYN_164;Electronics;2023-01; 19 192,66 ;0,571676442;0,310190681;0,375;0,3;0,34574577
SYN_164;Electronics;2023-05; 97 197,73 ;0,342495112;0,318171186;0,375;0,3;0,60615315
SYN_164;Electronics;2023-08; 92 093,88 ;0,171562346;0,329093826;0,375;0,3;0,47062806
SYN_164;Electronics;2023-09; 92 010,41 ;0,396586022;0,329093826;0,375;0,3;0,45950501
SYN_164;Electronics;2023-10; 26 430,64 ;0,071847507;0,287018459;0,375;0,3;0,42817427
SYN_164;Food;2023-01; 141 087,40 ;0,378734517;0,310190681;0,4013;0,2;0,34574577
SYN_164;Food;2023-04; 83 630,69 ;0,449601792;0,318171186;0,4013;0,2;0,56031868
SYN_164;Food;2023-07; 7 146,79 ;0,127077224;0,329093826;0,4013;0,2;0,60629882
SYN_164;Food;2023-10; 70 753,68 ;0,328516618;0,287018459;0,4013;0,2;0,42817427
SYN_164;Food;2023-11; 59 598,33 ;0,013734115;0,287018459;0,4013;0,2;0,53975639
SYN_164;Machinery;2023-02; 18 407,25 ;0,585483871;0,310190681;0,4145;0,4;0,35011977
SYN_164;Machinery;2023-03; 45 082,59 ;0,185679374;0,310190681;0,4145;0,4;0,4592466
SYN_164;Machinery;2023-12; 39 848,06 ;0,082795699;0,287018459;0,4145;0,4;0,51505165
SYN_164;Pharma;2023-02; 38 210,30 ;0,42959433;0,310190681;0,3618;0,3;0,35011977
SYN_164;Pharma;2023-03; 23 158,04 ;0,126832845;0,310190681;0,3618;0,3;0,4592466
SYN_164;Pharma;2023-04; 73 049,72 ;0,047841264;0,318171186;0,3618;0,3;0,56031868
SYN_164;Pharma;2023-12; 7 063,51 ;0,60200391;0,287018459;0,3618;0,3;0,51505165
SYN_164;Textiles;2023-01; 23 271,52 ;0,534775171;0,310190681;0,3882;0,4;0,34574577
SYN_164;Textiles;2023-08; 81 827,01 ;0,185606061;0,329093826;0,3882;0,4;0,47062806
SYN_164;Textiles;2023-10; 38 567,91 ;0,501270772;0,287018459;0,3882;0,4;0,42817427
SYN_165;Electronics;2023-02; 93 197,85 ;0,247360704;0,254982719;0,35;0,3;3,06203568
SYN_165;Electronics;2023-08; 2 339,32 ;0,543719453;0,244475376;0,35;0,3;23,2739316
SYN_165;Electronics;2023-10; 202 162,82 ;0,231018325;0,215176598;0,35;0,3;22,7623215
SYN_165;Food;2023-01; 45 698,53 ;0,053910068;0,254982719;0,3676;0,2;0,22288092
SYN_165;Food;2023-03; 39 464,84 ;0,13514174;0,254982719;0,3676;0,2;7,09330345
SYN_165;Food;2023-07; 32 475,97 ;0,202468231;0,244475376;0,3676;0,2;20,331262
SYN_165;Food;2023-10; 81 195,71 ;0,539462366;0,215176598;0,3676;0,2;22,7623215
SYN_165;Machinery;2023-01; 34 510,55 ;0,162609971;0,254982719;0,3983;0,4;0,22288092
SYN_165;Machinery;2023-05; 79 366,05 ;0,232453568;0,24642563;0,3983;0,4;15,0878466
SYN_165;Machinery;2023-08; 39 465,30 ;0,218426197;0,244475376;0,3983;0,4;23,2739316
SYN_165;Pharma;2023-04; 86 507,11 ;0,293158618;0,24642563;0,2974;0,3;12,2583633
SYN_165;Pharma;2023-09; 47 963,27 ;0,189931574;0,244475376;0,2974;0,3;22,0880164
SYN_165;Textiles;2023-03; 49 203,99 ;0,050904203;0,254982719;0,4135;0,4;7,09330345
SYN_165;Textiles;2023-04; 51 498,93 ;0,159673488;0,24642563;0,4135;0,4;12,2583633
SYN_165;Textiles;2023-10; 160 176,88 ;0,257571271;0,215176598;0,4135;0,4;22,7623215
SYN_165;Textiles;2023-12; 32 543,37 ;0,160117302;0,215176598;0,4135;0,4;21,4035561
SYN_166;Electronics;2023-03; 47 203,27 ;0,613758553;0,210136435;0,2862;1;0,47604927
SYN_166;Electronics;2023-05; 21 703,69 ;0,161045943;0,242283688;0,2862;1;0,42262169
SYN_166;Electronics;2023-10; 41 511,53 ;0,181264255;0,242907915;0,2862;1;0,44253673
SYN_166;Electronics;2023-12; 30 052,74 ;0,520601173;0,242907915;0,2862;1;0,50061341
SYN_166;Food;2023-03; 44 323,86 ;0,05438172;0,210136435;0,2915;1;0,47604927
SYN_166;Food;2023-04; 161 083,30 ;0,157292337;0,242283688;0,2915;1;0,40007626
SYN_166;Food;2023-06; 8 481,83 ;0,176246334;0,242283688;0,2915;1;0,3516715
SYN_166;Food;2023-08; 42 075,58 ;0,238074291;0,206301414;0,2915;1;0,35693505
SYN_166;Machinery;2023-01; 10 036,95 ;0,131891496;0,210136435;0,2968;1;0,26917885
SYN_166;Machinery;2023-04; 24 826,88 ;0,213049853;0,242283688;0,2968;1;0,40007626
SYN_166;Machinery;2023-06; 35 464,97 ;0,009677419;0,242283688;0,2968;1;0,3516715
SYN_166;Machinery;2023-09; 41 632,48 ;0,133333333;0,206301414;0,2968;1;0,41456793
SYN_166;Pharma;2023-01; 112 429,74 ;0,569891515;0,210136435;0,2565;1;0,26917885
SYN_166;Pharma;2023-12; 28 823,13 ;0,153152493;0,242907915;0,2565;1;0,50061341
SYN_166;Textiles;2023-05; 105 122,66 ;0,193263226;0,242283688;0,3344;1;0,42262169
SYN_166;Textiles;2023-12; 16 553,51 ;0,205351854;0,242907915;0,3344;1;0,50061341
SYN_167;Electronics;2023-02; 46 394,58 ;0,248338221;0,29260279;0,6628;1;0,43219389
SYN_167;Electronics;2023-05; 114 424,51 ;0,142395705;0,29891426;0,6628;1;0,3890917
SYN_167;Electronics;2023-07; 61 320,81 ;0,411493157;0,322429517;0,6628;1;0,5627309
SYN_167;Electronics;2023-08; 7 654,84 ;0,427490225;0,322429517;0,6628;1;0,64148829
SYN_167;Electronics;2023-10; 204 923,31 ;0,334386328;0,287357262;0,6628;1;0,67873961
SYN_167;Food;2023-01; 46 663,57 ;0,054692082;0,29260279;0,6488;1;0,49695702
SYN_167;Food;2023-03; 39 008,88 ;0,132795699;0,29260279;0,6488;1;0,48516614
SYN_167;Food;2023-07; 32 904,72 ;0,228641251;0,322429517;0,6488;1;0,5627309
SYN_167;Food;2023-10; 40 869,80 ;0,602785924;0,287357262;0,6488;1;0,67873961
SYN_167;Machinery;2023-05; 79 175,76 ;0,438814761;0,29891426;0,743;1;0,3890917
SYN_167;Pharma;2023-09; 23 576,21 ;0,190127077;0,322429517;0,6013;1;0,53566328
SYN_167;Textiles;2023-03; 46 135,23 ;0,026686217;0,29260279;0,7113;1;0,48516614
SYN_167;Textiles;2023-04; 64 736,37 ;0,407647066;0,29891426;0,7113;1;0,36314411
SYN_167;Textiles;2023-09; 36 010,29 ;0,218523949;0,322429517;0,7113;1;0,53566328
SYN_167;Textiles;2023-10; 157 171,06 ;0,235027838;0,287357262;0,7113;1;0,67873961
SYN_167;Textiles;2023-12; 95 086,12 ;0,421501121;0,287357262;0,7113;1;0,60394445
SYN_168;Electronics;2023-02; 3 764,25 ;0,172336266;0,22549416;0,375;1;0,35011977
SYN_168;Food;2023-02; 75 759,09 ;0,49627566;0,22549416;0,4013;1;0,35011977
SYN_168;Food;2023-03; 2 918,10 ;0,146627566;0,22549416;0,4013;1;0,4592466
SYN_168;Food;2023-05; 184 898,53 ;0,177458544;0,206933296;0,4013;1;0,60615315
SYN_168;Food;2023-06; 14 174,73 ;0,595747801;0,206933296;0,4013;1;0,57250529
SYN_168;Machinery;2023-02; 41 225,05 ;0,251649534;0,22549416;0,4145;1;0,35011977
SYN_168;Machinery;2023-04; 77 431,39 ;0,177614858;0,206933296;0,4145;1;0,56031868
SYN_168;Machinery;2023-05; 14 856,19 ;0,28804741;0,206933296;0,4145;1;0,60615315
SYN_168;Machinery;2023-06; 194 170,94 ;0,172760526;0,206933296;0,4145;1;0,57250529
SYN_168;Machinery;2023-10; 147 389,30 ;0,386990824;0,227824951;0,4145;1;0,42817427
SYN_168;Pharma;2023-01; 41 626,10 ;0,152248289;0,22549416;0,3618;1;0,34574577
SYN_168;Pharma;2023-04; 25 593,24 ;0,097050342;0,206933296;0,3618;1;0,56031868
SYN_168;Pharma;2023-05; 51 370,11 ;0,374753177;0,206933296;0,3618;1;0,60615315
SYN_168;Pharma;2023-06; 39 774,62 ;0,116210492;0,206933296;0,3618;1;0,57250529
SYN_168;Textiles;2023-02; 36 923,85 ;0,088954057;0,22549416;0,3882;1;0,35011977
SYN_168;Textiles;2023-06; 49 294,50 ;0,099657869;0,206933296;0,3882;1;0,57250529
SYN_168;Textiles;2023-11; 5 342,89 ;0,609775171;0,227824951;0,3882;1;0,53975639
SYN_169;Electronics;2023-01; 9 583,01 ;0,228396872;0,481738669;0,288;0,3;0,17915831
SYN_169;Electronics;2023-03; 2 312,53 ;0,286021505;0,481738669;0,288;0,3;0,31209306
SYN_169;Electronics;2023-10; 239 429,92 ;0,151504014;0,484371331;0,288;0,3;0,57175634
SYN_169;Electronics;2023-12; 45 008,93 ;0,51393695;0,484371331;0,288;0,3;0,53225831
SYN_169;Food;2023-01; 25 958,42 ;0,524437928;0,481738669;0,2754;0,2;0,17915831
SYN_169;Food;2023-03; 118 186,74 ;0,26129748;0,481738669;0,2754;0,2;0,31209306
SYN_169;Food;2023-09; 3 885,03 ;0,590273705;0,555189557;0,2754;0,2;0,50830088
SYN_169;Food;2023-11; 43 247,07 ;0,56014174;0,484371331;0,2754;0,2;0,59073233
SYN_169;Machinery;2023-01; 21 868,15 ;0,116177908;0,481738669;0,3103;0,4;0,17915831
SYN_169;Machinery;2023-02; 36 492,97 ;0,210344575;0,481738669;0,3103;0,4;0,22408182
SYN_169;Machinery;2023-06; 10 057,90 ;0,180254154;0,539438534;0,3103;0,4;0,31698709
SYN_169;Machinery;2023-08; 40 070,79 ;0,140860215;0,555189557;0,3103;0,4;0,48615589
SYN_169;Machinery;2023-10; 10 910,90 ;0,619330401;0,484371331;0,3103;0,4;0,57175634
SYN_169;Pharma;2023-01; 14 887,81 ;0,740782014;0,481738669;0,2532;0,3;0,17915831
SYN_169;Pharma;2023-04; 66 131,85 ;0,598861193;0,539438534;0,2532;0,3;0,45041658
SYN_169;Pharma;2023-06; 8 294,46 ;0,236981916;0,539438534;0,2532;0,3;0,31698709
SYN_169;Textiles;2023-02; 17 875,80 ;0,623973607;0,481738669;0,3321;0,4;0,22408182
SYN_169;Textiles;2023-05; 3 447,28 ;0,25614057;0,539438534;0,3321;0,4;0,49656506
SYN_169;Textiles;2023-10; 6 323,77 ;0,069501466;0,484371331;0,3321;0,4;0,57175634
SYN_17;Electronics;2023-03; 193 739,81 ;0,174866674;0,475570088;0,4725;1;0,27292397
SYN_17;Electronics;2023-05; 27 111,65 ;0,786510264;0,495712273;0,4725;1;0,36385843
SYN_17;Electronics;2023-10; 113 578,80 ;0,413550753;0,538382898;0,4725;1;0,56951902
SYN_17;Electronics;2023-11; 22 579,77 ;0,172669781;0,538382898;0,4725;1;0,71857197
SYN_17;Food;2023-01; 22 373,86 ;0,646060606;0,475570088;0,4348;1;0,20624843
SYN_17;Food;2023-08; 37 000,32 ;0,088090583;0,542977233;0,4348;1;0,62832864
SYN_17;Machinery;2023-03; 34 961,96 ;0,582578201;0,475570088;0,5268;1;0,27292397
SYN_17;Machinery;2023-04; 39 826,53 ;0,142424242;0,495712273;0,5268;1;0,47128027
SYN_17;Machinery;2023-05; 64 251,55 ;0,218352832;0,495712273;0,5268;1;0,36385843
SYN_17;Pharma;2023-01; 28 639,97 ;0,586451613;0,475570088;0,4306;1;0,20624843
SYN_17;Pharma;2023-06; 15 742,32 ;0,182893451;0,495712273;0,4306;1;0,41233626
SYN_17;Pharma;2023-08; 9 801,25 ;0,084457478;0,542977233;0,4306;1;0,62832864
SYN_17;Textiles;2023-05; 35 634,82 ;0,2278739;0,495712273;0,4987;1;0,36385843
SYN_17;Textiles;2023-06; 10 341,93 ;0,11969697;0,495712273;0,4987;1;0,41233626
SYN_17;Textiles;2023-07; 37 739,35 ;0,644941349;0,542977233;0,4987;1;0,66446907
SYN_17;Textiles;2023-09; 34 709,44 ;0,147311828;0,542977233;0,4987;1;0,39009953
SYN_17;Textiles;2023-12; 9 427,97 ;0,403812317;0,538382898;0,4987;1;0,82499133
SYN_18;Electronics;2023-06; 31 310,45 ;0,500464321;0,364587582;0,6628;0,3;0,35446782
SYN_18;Electronics;2023-10; 38 400,68 ;0,463318671;0,388302258;0,6628;0,3;0,67873961
SYN_18;Food;2023-03; 4 628,96 ;0,433626588;0,353572384;0,6488;0,2;0,48516614
SYN_18;Food;2023-06; 20 780,57 ;0,531891496;0,364587582;0,6488;0,2;0,35446782
SYN_18;Food;2023-07; 39 846,20 ;0,463905181;0,377464764;0,6488;0,2;0,5627309
SYN_18;Machinery;2023-01; 88 003,88 ;0,307163559;0,353572384;0,743;0,4;0,49695702
SYN_18;Machinery;2023-05; 31 460,48 ;0,458529552;0,364587582;0,743;0,4;0,3890917
SYN_18;Machinery;2023-06; 122 516,28 ;0,407978801;0,364587582;0,743;0,4;0,35446782
SYN_18;Machinery;2023-10; 969,51 ;0,018670577;0,388302258;0,743;0,4;0,67873961
SYN_18;Pharma;2023-03; 210 132,79 ;0,272465317;0,353572384;0,6013;0,3;0,48516614
SYN_18;Pharma;2023-08; 7 490,02 ;0,068768328;0,377464764;0,6013;0,3;0,64148829
SYN_18;Pharma;2023-11; 67 388,34 ;0,176197458;0,388302258;0,6013;0,3;0,54955598
SYN_18;Textiles;2023-02; 22 485,32 ;0,505107527;0,353572384;0,7113;0,4;0,43219389
SYN_18;Textiles;2023-04; 91 783,73 ;0,291548524;0,364587582;0,7113;0,4;0,36314411
SYN_18;Textiles;2023-05; 37 055,47 ;0,213514174;0,364587582;0,7113;0,4;0,3890917
SYN_18;Textiles;2023-08; 10 054,26 ;0,401173021;0,377464764;0,7113;0,4;0,64148829
SYN_18;Textiles;2023-12; 44 045,35 ;0,079912023;0,388302258;0,7113;0,4;0,60394445
SYN_19;Electronics;2023-02; 58 418,41 ;0,555857771;0,646608917;0,6628;1;0,43219389
SYN_19;Electronics;2023-05; 18 325,82 ;0,205962854;0,635127693;0,6628;1;0,3890917
SYN_19;Electronics;2023-07; 31 276,50 ;0,038514174;0,682263211;0,6628;1;0,5627309
SYN_19;Electronics;2023-08; 31 937,23 ;0,668397828;0,682263211;0,6628;1;0,64148829
SYN_19;Electronics;2023-10; 45 161,36 ;0,426173021;0,706871707;0,6628;1;0,67873961
SYN_19;Food;2023-04; 8 699,73 ;0,04044477;0,635127693;0,6488;1;0,36314411
SYN_19;Food;2023-08; 27 858,33 ;0,571969697;0,682263211;0,6488;1;0,64148829
SYN_19;Food;2023-11; 26 221,86 ;0,648778104;0,706871707;0,6488;1;0,54955598
SYN_19;Food;2023-12; 27 713,35 ;0,311145532;0,706871707;0,6488;1;0,60394445
SYN_19;Machinery;2023-04; 4 104,64 ;0,159970674;0,635127693;0,743;1;0,36314411
SYN_19;Machinery;2023-09; 33 181,12 ;0,57700391;0,682263211;0,743;1;0,53566328
SYN_19;Machinery;2023-10; 100 686,55 ;0,221098078;0,706871707;0,743;1;0,67873961
SYN_19;Machinery;2023-12; 14 161,37 ;0,83707478;0,706871707;0,743;1;0,60394445
SYN_19;Pharma;2023-01; 32 093,23 ;0,252667781;0,646608917;0,6013;1;0,49695702
SYN_19;Pharma;2023-03; 84 961,28 ;0,055571848;0,646608917;0,6013;1;0,48516614
SYN_19;Pharma;2023-08; 2 257,36 ;0,099315738;0,682263211;0,6013;1;0,64148829
SYN_19;Pharma;2023-09; 14 292,49 ;0,789540567;0,682263211;0,6013;1;0,53566328
SYN_19;Pharma;2023-12; 1 374,73 ;0,160654936;0,706871707;0,6013;1;0,60394445
SYN_19;Textiles;2023-03; 42 878,69 ;0,61297654;0,646608917;0,7113;1;0,48516614
SYN_2;Electronics;2023-04; 138 995,47 ;0,254891632;0,323543517;0,4725;1;0,47128027
SYN_2;Electronics;2023-05; 80 412,27 ;0,051906158;0,323543517;0,4725;1;0,36385843
SYN_2;Electronics;2023-06; 26 852,73 ;0,052297165;0,323543517;0,4725;1;0,41233626
SYN_2;Electronics;2023-07; 155 449,69 ;0,409928458;0,388417203;0,4725;1;0,66446907
SYN_2;Electronics;2023-08; 106 872,03 ;0,284472781;0,388417203;0,4725;1;0,62832864
SYN_2;Food;2023-06; 26 078,84 ;0,848338221;0,323543517;0,4348;1;0,41233626
SYN_2;Machinery;2023-10; 31 278,77 ;0,609848485;0,355446757;0,5268;1;0,56951902
SYN_2;Pharma;2023-03; 29 880,49 ;0,492155425;0,388200512;0,4306;1;0,27292397
SYN_2;Pharma;2023-05; 44 299,26 ;0,186803519;0,323543517;0,4306;1;0,36385843
SYN_2;Pharma;2023-06; 114 011,60 ;0,207836429;0,323543517;0,4306;1;0,41233626
SYN_2;Pharma;2023-08; 3 163,00 ;0,127370479;0,388417203;0,4306;1;0,62832864
SYN_2;Pharma;2023-12; 28 190,48 ;0,60672043;0,355446757;0,4306;1;0,82499133
SYN_2;Textiles;2023-03; 44 349,15 ;0,154545455;0,388200512;0,4987;1;0,27292397
SYN_2;Textiles;2023-06; 26 346,42 ;0,457627077;0,323543517;0,4987;1;0,41233626
SYN_2;Textiles;2023-07; 46 436,28 ;0,510337243;0,388417203;0,4987;1;0,66446907
SYN_2;Textiles;2023-08; 84 283,68 ;0,07086999;0,388417203;0,4987;1;0,62832864
SYN_2;Textiles;2023-09; 17 826,23 ;0,305968165;0,388417203;0,4987;1;0,39009953
SYN_2;Textiles;2023-12; 18 708,28 ;0,132453568;0,355446757;0,4987;1;0,82499133
SYN_20;Electronics;2023-03; 132 050,02 ;0,290009349;0,496703535;0,6628;1;0,48516614
SYN_20;Electronics;2023-08; 33 859,81 ;0,462927664;0,502125557;0,6628;1;0,64148829
SYN_20;Food;2023-03; 8 519,07 ;0,594257087;0,496703535;0,6488;1;0,48516614
SYN_20;Food;2023-04; 73 102,11 ;0,51419153;0,511163384;0,6488;1;0,36314411
SYN_20;Food;2023-05; 26 057,72 ;0,449142229;0,511163384;0,6488;1;0,3890917
SYN_20;Food;2023-07; 38 406,99 ;0,13597263;0,502125557;0,6488;1;0,5627309
SYN_20;Food;2023-08; 3 331,89 ;0,064711632;0,502125557;0,6488;1;0,64148829
SYN_20;Food;2023-09; 83 448,95 ;0,212687279;0,502125557;0,6488;1;0,53566328
SYN_20;Food;2023-12; 33 456,24 ;0,111461388;0,45962197;0,6488;1;0,60394445
SYN_20;Machinery;2023-09; 42 028,48 ;0,114662757;0,502125557;0,743;1;0,53566328
SYN_20;Machinery;2023-10; 14 160,43 ;0,017008798;0,45962197;0,743;1;0,67873961
SYN_20;Machinery;2023-12; 199 559,09 ;0,39601173;0,45962197;0,743;1;0,60394445
SYN_20;Pharma;2023-08; 14 946,32 ;0,242913001;0,502125557;0,6013;1;0,64148829
SYN_20;Pharma;2023-12; 16 384,84 ;0,302035679;0,45962197;0,6013;1;0,60394445
SYN_20;Textiles;2023-02; 11 998,61 ;0,61356305;0,496703535;0,7113;1;0,43219389
SYN_20;Textiles;2023-04; 42 089,92 ;0,296041056;0,511163384;0,7113;1;0,36314411
SYN_20;Textiles;2023-09; 55 555,55 ;0,373174487;0,502125557;0,7113;1;0,53566328
SYN_21;Electronics;2023-05; 47 815,05 ;0,089784946;0,617354063;0,375;0;0,60615315
SYN_21;Electronics;2023-11; 7 435,77 ;0,262631965;0,560996941;0,375;0;0,53975639
SYN_21;Food;2023-04; 181 268,19 ;0,528238685;0,617354063;0,4013;0;0,56031868
SYN_21;Food;2023-08; 17 248,19 ;0,6714565;0,525865755;0,4013;0;0,47062806
SYN_21;Machinery;2023-04; 86 493,33 ;0,467722385;0,617354063;0,4145;0;0,56031868
SYN_21;Machinery;2023-08; 137 651,84 ;0,139108972;0,525865755;0,4145;0;0,47062806
SYN_21;Machinery;2023-12; 29 265,43 ;0,173655914;0,560996941;0,4145;0;0,51505165
SYN_21;Pharma;2023-02; 1 881,95 ;0,153714565;0,593916693;0,3618;0;0,35011977
SYN_21;Pharma;2023-04; 68 984,76 ;0,606476051;0,617354063;0,3618;0;0,56031868
SYN_21;Pharma;2023-05; 16 983,27 ;0,585166178;0,617354063;0,3618;0;0,60615315
SYN_21;Pharma;2023-08; 1 320,98 ;0,512194526;0,525865755;0,3618;0;0,47062806
SYN_21;Pharma;2023-11; 89 512,34 ;0,114237537;0,560996941;0,3618;0;0,53975639
SYN_21;Pharma;2023-12; 46 128,84 ;0,111827957;0,560996941;0,3618;0;0,51505165
SYN_21;Textiles;2023-08; 39 077,37 ;0,653061928;0,525865755;0,3882;0;0,47062806
SYN_21;Textiles;2023-10; 29 823,32 ;0,071798631;0,560996941;0,3882;0;0,42817427
SYN_21;Textiles;2023-11; 78 997,23 ;0,445137222;0,560996941;0,3882;0;0,53975639
SYN_21;Textiles;2023-12; 25 534,64 ;0,579203324;0,560996941;0,3882;0;0,51505165
SYN_22;Electronics;2023-06; 64 204,02 ;0,328453079;0,336212365;0,2907;0;0,35147487
SYN_22;Electronics;2023-09; 90 236,88 ;0,081964809;0,292884546;0,2907;0;0,5967078
SYN_22;Electronics;2023-12; 70 317,84 ;0,234531874;0,351324846;0,2907;0;0,52459195
SYN_22;Food;2023-03; 5 907,94 ;0,030987292;0,347567443;0,3059;0;0,36814859
SYN_22;Food;2023-06; 20 408,44 ;0,555620723;0,336212365;0,3059;0;0,35147487
SYN_22;Food;2023-10; 44 515,83 ;0,288074291;0,351324846;0,3059;0;0,54919923
SYN_22;Machinery;2023-01; 17 533,75 ;0,422697947;0,347567443;0,3137;0;0,21163815
SYN_22;Machinery;2023-05; 21 959,24 ;0,589281525;0,336212365;0,3137;0;0,30178102
SYN_22;Machinery;2023-06; 165 965,25 ;0,266442239;0,336212365;0,3137;0;0,35147487
SYN_22;Machinery;2023-07; 112 328,29 ;0,324234226;0,292884546;0,3137;0;0,39839994
SYN_22;Machinery;2023-09; 33 753,14 ;0,111608016;0,292884546;0,3137;0;0,5967078
SYN_22;Machinery;2023-10; 1 900,15 ;0,066129032;0,351324846;0,3137;0;0,54919923
SYN_22;Pharma;2023-03; 102 333,15 ;0,197841264;0,347567443;0,2519;0;0,36814859
SYN_22;Pharma;2023-08; 4 903,69 ;0,067937439;0,292884546;0,2519;0;0,52340736
SYN_22;Pharma;2023-11; 33 654,09 ;0,223460411;0,351324846;0,2519;0;0,48557661
SYN_22;Textiles;2023-02; 44 279,71 ;0,132991202;0,347567443;0,348;0;0,23814873
SYN_22;Textiles;2023-04; 30 008,50 ;0,153812317;0,336212365;0,348;0;0,28337446
SYN_22;Textiles;2023-08; 9 009,04 ;0,654308407;0,292884546;0,348;0;0,52340736
SYN_22;Textiles;2023-12; 89 235,73 ;0,309423265;0,351324846;0,348;0;0,52459195
SYN_23;Electronics;2023-03; 14 411,00 ;0,106891496;0,286022898;0,6628;1;0,48516614
SYN_23;Electronics;2023-08; 65 052,35 ;0,041202346;0,262983865;0,6628;1;0,64148829
SYN_23;Electronics;2023-12; 96 760,50 ;0,209904692;0,287476146;0,6628;1;0,60394445
SYN_23;Food;2023-03; 31 922,03 ;0,287390029;0,286022898;0,6488;1;0,48516614
SYN_23;Food;2023-04; 12 103,85 ;0,126783969;0,264736003;0,6488;1;0,36314411
SYN_23;Food;2023-05; 12 851,05 ;0,192326491;0,264736003;0,6488;1;0,3890917
SYN_23;Food;2023-07; 39 010,96 ;0,460288368;0,262983865;0,6488;1;0,5627309
SYN_23;Food;2023-08; 3 680,41 ;0,063929619;0,262983865;0,6488;1;0,64148829
SYN_23;Food;2023-09; 27 564,32 ;0,034017595;0,262983865;0,6488;1;0,53566328
SYN_23;Food;2023-11; 2 198,44 ;0,323223363;0,287476146;0,6488;1;0,54955598
SYN_23;Machinery;2023-09; 21 742,11 ;0,115053763;0,262983865;0,743;1;0,53566328
SYN_23;Machinery;2023-10; 31 848,29 ;0,078347996;0,287476146;0,743;1;0,67873961
SYN_23;Machinery;2023-12; 63 093,29 ;0,367456012;0,287476146;0,743;1;0,60394445
SYN_23;Pharma;2023-04; 113 437,35 ;0,268739404;0,264736003;0,6013;1;0,36314411
SYN_23;Pharma;2023-05; 35 916,27 ;0,165591398;0,264736003;0,6013;1;0,3890917
SYN_23;Pharma;2023-08; 15 960,59 ;0,18856305;0,262983865;0,6013;1;0,64148829
SYN_23;Pharma;2023-11; 14 793,93 ;0,160752688;0,287476146;0,6013;1;0,54955598
SYN_23;Pharma;2023-12; 8 105,96 ;0,470821114;0,287476146;0,6013;1;0,60394445
SYN_23;Textiles;2023-02; 24 331,53 ;0,239687195;0,286022898;0,7113;1;0,43219389
SYN_23;Textiles;2023-03; 90 154,07 ;0,548244464;0,286022898;0,7113;1;0,48516614
SYN_23;Textiles;2023-04; 19 874,04 ;0,745601173;0,264736003;0,7113;1;0,36314411
SYN_23;Textiles;2023-05; 19 306,46 ;0,425879765;0,264736003;0,7113;1;0,3890917
SYN_23;Textiles;2023-09; 48 776,26 ;0,123264907;0,262983865;0,7113;1;0,53566328
SYN_23;Textiles;2023-12; 28 905,97 ;0,1285435;0,287476146;0,7113;1;0,60394445
SYN_24;Electronics;2023-07; 72 112,75 ;0,106256109;0,326240213;0,375;1;0,60629882
SYN_24;Electronics;2023-09; 37 033,43 ;0,428435973;0,326240213;0,375;1;0,45950501
SYN_24;Electronics;2023-10; 64 990,57 ;0,087952102;0,335729901;0,375;1;0,42817427
SYN_24;Food;2023-02; 2 335,37 ;0,069648094;0,287907402;0,4013;1;0,35011977
SYN_24;Food;2023-03; 39 837,03 ;0,467839687;0,287907402;0,4013;1;0,4592466
SYN_24;Food;2023-07; 137 388,09 ;0,289729007;0,326240213;0,4013;1;0,60629882
SYN_24;Machinery;2023-08; 93 221,08 ;0,09435074;0,326240213;0,4145;1;0,47062806
SYN_24;Machinery;2023-10; 80 101,53 ;0,312719863;0,335729901;0,4145;1;0,42817427
SYN_24;Pharma;2023-03; 53 631,59 ;0,382199413;0,287907402;0,3618;1;0,4592466
SYN_24;Pharma;2023-04; 21 594,93 ;0,132355816;0,287091841;0,3618;1;0,56031868
SYN_24;Pharma;2023-07; 17 771,51 ;0,066959922;0,326240213;0,3618;1;0,60629882
SYN_24;Pharma;2023-10; 30 300,37 ;0,717033236;0,335729901;0,3618;1;0,42817427
SYN_24;Pharma;2023-11; 20 563,49 ;0,246089932;0,335729901;0,3618;1;0,53975639
SYN_24;Textiles;2023-01; 46 027,52 ;0,272637615;0,287907402;0,3882;1;0,34574577
SYN_24;Textiles;2023-03; 173 750,36 ;0,059218045;0,287907402;0,3882;1;0,4592466
SYN_24;Textiles;2023-04; 21 657,39 ;0,550806452;0,287091841;0,3882;1;0,56031868
SYN_24;Textiles;2023-06; 48 440,22 ;0,102688172;0,287091841;0,3882;1;0,57250529
SYN_25;Electronics;2023-10; 97 604,19 ;0,386338938;0,35172294;0,5814;1;0,44467006
SYN_25;Electronics;2023-11; 58 488,67 ;0,132956989;0,35172294;0,5814;1;0,48214795
SYN_25;Food;2023-06; 14 192,56 ;0,421082069;0,354167487;0,5467;1;0,33780745
SYN_25;Food;2023-09; 52 263,38 ;0,188660802;0,417360909;0,5467;1;0,30870431
SYN_25;Food;2023-10; 28 160,08 ;0,41887407;0,35172294;0,5467;1;0,44467006
SYN_25;Machinery;2023-07; 5 981,54 ;0,118963832;0,417360909;0,6041;1;0,28417623
SYN_25;Machinery;2023-10; 46 959,46 ;0,180498534;0,35172294;0,6041;1;0,44467006
SYN_25;Pharma;2023-06; 12 396,62 ;0,547385142;0,354167487;0,5533;1;0,33780745
SYN_25;Pharma;2023-07; 76 466,61 ;0,323907625;0,417360909;0,5533;1;0,28417623
SYN_25;Pharma;2023-08; 14 934,19 ;0,146676442;0,417360909;0,5533;1;0,26980429
SYN_25;Pharma;2023-09; 66 452,45 ;0,063294233;0,417360909;0,5533;1;0,30870431
SYN_25;Pharma;2023-11; 6 077,22 ;0,430526402;0,35172294;0,5533;1;0,48214795
SYN_25;Textiles;2023-02; 30 108,09 ;0,162365591;0,410156747;0,6076;1;0,42104489
SYN_25;Textiles;2023-03; 119 881,04 ;0,272671333;0,410156747;0,6076;1;0,45920672
SYN_25;Textiles;2023-04; 629,63 ;0,13856305;0,354167487;0,6076;1;0,42727946
SYN_25;Textiles;2023-10; 19 941,91 ;0,163962203;0,35172294;0,6076;1;0,44467006
SYN_26;Electronics;2023-03; 44 432,01 ;0,23054741;0,539451987;0,2862;0;0,47604927
SYN_26;Electronics;2023-06; 15 562,75 ;0,631304985;0,508504453;0,2862;0;0,3516715
SYN_26;Electronics;2023-07; 71 379,55 ;0,416947703;0,497818269;0,2862;0;0,37775133
SYN_26;Electronics;2023-09; 74 259,21 ;0,473573811;0,497818269;0,2862;0;0,41456793
SYN_26;Electronics;2023-10; 34 419,15 ;0,065640274;0,559954398;0,2862;0;0,44253673
SYN_26;Food;2023-02; 4 557,64 ;0,068181818;0,539451987;0,2915;0;0,36525408
SYN_26;Food;2023-05; 3 813,42 ;0,555889541;0,508504453;0,2915;0;0,42262169
SYN_26;Food;2023-07; 95 969,09 ;0,540796676;0,497818269;0,2915;0;0,37775133
SYN_26;Machinery;2023-08; 30 019,68 ;0,451930596;0,497818269;0,2968;0;0,35693505
SYN_26;Machinery;2023-10; 27 538,77 ;0,509213099;0,559954398;0,2968;0;0,44253673
SYN_26;Pharma;2023-03; 28 358,02 ;0,17700391;0,539451987;0,2565;0;0,47604927
SYN_26;Pharma;2023-04; 40 011,55 ;0,531182796;0,508504453;0,2565;0;0,40007626
SYN_26;Pharma;2023-07; 59 617,46 ;0,116911105;0,497818269;0,2565;0;0,37775133
SYN_26;Pharma;2023-10; 89 748,49 ;0,596822007;0,559954398;0,2565;0;0,44253673
SYN_26;Pharma;2023-11; 29 987,08 ;0,347413418;0,559954398;0,2565;0;0,45256451
SYN_26;Textiles;2023-03; 85 672,49 ;0,487047898;0,539451987;0,3344;0;0,47604927
SYN_26;Textiles;2023-04; 44 669,64 ;0,173069404;0,508504453;0,3344;0;0,40007626
SYN_26;Textiles;2023-06; 94 117,96 ;0,304846041;0,508504453;0,3344;0;0,3516715
SYN_27;Electronics;2023-04; 45 856,03 ;0,446407625;0,469239839;0,2907;1;0,28337446
SYN_27;Electronics;2023-06; 181 485,71 ;0,293455582;0,469239839;0,2907;1;0,35147487
SYN_27;Electronics;2023-08; 5 256,34 ;0,411976749;0,473412907;0,2907;1;0,52340736
SYN_27;Electronics;2023-09; 17 800,89 ;0,091039427;0,473412907;0,2907;1;0,5967078
SYN_27;Food;2023-01; 61 606,43 ;0,242725863;0,493236396;0,3059;1;0,21163815
SYN_27;Food;2023-02; 18 092,79 ;0,525562072;0,493236396;0,3059;1;0,23814873
SYN_27;Food;2023-10; 48 983,59 ;0,467399804;0,505401355;0,3059;1;0,54919923
SYN_27;Food;2023-11; 2 884,09 ;0,148631476;0,505401355;0,3059;1;0,48557661
SYN_27;Machinery;2023-07; 25 320,62 ;0,098680352;0,473412907;0,3137;1;0,39839994
SYN_27;Machinery;2023-12; 6 347,49 ;0,093059629;0,505401355;0,3137;1;0,52459195
SYN_27;Pharma;2023-04; 32 192,01 ;0,473658358;0,469239839;0,2519;1;0,28337446
SYN_27;Pharma;2023-09; 81 543,22 ;0,673753666;0,473412907;0,2519;1;0,5967078
SYN_27;Pharma;2023-11; 34 408,31 ;0,175317693;0,505401355;0,2519;1;0,48557661
SYN_27;Textiles;2023-09; 235 200,05 ;0,424726106;0,473412907;0,348;1;0,5967078
SYN_28;Electronics;2023-01; 221 048,08 ;0,301693245;0,52024518;0,375;0,3;0,34574577
SYN_28;Food;2023-05; 48 161,69 ;0,221260997;0,502746941;0,4013;0,2;0,60615315
SYN_28;Food;2023-09; 11 284,13 ;0,525171065;0,47057394;0,4013;0,2;0,45950501
SYN_28;Food;2023-12; 73 749,70 ;0,069322255;0,451324636;0,4013;0,2;0,51505165
SYN_28;Machinery;2023-05; 31 339,91 ;0,246069489;0,502746941;0,4145;0,4;0,60615315
SYN_28;Machinery;2023-07; 24 985,69 ;0,427248289;0,47057394;0,4145;0,4;0,60629882
SYN_28;Machinery;2023-08; 276,24 ;0,514491691;0,47057394;0,4145;0,4;0,47062806
SYN_28;Machinery;2023-10; 44 352,66 ;0,64230924;0,451324636;0,4145;0,4;0,42817427
SYN_28;Machinery;2023-12; 25 817,55 ;0,07487781;0,451324636;0,4145;0,4;0,51505165
SYN_28;Pharma;2023-05; 105 824,30 ;0,430611619;0,502746941;0,3618;0,3;0,60615315
SYN_28;Pharma;2023-07; 39 293,44 ;0,481107038;0,47057394;0,3618;0,3;0,60629882
SYN_28;Pharma;2023-08; 83 740,54 ;0,505653177;0,47057394;0,3618;0,3;0,47062806
SYN_28;Pharma;2023-09; 111 045,30 ;0,480010857;0,47057394;0,3618;0,3;0,45950501
SYN_28;Textiles;2023-09; 10 947,85 ;0,16886608;0,47057394;0,3882;0,4;0,45950501
SYN_28;Textiles;2023-11; 26 423,12 ;0,090909091;0,451324636;0,3882;0,4;0,53975639
SYN_29;Electronics;2023-02; 91 017,12 ;0,248289345;0,343360644;0,375;0,3;0,35011977
SYN_29;Electronics;2023-05; 67 725,09 ;0,334628543;0,367747492;0,375;0,3;0,60615315
SYN_29;Electronics;2023-08; 4 866,14 ;0,223230694;0,389819837;0,375;0,3;0,47062806
SYN_29;Electronics;2023-10; 72 724,13 ;0,296151;0,325436689;0,375;0,3;0,42817427
SYN_29;Food;2023-01; 45 463,24 ;0,054692082;0,343360644;0,4013;0,2;0,34574577
SYN_29;Food;2023-03; 39 605,50 ;0,511119257;0,343360644;0,4013;0,2;0,4592466
SYN_29;Food;2023-07; 64 077,52 ;0,433697458;0,389819837;0,4013;0,2;0,60629882
SYN_29;Machinery;2023-01; 34 366,24 ;0,185166178;0,343360644;0,4145;0,4;0,34574577
SYN_29;Machinery;2023-05; 77 998,88 ;0,46455523;0,367747492;0,4145;0,4;0,60615315
SYN_29;Machinery;2023-08; 53 820,27 ;0,428049182;0,389819837;0,4145;0,4;0,47062806
SYN_29;Pharma;2023-04; 28 809,76 ;0,06085044;0,367747492;0,3618;0,3;0,56031868
SYN_29;Textiles;2023-03; 140 527,65 ;0,209709015;0,343360644;0,3882;0,4;0,4592466
SYN_29;Textiles;2023-04; 36 148,97 ;0,122939068;0,367747492;0,3882;0,4;0,56031868
SYN_29;Textiles;2023-08; 132 289,64 ;0,107608341;0,389819837;0,3882;0,4;0,47062806
SYN_29;Textiles;2023-09; 72 931,93 ;0,53136608;0,389819837;0,3882;0,4;0,45950501
SYN_29;Textiles;2023-10; 77 639,03 ;0,348084066;0,325436689;0,3882;0,4;0,42817427
SYN_29;Textiles;2023-12; 31 259,30 ;0,687658847;0,325436689;0,3882;0,4;0,51505165
SYN_3;Electronics;2023-01; 6 344,32 ;0,208553275;0,359666066;0,6628;0;0,49695702
SYN_3;Electronics;2023-03; 45 090,52 ;0,778592375;0,359666066;0,6628;0;0,48516614
SYN_3;Electronics;2023-07; 36 310,64 ;0,657966764;0,416780316;0,6628;0;0,5627309
SYN_3;Electronics;2023-08; 37 358,94 ;0,229569892;0,416780316;0,6628;0;0,64148829
SYN_3;Electronics;2023-10; 99 159,65 ;0,222360652;0,408900653;0,6628;0;0,67873961
SYN_3;Food;2023-01; 12 786,59 ;0,061485826;0,359666066;0,6488;0;0,49695702
SYN_3;Food;2023-02; 4 234,05 ;0,598362659;0,359666066;0,6488;0;0,43219389
SYN_3;Food;2023-03; 71 828,90 ;0,459295641;0,359666066;0,6488;0;0,48516614
SYN_3;Food;2023-05; 10 472,93 ;0,479014978;0,372919882;0,6488;0;0,3890917
SYN_3;Food;2023-07; 225 016,34 ;0,395451949;0,416780316;0,6488;0;0,5627309
SYN_3;Machinery;2023-02; 41 804,59 ;0,163782991;0,359666066;0,743;0;0,43219389
SYN_3;Machinery;2023-03; 80 698,30 ;0,307597752;0,359666066;0,743;0;0,48516614
SYN_3;Machinery;2023-08; 61 378,74 ;0,304144673;0,416780316;0,743;0;0,64148829
SYN_3;Machinery;2023-10; 26 303,95 ;0,133431085;0,408900653;0,743;0;0,67873961
SYN_3;Pharma;2023-04; 40 325,08 ;0,282013685;0,372919882;0,6013;0;0,36314411
SYN_3;Pharma;2023-10; 25 468,22 ;0,114247312;0,408900653;0,6013;0;0,67873961
SYN_3;Textiles;2023-03; 45 054,30 ;0,023607038;0,359666066;0,7113;0;0,48516614
SYN_3;Textiles;2023-04; 22 578,37 ;0,171309873;0,372919882;0,7113;0;0,36314411
SYN_3;Textiles;2023-06; 137 156,12 ;0,169657322;0,372919882;0,7113;0;0,35446782
SYN_30;Electronics;2023-01; 13 516,83 ;0,208699902;0,294475672;0,4725;1;0,20624843
SYN_30;Electronics;2023-03; 45 660,11 ;0,230351906;0,294475672;0,4725;1;0,27292397
SYN_30;Electronics;2023-06; 15 914,49 ;0,605620723;0,339751935;0,4725;1;0,41233626
SYN_30;Electronics;2023-08; 38 312,51 ;0,280938416;0,332493547;0,4725;1;0,62832864
SYN_30;Electronics;2023-10; 65 761,65 ;0,06402737;0,316059512;0,4725;1;0,56951902
SYN_30;Food;2023-02; 7 350,73 ;0,326463832;0,294475672;0,4348;1;0,42650459
SYN_30;Food;2023-03; 49 388,22 ;0,179227761;0,294475672;0,4348;1;0,27292397
SYN_30;Food;2023-05; 17 721,52 ;0,48534348;0,339751935;0,4348;1;0,36385843
SYN_30;Food;2023-07; 139 046,77 ;0,40724971;0,332493547;0,4348;1;0,66446907
SYN_30;Machinery;2023-03; 39 705,00 ;0,4764174;0,294475672;0,5268;1;0,27292397
SYN_30;Machinery;2023-10; 27 574,19 ;0,583528837;0,316059512;0,5268;1;0,56951902
SYN_30;Pharma;2023-03; 27 149,71 ;0,152199413;0,294475672;0,4306;1;0,27292397
SYN_30;Pharma;2023-07; 31 881,47 ;0,104020039;0,332493547;0,4306;1;0,66446907
SYN_30;Pharma;2023-10; 84 827,32 ;0,459893262;0,316059512;0,4306;1;0,56951902
SYN_30;Pharma;2023-11; 10 004,66 ;0,047311828;0,316059512;0,4306;1;0,71857197
SYN_30;Textiles;2023-03; 62 856,79 ;0,044041193;0,294475672;0,4987;1;0,27292397
SYN_30;Textiles;2023-04; 22 159,29 ;0,173753666;0,339751935;0,4987;1;0,47128027
SYN_30;Textiles;2023-06; 81 896,55 ;0,171358749;0,339751935;0,4987;1;0,41233626
SYN_31;Electronics;2023-02; 93 037,35 ;0,303484848;0,389244682;0,375;0;0,35011977
SYN_31;Electronics;2023-05; 131 178,92 ;0,283195521;0,413797222;0,375;0;0,60615315
SYN_31;Electronics;2023-07; 30 872,34 ;0,208748778;0,392529953;0,375;0;0,60629882
SYN_31;Electronics;2023-08; 9 653,04 ;0,210109104;0,392529953;0,375;0;0,47062806
SYN_31;Electronics;2023-10; 147 396,44 ;0,418371762;0,422007906;0,375;0;0,42817427
SYN_31;Food;2023-03; 79 181,54 ;0,498577713;0,389244682;0,4013;0;0,4592466
SYN_31;Food;2023-05; 7 867,64 ;0,457697947;0,413797222;0,4013;0;0,60615315
SYN_31;Food;2023-07; 65 310,96 ;0,545261486;0,392529953;0,4013;0;0,60629882
SYN_31;Food;2023-10; 40 249,16 ;0,201612903;0,422007906;0,4013;0;0,42817427
SYN_31;Machinery;2023-08; 25 472,35 ;0,422587977;0,392529953;0,4145;0;0,47062806
SYN_31;Pharma;2023-04; 28 730,43 ;0,034775171;0,413797222;0,3618;0;0,56031868
SYN_31;Pharma;2023-09; 45 974,26 ;0,189296188;0,392529953;0,3618;0;0,45950501
SYN_31;Textiles;2023-04; 12 319,60 ;0,531060606;0,413797222;0,3882;0;0,56031868
SYN_31;Textiles;2023-08; 176 080,57 ;0,365596809;0,392529953;0,3882;0;0,47062806
SYN_31;Textiles;2023-10; 162 234,51 ;0,268923771;0,422007906;0,3882;0;0,42817427
SYN_31;Textiles;2023-12; 31 941,31 ;0,559921799;0,422007906;0,3882;0;0,51505165
SYN_32;Electronics;2023-01; 32 400,99 ;0,188758553;0,398381612;0,6628;0,5;0,49695702
SYN_32;Electronics;2023-03; 13 217,03 ;0,081353861;0,398381612;0,6628;0,5;0,48516614
SYN_32;Electronics;2023-08; 30 562,65 ;0,025904203;0,368177563;0,6628;0,5;0,64148829
SYN_32;Electronics;2023-10; 65 884,11 ;0,174046921;0,347573311;0,6628;0,5;0,67873961
SYN_32;Electronics;2023-11; 76 460,12 ;0,323091398;0,347573311;0,6628;0,5;0,54955598
SYN_32;Electronics;2023-12; 20 556,54 ;0,004105572;0,347573311;0,6628;0,5;0,60394445
SYN_32;Food;2023-01; 30 731,88 ;0,069403715;0,398381612;0,6488;0,4;0,49695702
SYN_32;Food;2023-02; 49 643,30 ;0,143108504;0,398381612;0,6488;0,4;0,43219389
SYN_32;Food;2023-11; 1 551,25 ;0,194794721;0,347573311;0,6488;0,4;0,54955598
SYN_32;Machinery;2023-01; 46 620,44 ;0,197898338;0,398381612;0,743;0,7;0,49695702
SYN_32;Machinery;2023-03; 127 520,16 ;0,600891158;0,398381612;0,743;0,7;0,48516614
SYN_32;Machinery;2023-08; 65 838,56 ;0,26526393;0,368177563;0,743;0,7;0,64148829
SYN_32;Machinery;2023-09; 5 002,74 ;0,326840176;0,368177563;0,743;0,7;0,53566328
SYN_32;Pharma;2023-03; 36 926,63 ;0,684775171;0,398381612;0,6013;0,6;0,48516614
SYN_32;Pharma;2023-04; 64 364,01 ;0,366199902;0,378630336;0,6013;0,6;0,36314411
SYN_32;Pharma;2023-06; 1 454,86 ;0,520527859;0,378630336;0,6013;0,6;0,35446782
SYN_32;Pharma;2023-07; 28 112,92 ;0,594110459;0,368177563;0,6013;0,6;0,5627309
SYN_32;Pharma;2023-09; 59 161,38 ;0,574501466;0,368177563;0,6013;0,6;0,53566328
SYN_32;Pharma;2023-10; 399,80 ;0,171896383;0,347573311;0,6013;0,6;0,67873961
SYN_32;Textiles;2023-04; 42 601,53 ;0,16886608;0,378630336;0,7113;0,6;0,36314411
SYN_32;Textiles;2023-05; 48 177,44 ;0,115835777;0,378630336;0,7113;0,6;0,3890917
SYN_32;Textiles;2023-10; 13 348,06 ;0,18645319;0,347573311;0,7113;0,6;0,67873961
SYN_32;Textiles;2023-12; 51 891,57 ;0,400447214;0,347573311;0,7113;0,6;0,60394445
SYN_33;Electronics;2023-05; 3 214,08 ;0,528152493;0,353361214;0,6628;1;0,3890917
SYN_33;Electronics;2023-10; 93 984,57 ;0,063668948;0,366049355;0,6628;1;0,67873961
SYN_33;Electronics;2023-11; 143 855,31 ;0,294514255;0,366049355;0,6628;1;0,54955598
SYN_33;Food;2023-06; 4 201,75 ;0,691911046;0,353361214;0,6488;1;0,35446782
SYN_33;Food;2023-10; 9 995,30 ;0,230351906;0,366049355;0,6488;1;0,67873961
SYN_33;Food;2023-11; 12 740,00 ;0,0528348;0,366049355;0,6488;1;0,54955598
SYN_33;Machinery;2023-06; 48 025,50 ;0,452956989;0,353361214;0,743;1;0,35446782
SYN_33;Machinery;2023-08; 44 024,36 ;0,196725318;0,329974386;0,743;1;0,64148829
SYN_33;Machinery;2023-10; 47 482,16 ;0,608431085;0,366049355;0,743;1;0,67873961
SYN_33;Machinery;2023-11; 119 794,77 ;0,412970557;0,366049355;0,743;1;0,54955598
SYN_33;Pharma;2023-06; 52 675,59 ;0,241252304;0,353361214;0,6013;1;0,35446782
SYN_33;Pharma;2023-07; 75 552,46 ;0,122336266;0,329974386;0,6013;1;0,5627309
SYN_33;Pharma;2023-08; 16 434,20 ;0,591006843;0,329974386;0,6013;1;0,64148829
SYN_33;Pharma;2023-09; 32 820,35 ;0,086779081;0,329974386;0,6013;1;0,53566328
SYN_33;Pharma;2023-11; 1 222,95 ;0,192668622;0,366049355;0,6013;1;0,54955598
SYN_33;Textiles;2023-03; 109 964,42 ;0,148875855;0,370574677;0,7113;1;0,48516614
SYN_33;Textiles;2023-10; 53 966,17 ;0,535090887;0,366049355;0,7113;1;0,67873961
SYN_34;Electronics;2023-01; 32 438,37 ;0,18856305;0,333527345;0,6628;1;0,49695702
SYN_34;Electronics;2023-03; 12 271,11 ;0,082869013;0,333527345;0,6628;1;0,48516614
SYN_34;Electronics;2023-08; 63 676,84 ;0,051986804;0,337184815;0,6628;1;0,64148829
SYN_34;Electronics;2023-10; 33 667,29 ;0,645527859;0,347933866;0,6628;1;0,67873961
SYN_34;Electronics;2023-11; 36 681,42 ;0,43902737;0,347933866;0,6628;1;0,54955598
SYN_34;Food;2023-01; 63 421,51 ;0,325730694;0,333527345;0,6488;1;0,49695702
SYN_34;Food;2023-02; 33 450,89 ;0,077028348;0,333527345;0,6488;1;0,43219389
SYN_34;Food;2023-03; 93 795,66 ;0,225381232;0,333527345;0,6488;1;0,48516614
SYN_34;Food;2023-05; 20 616,64 ;0,454985337;0,364064472;0,6488;1;0,3890917
SYN_34;Machinery;2023-01; 48 594,84 ;0,621236559;0,333527345;0,743;1;0,49695702
SYN_34;Machinery;2023-03; 42 338,94 ;0,653787879;0,333527345;0,743;1;0,48516614
SYN_34;Machinery;2023-08; 150 705,37 ;0,338636055;0,337184815;0,743;1;0,64148829
SYN_34;Pharma;2023-02; 48 996,14 ;0,11402737;0,333527345;0,6013;1;0,43219389
SYN_34;Pharma;2023-04; 31 172,66 ;0,109286413;0,364064472;0,6013;1;0,36314411
SYN_34;Pharma;2023-07; 28 125,81 ;0,67028348;0,337184815;0,6013;1;0,5627309
SYN_34;Pharma;2023-08; 139 559,43 ;0,354761297;0,337184815;0,6013;1;0,64148829
SYN_34;Pharma;2023-10; 3 392,03 ;0,42920088;0,347933866;0,6013;1;0,67873961
SYN_34;Textiles;2023-01; 68 923,66 ;0,583861193;0,333527345;0,7113;1;0,49695702
SYN_34;Textiles;2023-03; 24 873,51 ;0,232893451;0,333527345;0,7113;1;0,48516614
SYN_34;Textiles;2023-04; 44 062,05 ;0,167106549;0,364064472;0,7113;1;0,36314411
SYN_35;Electronics;2023-01; 38 819,47 ;0,418782991;0,377706251;0,6628;1;0,49695702
SYN_35;Food;2023-02; 36 239,15 ;0,465102639;0,377706251;0,6488;1;0,43219389
SYN_35;Food;2023-03; 6 064,89 ;0,577898338;0,377706251;0,6488;1;0,48516614
SYN_35;Food;2023-05; 37 151,10 ;0,063782991;0,357880285;0,6488;1;0,3890917
SYN_35;Food;2023-06; 28 398,82 ;0,14516129;0,357880285;0,6488;1;0,35446782
SYN_35;Food;2023-07; 7 004,83 ;0,233577713;0,404388618;0,6488;1;0,5627309
SYN_35;Food;2023-11; 37 674,21 ;0,374371945;0,351542774;0,6488;1;0,54955598
SYN_35;Machinery;2023-02; 29 077,55 ;0,140989736;0,377706251;0,743;1;0,43219389
SYN_35;Machinery;2023-06; 98 972,44 ;0,0014174;0,357880285;0,743;1;0,35446782
SYN_35;Pharma;2023-01; 41 713,00 ;0,526661779;0,377706251;0,6013;1;0,49695702
SYN_35;Pharma;2023-03; 40 817,03 ;0,445039101;0,377706251;0,6013;1;0,48516614
SYN_35;Pharma;2023-04; 12 744,08 ;0,06969697;0,357880285;0,6013;1;0,36314411
SYN_35;Pharma;2023-05; 78 730,81 ;0,161674266;0,357880285;0,6013;1;0,3890917
SYN_35;Pharma;2023-06; 36 819,14 ;0,307631791;0,357880285;0,6013;1;0,35446782
SYN_35;Pharma;2023-07; 89 534,41 ;0,532143206;0,404388618;0,6013;1;0,5627309
SYN_35;Textiles;2023-02; 36 492,98 ;0,092668622;0,377706251;0,7113;1;0,43219389
SYN_35;Textiles;2023-06; 195 743,77 ;0,458197246;0,357880285;0,7113;1;0,35446782
SYN_35;Textiles;2023-07; 100 806,93 ;0,425834884;0,404388618;0,7113;1;0,5627309
SYN_35;Textiles;2023-11; 4 086,09 ;0,05684262;0,351542774;0,7113;1;0,54955598
SYN_36;Electronics;2023-01; 44 905,08 ;0,574657869;0,601001681;0,6628;1;0,49695702
SYN_36;Electronics;2023-06; 92 076,49 ;0,570046432;0,593492743;0,6628;1;0,35446782
SYN_36;Electronics;2023-09; 5 293,26 ;0,139345064;0,649338124;0,6628;1;0,53566328
SYN_36;Electronics;2023-10; 76 859,11 ;0,364670088;0,570062495;0,6628;1;0,67873961
SYN_36;Food;2023-01; 77 066,15 ;0,517643646;0,601001681;0,6488;1;0,49695702
SYN_36;Food;2023-02; 36 005,96 ;0,356392962;0,601001681;0,6488;1;0,43219389
SYN_36;Food;2023-10; 49 536,05 ;0,466520039;0,570062495;0,6488;1;0,67873961
SYN_36;Food;2023-11; 1 758,98 ;0,148924731;0,570062495;0,6488;1;0,54955598
SYN_36;Machinery;2023-10; 32 656,88 ;0,255141769;0,570062495;0,743;1;0,67873961
SYN_36;Machinery;2023-12; 4 417,91 ;0,518841642;0,570062495;0,743;1;0,60394445
SYN_36;Pharma;2023-04; 52 586,33 ;0,264495969;0,593492743;0,6013;1;0,36314411
SYN_36;Pharma;2023-09; 41 277,64 ;0,799193548;0,649338124;0,6013;1;0,53566328
SYN_36;Pharma;2023-11; 32 872,30 ;0,22512219;0,570062495;0,6013;1;0,54955598
SYN_36;Textiles;2023-02; 115 977,14 ;0,20586915;0,601001681;0,7113;1;0,43219389
SYN_36;Textiles;2023-03; 713,14 ;0,142766373;0,601001681;0,7113;1;0,48516614
SYN_36;Textiles;2023-09; 110 399,28 ;0,649298915;0,649338124;0,7113;1;0,53566328
SYN_37;Electronics;2023-03; 95 502,34 ;0,187634409;0,365565838;0,6628;1;0,48516614
SYN_37;Electronics;2023-05; 42 969,47 ;0,186151026;0,407040457;0,6628;1;0,3890917
SYN_37;Electronics;2023-10; 39 647,96 ;0,48095372;0,411432148;0,6628;1;0,67873961
SYN_37;Electronics;2023-12; 87 102,98 ;0,451665826;0,411432148;0,6628;1;0,60394445
SYN_37;Food;2023-03; 22 545,88 ;0,027370479;0,365565838;0,6488;1;0,48516614
SYN_37;Food;2023-04; 68 021,26 ;0,101173021;0,407040457;0,6488;1;0,36314411
SYN_37;Food;2023-08; 80 089,44 ;0,439596774;0,425765141;0,6488;1;0,64148829
SYN_37;Machinery;2023-01; 5 937,27 ;0,152492669;0,365565838;0,743;1;0,49695702
SYN_37;Machinery;2023-04; 76 190,97 ;0,477868099;0,407040457;0,743;1;0,36314411
SYN_37;Machinery;2023-06; 38 355,96 ;0,037861681;0,407040457;0,743;1;0,35446782
SYN_37;Machinery;2023-09; 41 737,31 ;0,184562561;0,425765141;0,743;1;0,53566328
SYN_37;Machinery;2023-12; 24 403,26 ;0,547111437;0,411432148;0,743;1;0,60394445
SYN_37;Pharma;2023-01; 37 410,91 ;0,576710655;0,365565838;0,6013;1;0,49695702
SYN_37;Pharma;2023-12; 27 388,81 ;0,126783969;0,411432148;0,6013;1;0,60394445
SYN_37;Textiles;2023-04; 8 650,35 ;0,420500978;0,407040457;0,7113;1;0,36314411
SYN_37;Textiles;2023-05; 36 349,66 ;0,151515152;0,407040457;0,7113;1;0,3890917
SYN_37;Textiles;2023-07; 25 221,81 ;0,017937439;0,425765141;0,7113;1;0,5627309
SYN_37;Textiles;2023-12; 10 936,26 ;0,163538612;0,411432148;0,7113;1;0,60394445
SYN_38;Electronics;2023-02; 138 371,55 ;0,553243181;0,514568657;0,35;0;3,06203568
SYN_38;Electronics;2023-05; 131 122,71 ;0,419781945;0,502821015;0,35;0;15,0878466
SYN_38;Electronics;2023-10; 252 123,87 ;0,204234098;0,575308669;0,35;0;22,7623215
SYN_38;Food;2023-01; 45 573,15 ;0,077932551;0,514568657;0,3676;0;0,22288092
SYN_38;Food;2023-05; 7 008,42 ;0,106231672;0,502821015;0,3676;0;15,0878466
SYN_38;Food;2023-07; 63 896,44 ;0,434430596;0,612224991;0,3676;0;20,331262
SYN_38;Machinery;2023-05; 78 248,54 ;0,463773216;0,502821015;0,3983;0;15,0878466
SYN_38;Machinery;2023-08; 25 511,81 ;0,218328446;0,612224991;0,3983;0;23,2739316
SYN_38;Pharma;2023-04; 29 338,99 ;0,56143695;0,502821015;0,2974;0;12,2583633
SYN_38;Pharma;2023-09; 23 126,80 ;0,786705767;0,612224991;0,2974;0;22,0880164
SYN_38;Textiles;2023-03; 141 966,73 ;0,164324673;0,514568657;0,4135;0;7,09330345
SYN_38;Textiles;2023-04; 24 682,01 ;0,503054741;0,502821015;0,4135;0;12,2583633
SYN_38;Textiles;2023-09; 74 250,89 ;0,837497556;0,612224991;0,4135;0;22,0880164
SYN_38;Textiles;2023-10; 79 922,38 ;0,298272239;0,575308669;0,4135;0;22,7623215
SYN_38;Textiles;2023-12; 63 728,37 ;0,581827957;0,575308669;0,4135;0;21,4035561
SYN_39;Electronics;2023-03; 24 701,69 ;0,467128543;0,384058931;0,375;0,2;0,4592466
SYN_39;Electronics;2023-09; 38 439,68 ;0,2144713;0,401351416;0,375;0,2;0,45950501
SYN_39;Food;2023-01; 95 545,84 ;0,38542522;0,384058931;0,4013;0,2;0,34574577
SYN_39;Food;2023-07; 87 581,42 ;0,453313783;0,401351416;0,4013;0,2;0,60629882
SYN_39;Food;2023-09; 186 236,01 ;0,151441897;0,401351416;0,4013;0,2;0,45950501
SYN_39;Machinery;2023-01; 47 443,74 ;0,398081623;0,384058931;0,4145;0,3;0,34574577
SYN_39;Machinery;2023-05; 547,43 ;0,070430108;0,36647064;0,4145;0,3;0,60615315
SYN_39;Machinery;2023-06; 18 862,42 ;0,02971652;0,36647064;0,4145;0,3;0,57250529
SYN_39;Machinery;2023-07; 39 374,79 ;0,553054741;0,401351416;0,4145;0,3;0,60629882
SYN_39;Machinery;2023-10; 95 675,16 ;0,390183284;0,398781852;0,4145;0,3;0,42817427
SYN_39;Machinery;2023-11; 19 200,81 ;0,465029326;0,398781852;0,4145;0,3;0,53975639
SYN_39;Machinery;2023-12; 35 543,66 ;0,107673509;0,398781852;0,4145;0,3;0,51505165
SYN_39;Pharma;2023-01; 32 947,98 ;0,442541544;0,384058931;0,3618;0,3;0,34574577
SYN_39;Textiles;2023-04; 25 585,05 ;0,317047898;0,36647064;0,3882;0,2;0,56031868
SYN_39;Textiles;2023-05; 5 872,54 ;0,385344575;0,36647064;0,3882;0,2;0,60615315
SYN_39;Textiles;2023-06; 9 101,03 ;0,615884653;0,36647064;0,3882;0,2;0,57250529
SYN_39;Textiles;2023-07; 48 421,13 ;0,463147605;0,401351416;0,3882;0,2;0,60629882
SYN_39;Textiles;2023-09; 72 453,28 ;0,549808544;0,401351416;0,3882;0,2;0,45950501
SYN_39;Textiles;2023-12; 1 675,51 ;0,484824047;0,398781852;0,3882;0,2;0,51505165
SYN_4;Electronics;2023-04; 36 073,51 ;0,147653959;0,422604193;0,6628;0;0,36314411
SYN_4;Electronics;2023-05; 70 264,27 ;0,566482682;0,422604193;0,6628;0;0,3890917
SYN_4;Electronics;2023-07; 105 847,77 ;0,234760508;0,489814096;0,6628;0;0,5627309
SYN_4;Electronics;2023-11; 3 922,22 ;0,155962854;0,451685205;0,6628;0;0,54955598
SYN_4;Electronics;2023-12; 37 413,33 ;0,218768328;0,451685205;0,6628;0;0,60394445
SYN_4;Food;2023-05; 24 642,36 ;0,444188661;0,422604193;0,6488;0;0,3890917
SYN_4;Food;2023-08; 69 561,16 ;0,626871945;0,489814096;0,6488;0;0,64148829
SYN_4;Food;2023-09; 44 116,86 ;0,109824047;0,489814096;0,6488;0;0,53566328
SYN_4;Food;2023-10; 18 808,89 ;0,548655914;0,451685205;0,6488;0;0,67873961
SYN_4;Machinery;2023-01; 16 770,72 ;0,488196481;0,50598221;0,743;0;0,49695702
SYN_4;Machinery;2023-06; 21 448,22 ;0,226612903;0,422604193;0,743;0;0,35446782
SYN_4;Machinery;2023-08; 121 057,54 ;0,048680352;0,489814096;0,743;0;0,64148829
SYN_4;Machinery;2023-10; 8 783,87 ;0,191935484;0,451685205;0,743;0;0,67873961
SYN_4;Pharma;2023-02; 9 907,29 ;0,08313783;0,50598221;0,6013;0;0,43219389
SYN_4;Pharma;2023-10; 119 975,68 ;0,404826365;0,451685205;0,6013;0;0,67873961
SYN_4;Pharma;2023-12; 33 472,36 ;0,162170088;0,451685205;0,6013;0;0,60394445
SYN_4;Textiles;2023-05; 43 256,22 ;0,44510062;0,422604193;0,7113;0;0,3890917
SYN_40;Electronics;2023-04; 49 876,45 ;0,529936461;0,267844884;0,6628;1;0,36314411
SYN_40;Electronics;2023-06; 28 160,51 ;0,477981427;0,267844884;0,6628;1;0,35446782
SYN_40;Electronics;2023-07; 84 133,68 ;0,622245846;0,321171492;0,6628;1;0,5627309
SYN_40;Electronics;2023-08; 72 966,35 ;0,103225806;0,321171492;0,6628;1;0,64148829
SYN_40;Food;2023-04; 28 965,42 ;0,036632454;0,267844884;0,6488;1;0,36314411
SYN_40;Food;2023-06; 26 126,08 ;0,242864125;0,267844884;0,6488;1;0,35446782
SYN_40;Machinery;2023-04; 32 635,43 ;0,228690127;0,267844884;0,743;1;0,36314411
SYN_40;Machinery;2023-10; 31 921,28 ;0,531818182;0,317186011;0,743;1;0,67873961
SYN_40;Pharma;2023-03; 30 447,48 ;0,545381232;0,284507242;0,6013;1;0,48516614
SYN_40;Pharma;2023-04; 86 881,21 ;0,217204301;0,267844884;0,6013;1;0,36314411
SYN_40;Pharma;2023-05; 65 287,79 ;0,135002444;0,267844884;0,6013;1;0,3890917
SYN_40;Pharma;2023-06; 42 836,19 ;0,245796676;0,267844884;0,6013;1;0,35446782
SYN_40;Pharma;2023-08; 4 129,79 ;0,085068426;0,321171492;0,6013;1;0,64148829
SYN_40;Pharma;2023-11; 46 084,30 ;0,175503421;0,317186011;0,6013;1;0,54955598
SYN_40;Pharma;2023-12; 61 742,92 ;0,470732591;0,317186011;0,6013;1;0,60394445
SYN_40;Textiles;2023-03; 43 775,74 ;0,533162268;0,284507242;0,7113;1;0,48516614
SYN_40;Textiles;2023-05; 158 738,90 ;0,219423666;0,267844884;0,7113;1;0,3890917
SYN_40;Textiles;2023-06; 13 684,75 ;0,464002933;0,267844884;0,7113;1;0,35446782
SYN_40;Textiles;2023-07; 48 701,00 ;0,132013685;0,321171492;0,7113;1;0,5627309
SYN_40;Textiles;2023-08; 84 481,00 ;0,299159335;0,321171492;0,7113;1;0,64148829
SYN_40;Textiles;2023-09; 47 198,47 ;0,108513627;0,321171492;0,7113;1;0,53566328
SYN_40;Textiles;2023-12; 8 956,40 ;0,13313783;0,317186011;0,7113;1;0,60394445
SYN_41;Electronics;2023-01; 19 577,66 ;0,56544477;0,394294395;0,375;0,3;0,34574577
SYN_41;Electronics;2023-02; 16 087,19 ;0,14306696;0,394294395;0,375;0,3;0,35011977
SYN_41;Electronics;2023-07; 34 929,21 ;0,134164223;0,420287703;0,375;0,3;0,60629882
SYN_41;Food;2023-03; 84 805,30 ;0,279867195;0,394294395;0,4013;0,2;0,4592466
SYN_41;Food;2023-06; 41 909,86 ;0,571388496;0,420744408;0,4013;0,2;0,57250529
SYN_41;Food;2023-07; 6 691,97 ;0,233577713;0,420287703;0,4013;0,2;0,60629882
SYN_41;Machinery;2023-06; 98 574,40 ;0,003079179;0,420744408;0,4145;0,4;0,57250529
SYN_41;Pharma;2023-01; 4 184,93 ;0,246187683;0,394294395;0,3618;0,3;0,34574577
SYN_41;Pharma;2023-03; 160 354,24 ;0,245121181;0,394294395;0,3618;0,3;0,4592466
SYN_41;Pharma;2023-04; 13 587,70 ;0,069599218;0,420744408;0,3618;0,3;0,56031868
SYN_41;Pharma;2023-06; 13 091,30 ;0,492937439;0,420744408;0,3618;0,3;0,57250529
SYN_41;Textiles;2023-07; 152 760,76 ;0,443513942;0,420287703;0,3882;0,4;0,60629882
SYN_41;Textiles;2023-09; 9 926,47 ;0,303392773;0,420287703;0,3882;0,4;0,45950501
SYN_41;Textiles;2023-10; 136 909,93 ;0,33920653;0,384368233;0,3882;0,4;0,42817427
SYN_42;Electronics;2023-04; 37 935,93 ;0,67228739;0,518209957;0,375;0,5;0,56031868
SYN_42;Electronics;2023-05; 141 952,10 ;0,227618905;0,518209957;0,375;0,5;0,60615315
SYN_42;Electronics;2023-11; 109 340,19 ;0,575426424;0,529457324;0,375;0,5;0,53975639
SYN_42;Food;2023-03; 93 394,56 ;0,471524927;0,518146331;0,4013;0,4;0,4592466
SYN_42;Food;2023-05; 33 430,92 ;0,23844086;0,518209957;0,4013;0,4;0,60615315
SYN_42;Food;2023-08; 17 071,76 ;0,49987781;0,472768026;0,4013;0,4;0,47062806
SYN_42;Machinery;2023-01; 7 481,74 ;0,244916911;0,518146331;0,4145;0,7;0,34574577
SYN_42;Machinery;2023-04; 41 827,93 ;0,157820137;0,518209957;0,4145;0,7;0,56031868
SYN_42;Machinery;2023-07; 46 621,22 ;0,672100977;0,472768026;0,4145;0,7;0,60629882
SYN_42;Machinery;2023-08; 114 245,71 ;0,153722659;0,472768026;0,4145;0,7;0,47062806
SYN_42;Machinery;2023-12; 59 619,11 ;0,42361437;0,529457324;0,4145;0,7;0,51505165
SYN_42;Pharma;2023-02; 3 689,60 ;0,156744868;0,518146331;0,3618;0,6;0,35011977
SYN_42;Pharma;2023-05; 16 392,73 ;0,560166178;0,518209957;0,3618;0,6;0,60615315
SYN_42;Pharma;2023-08; 1 423,44 ;0,136510264;0,472768026;0,3618;0,6;0,47062806
SYN_42;Pharma;2023-10; 12 847,21 ;0,106304985;0,529457324;0,3618;0,6;0,42817427
SYN_42;Pharma;2023-11; 88 711,75 ;0,057624633;0,529457324;0,3618;0,6;0,53975639
SYN_42;Pharma;2023-12; 87 489,25 ;0,128054741;0,529457324;0,3618;0,6;0,51505165
SYN_42;Textiles;2023-08; 14 175,88 ;0,231427175;0,472768026;0,3882;0,6;0,47062806
SYN_42;Textiles;2023-11; 62 862,36 ;0,352500658;0,529457324;0,3882;0,6;0,53975639
SYN_42;Textiles;2023-12; 25 580,74 ;0,579203324;0,529457324;0,3882;0,6;0,51505165
SYN_43;Electronics;2023-01; 18 233,15 ;0,202360704;0,570792983;0,375;0,2;0,34574577
SYN_43;Electronics;2023-06; 18 954,77 ;0,122776149;0,583766395;0,375;0,2;0,57250529
SYN_43;Electronics;2023-08; 4 119,29 ;0,519147116;0,580993227;0,375;0,2;0,47062806
SYN_43;Electronics;2023-09; 26 943,36 ;0,178445748;0,580993227;0,375;0,2;0,45950501
SYN_43;Electronics;2023-11; 75 597,47 ;0,382007201;0,579654246;0,375;0,2;0,53975639
SYN_43;Electronics;2023-12; 17 122,35 ;0,016226784;0,579654246;0,375;0,2;0,51505165
SYN_43;Food;2023-03; 12 270,13 ;0,474780059;0,570792983;0,4013;0,2;0,4592466
SYN_43;Food;2023-05; 15 943,08 ;0,62583089;0,583766395;0,4013;0,2;0,60615315
SYN_43;Food;2023-10; 36 288,56 ;0,596994135;0,579654246;0,4013;0,2;0,42817427
SYN_43;Machinery;2023-11; 15 747,10 ;0,193939394;0,579654246;0,4145;0,3;0,53975639
SYN_43;Pharma;2023-01; 47 864,62 ;0,396405181;0,570792983;0,3618;0,3;0,34574577
SYN_43;Pharma;2023-07; 41 839,47 ;0,17971652;0,580993227;0,3618;0,3;0,60629882
SYN_43;Pharma;2023-09; 30 268,80 ;0,109213099;0,580993227;0,3618;0,3;0,45950501
SYN_43;Pharma;2023-10; 69 681,64 ;0,220933316;0,579654246;0,3618;0,3;0,42817427
SYN_43;Pharma;2023-12; 38 619,14 ;0,050635386;0,579654246;0,3618;0,3;0,51505165
SYN_43;Textiles;2023-01; 35 121,35 ;0,638318671;0,570792983;0,3882;0,2;0,34574577
SYN_43;Textiles;2023-06; 24 333,85 ;0,676344086;0,583766395;0,3882;0,2;0,57250529
SYN_43;Textiles;2023-08; 46 969,39 ;0,493582053;0,580993227;0,3882;0,2;0,47062806
SYN_43;Textiles;2023-11; 40 380,92 ;0,569477028;0,579654246;0,3882;0,2;0,53975639
SYN_44;Electronics;2023-01; 36 848,65 ;0,678932063;0,635157474;0,3459;0,5;0,15566105
SYN_44;Electronics;2023-05; 47 816,31 ;0,135630499;0,533710716;0,3459;0,5;0,45600805
SYN_44;Electronics;2023-08; 93 386,51 ;0,586259215;0,537346911;0,3459;0,5;0,55018295
SYN_44;Electronics;2023-10; 38 917,67 ;0,349686354;0,566109479;0,3459;0,5;0,56319988
SYN_44;Electronics;2023-12; 34 509,02 ;0,175659824;0,566109479;0,3459;0,5;0,47988117
SYN_44;Food;2023-01; 34 403,52 ;0,241300098;0,635157474;0,3553;0,4;0,15566105
SYN_44;Food;2023-07; 31 686,98 ;0,461681699;0,537346911;0,3553;0,4;0,52884454
SYN_44;Food;2023-09; 42 429,97 ;0,222465787;0,537346911;0,3553;0,4;0,50102256
SYN_44;Food;2023-10; 59 386,06 ;0,149012708;0,566109479;0,3553;0,4;0,56319988
SYN_44;Food;2023-11; 30 587,44 ;0,413294233;0,566109479;0,3553;0,4;0,55659583
SYN_44;Machinery;2023-02; 34 803,82 ;0,241307429;0,635157474;0,3827;0,7;0,35507206
SYN_44;Machinery;2023-03; 88 960,42 ;0,473919844;0,635157474;0,3827;0,7;0,43545876
SYN_44;Machinery;2023-04; 91 162,67 ;0,031524927;0,533710716;0,3827;0,7;0,52782476
SYN_44;Machinery;2023-05; 32 298,82 ;0,483915326;0,533710716;0,3827;0,7;0,45600805
SYN_44;Machinery;2023-09; 23 518,02 ;0,223020528;0,537346911;0,3827;0,7;0,50102256
SYN_44;Machinery;2023-12; 38 826,04 ;0,083773216;0,566109479;0,3827;0,7;0,47988117
SYN_44;Pharma;2023-02; 37 810,28 ;0,478225806;0,635157474;0,3041;0,6;0,35507206
SYN_44;Pharma;2023-03; 46 834,01 ;0,154235093;0,635157474;0,3041;0,6;0,43545876
SYN_44;Pharma;2023-04; 24 798,74 ;0,432722385;0,533710716;0,3041;0,6;0,52782476
SYN_45;Electronics;2023-11; 75 394,71 ;0,303930575;0,438855236;0,375;0,2;0,53975639
SYN_45;Food;2023-06; 6 666,89 ;0,597930108;0,441414086;0,4013;0,2;0,57250529
SYN_45;Food;2023-09; 79 643,05 ;0,374683389;0,482307736;0,4013;0,2;0,45950501
SYN_45;Food;2023-10; 29 169,79 ;0,341993588;0,438855236;0,4013;0,2;0,42817427
SYN_45;Food;2023-11; 12 058,46 ;0,051270772;0,438855236;0,4013;0,2;0,53975639
SYN_45;Machinery;2023-06; 49 044,57 ;0,079032258;0,441414086;0,4145;0,3;0,57250529
SYN_45;Machinery;2023-07; 6 504,17 ;0,143670577;0,482307736;0,4145;0,3;0,60629882
SYN_45;Machinery;2023-10; 44 700,53 ;0,182258065;0,438855236;0,4145;0,3;0,42817427
SYN_45;Machinery;2023-11; 29 953,17 ;0,195112414;0,438855236;0,4145;0,3;0,53975639
SYN_45;Pharma;2023-06; 12 154,35 ;0,120918866;0,441414086;0,3618;0,3;0,57250529
SYN_45;Pharma;2023-07; 79 508,09 ;0,17670088;0,482307736;0,3618;0,3;0,60629882
SYN_45;Pharma;2023-08; 45 580,27 ;0,322674246;0,482307736;0,3618;0,3;0,47062806
SYN_45;Pharma;2023-09; 32 945,35 ;0,061681329;0,482307736;0,3618;0,3;0,45950501
SYN_45;Pharma;2023-11; 7 055,26 ;0,374601417;0,438855236;0,3618;0,3;0,53975639
SYN_45;Textiles;2023-02; 16 711,27 ;0,163489736;0,483050227;0,3882;0,2;0,35011977
SYN_45;Textiles;2023-03; 75 494,36 ;0,090127077;0,483050227;0,3882;0,2;0,4592466
SYN_45;Textiles;2023-04; 1 456,05 ;0,667375367;0,441414086;0,3882;0,2;0,56031868
SYN_45;Textiles;2023-07; 29 990,52 ;0,141234115;0,482307736;0,3882;0,2;0,60629882
SYN_45;Textiles;2023-10; 7 331,73 ;0,190298143;0,438855236;0,3882;0,2;0,42817427
SYN_46;Electronics;2023-06; 93 299,40 ;0,123281199;0,521442515;0,6628;1;0,35446782
SYN_46;Electronics;2023-09; 45 046,58 ;0,081476051;0,535355716;0,6628;1;0,53566328
SYN_46;Electronics;2023-10; 77 234,69 ;0,536901271;0,503399369;0,6628;1;0,67873961
SYN_46;Electronics;2023-12; 22 283,23 ;0,069305963;0,503399369;0,6628;1;0,60394445
SYN_46;Food;2023-03; 3 602,21 ;0,056671554;0,498199532;0,6488;1;0,48516614
SYN_46;Food;2023-07; 39 710,58 ;0,040957967;0,535355716;0,6488;1;0,5627309
SYN_46;Machinery;2023-01; 171 622,81 ;0,319943799;0,498199532;0,743;1;0,49695702
SYN_46;Machinery;2023-05; 11 579,79 ;0,669525904;0,521442515;0,743;1;0,3890917
SYN_46;Machinery;2023-06; 163 273,51 ;0,36297098;0,521442515;0,743;1;0,35446782
SYN_46;Machinery;2023-07; 38 872,13 ;0,589125122;0,535355716;0,743;1;0,5627309
SYN_46;Machinery;2023-10; 1 292,39 ;0,251505376;0,503399369;0,743;1;0,67873961
SYN_46;Pharma;2023-03; 34 999,24 ;0,606744868;0,498199532;0,6013;1;0,48516614
SYN_46;Pharma;2023-08; 4 663,75 ;0,57028348;0,535355716;0,6013;1;0,64148829
SYN_46;Pharma;2023-11; 32 491,95 ;0,176979472;0,503399369;0,6013;1;0,54955598
SYN_46;Textiles;2023-02; 20 947,61 ;0,556085044;0,498199532;0,7113;1;0,43219389
SYN_46;Textiles;2023-04; 31 134,93 ;0,529301075;0,521442515;0,7113;1;0,36314411
SYN_46;Textiles;2023-08; 27 550,66 ;0,305742972;0,535355716;0,7113;1;0,64148829
SYN_46;Textiles;2023-12; 44 817,05 ;0,079227761;0,503399369;0,7113;1;0,60394445
SYN_47;Electronics;2023-03; 136 422,93 ;0,292956308;0,444960272;0,2686;0,3;0,56877978
SYN_47;Electronics;2023-05; 170 110,22 ;0,457652298;0,416106819;0,2686;0,3;0,4550968
SYN_47;Electronics;2023-06; 55 370,46 ;0,375461877;0,416106819;0,2686;0,3;0,36560856
SYN_47;Food;2023-01; 27 807,49 ;0,213880743;0,444960272;0,2835;0,2;0,54072087
SYN_47;Food;2023-02; 194 520,58 ;0,579720444;0,444960272;0,2835;0,2;0,48219328
SYN_47;Food;2023-04; 22 996,64 ;0,002737048;0,416106819;0,2835;0,2;0,6236718
SYN_47;Machinery;2023-07; 69 164,38 ;0,065591398;0,421043338;0,2794;0,4;0,35450841
SYN_47;Machinery;2023-10; 25 745,05 ;0,587634409;0,467252668;0,2794;0,4;0,40597048
SYN_47;Pharma;2023-01; 22 435,00 ;0,575691593;0,444960272;0,2369;0,3;0,54072087
SYN_47;Pharma;2023-04; 48 409,72 ;0,389841916;0,416106819;0,2369;0,3;0,6236718
SYN_47;Pharma;2023-07; 5 014,05 ;0,698411535;0,421043338;0,2369;0,3;0,35450841
SYN_47;Pharma;2023-08; 48 130,69 ;0,060883024;0,421043338;0,2369;0,3;0,35387439
SYN_47;Pharma;2023-11; 43 292,65 ;0,208993157;0,467252668;0,2369;0,3;0,47747267
SYN_47;Textiles;2023-05; 40 197,70 ;0,141300098;0,416106819;0,3224;0,4;0,4550968
SYN_47;Textiles;2023-06; 69 899,99 ;0,085581623;0,416106819;0,3224;0,4;0,36560856
SYN_48;Electronics;2023-05; 29 235,69 ;0,067595308;0,382351176;0,288;0,3;0,49656506
SYN_48;Electronics;2023-08; 65 578,34 ;0,42938172;0,4007834;0,288;0,3;0,48615589
SYN_48;Electronics;2023-12; 46 005,64 ;0,052350088;0,387688192;0,288;0,3;0,53225831
SYN_48;Food;2023-03; 45 140,23 ;0,596652004;0,372046344;0,2754;0,2;0,31209306
SYN_48;Food;2023-10; 49 040,28 ;0,539051808;0,387688192;0,2754;0,2;0,57175634
SYN_48;Machinery;2023-08; 31 056,59 ;0,236207234;0,4007834;0,3103;0,4;0,48615589
SYN_48;Machinery;2023-09; 3 284,53 ;0,12512219;0,4007834;0,3103;0,4;0,50830088
SYN_48;Pharma;2023-02; 50 359,78 ;0,687658847;0,372046344;0,2532;0,3;0,22408182
SYN_48;Pharma;2023-04; 31 329,25 ;0,104203324;0,382351176;0,2532;0,3;0,45041658
SYN_48;Pharma;2023-06; 3 948,75 ;0,546994135;0,382351176;0,2532;0,3;0,31698709
SYN_48;Pharma;2023-07; 117 859,43 ;0,618378266;0,4007834;0,2532;0,3;0,40293321
SYN_48;Pharma;2023-08; 46 069,16 ;0,215298143;0,4007834;0,2532;0,3;0,48615589
SYN_48;Pharma;2023-09; 10 400,07 ;0,095747801;0,4007834;0,2532;0,3;0,50830088
SYN_48;Pharma;2023-10; 845,40 ;0,17228739;0,387688192;0,2532;0,3;0,57175634
SYN_48;Textiles;2023-01; 142 719,78 ;0,270697374;0,372046344;0,3321;0,4;0,17915831
SYN_48;Textiles;2023-03; 52 066,08 ;0,230889541;0,372046344;0,3321;0,4;0,31209306
SYN_48;Textiles;2023-04; 44 539,40 ;0,166911046;0,382351176;0,3321;0,4;0,45041658
SYN_48;Textiles;2023-05; 47 755,13 ;0,51544477;0,382351176;0,3321;0,4;0,49656506
SYN_48;Textiles;2023-10; 95 725,83 ;0,500950635;0,387688192;0,3321;0,4;0,57175634
SYN_48;Textiles;2023-12; 26 294,42 ;0,2;0,387688192;0,3321;0,4;0,53225831
SYN_49;Electronics;2023-11; 101 020,22 ;0,199474459;0,429171767;0,375;0;0,53975639
SYN_49;Food;2023-06; 3 317,19 ;0,66886608;0,444253052;0,4013;0;0,57250529
SYN_49;Food;2023-09; 51 277,83 ;0,443326002;0,464171051;0,4013;0;0,45950501
SYN_49;Food;2023-10; 47 899,11 ;0,178318671;0,429171767;0,4013;0;0,42817427
SYN_49;Food;2023-11; 13 891,01 ;0,051661779;0,429171767;0,4013;0;0,53975639
SYN_49;Machinery;2023-07; 9 741,63 ;0,11886608;0,464171051;0,4145;0;0,60629882
SYN_49;Machinery;2023-08; 44 589,50 ;0,598484848;0,464171051;0,4145;0;0,47062806
SYN_49;Machinery;2023-10; 184 473,14 ;0,324464809;0,429171767;0,4145;0;0,42817427
SYN_49;Pharma;2023-06; 11 054,15 ;0,11945259;0,444253052;0,3618;0;0,57250529
SYN_49;Pharma;2023-07; 38 244,33 ;0,497580645;0,464171051;0,3618;0;0,60629882
SYN_49;Pharma;2023-08; 15 489,24 ;0,145112414;0,464171051;0,3618;0;0,47062806
SYN_49;Pharma;2023-12; 50 352,06 ;0,104887586;0,429171767;0,3618;0;0,51505165
SYN_49;Textiles;2023-02; 31 049,55 ;0,188203812;0,433944664;0,3882;0;0,35011977
SYN_49;Textiles;2023-03; 104 118,68 ;0,528870576;0,433944664;0,3882;0;0,4592466
SYN_49;Textiles;2023-04; 1 439,61 ;0,506796188;0,444253052;0,3882;0;0,56031868
SYN_49;Textiles;2023-07; 30 754,01 ;0,737602639;0,464171051;0,3882;0;0,60629882
SYN_49;Textiles;2023-10; 23 427,87 ;0,175757576;0,429171767;0,3882;0;0,42817427
SYN_5;Electronics;2023-05; 35 477,27 ;0,614907136;0,45656149;0,5814;0;0,3208988
SYN_5;Electronics;2023-10; 20 445,54 ;0,081647116;0,481882339;0,5814;0;0,44467006
SYN_5;Electronics;2023-12; 12 172,88 ;0,367309384;0,481882339;0,5814;0;0,44093036
SYN_5;Food;2023-03; 93 713,35 ;0,356392962;0,404892212;0,5467;0;0,45920672
SYN_5;Food;2023-09; 17 064,70 ;0,576637341;0,433564308;0,5467;0;0,30870431
SYN_5;Food;2023-12; 56 803,25 ;0,362844575;0,481882339;0,5467;0;0,44093036
SYN_5;Machinery;2023-01; 30 809,56 ;0,292040567;0,404892212;0,6041;0;0,62890166
SYN_5;Machinery;2023-03; 11 977,04 ;0,183773216;0,404892212;0,6041;0;0,45920672
SYN_5;Machinery;2023-04; 10 219,78 ;0,678396872;0,45656149;0,6041;0;0,42727946
SYN_5;Machinery;2023-05; 50 328,34 ;0,158064516;0,45656149;0,6041;0;0,3208988
SYN_5;Machinery;2023-08; 105 223,65 ;0,08101173;0,433564308;0,6041;0;0,26980429
SYN_5;Pharma;2023-01; 144 165,90 ;0,431098162;0,404892212;0,5533;0;0,62890166
SYN_5;Pharma;2023-07; 44 519,82 ;0,595432551;0,433564308;0,5533;0;0,28417623
SYN_5;Pharma;2023-09; 23 308,48 ;0,507917889;0,433564308;0,5533;0;0,30870431
SYN_5;Pharma;2023-12; 27 462,14 ;0,433040078;0,481882339;0,5533;0;0,44093036
SYN_5;Textiles;2023-08; 10 025,73 ;0,09516129;0,433564308;0,6076;0;0,26980429
SYN_5;Textiles;2023-09; 42 520,81 ;0,467412023;0,433564308;0,6076;0;0,30870431
SYN_5;Textiles;2023-11; 124 902,35 ;0,168328446;0,481882339;0,6076;0;0,48214795
SYN_5;Textiles;2023-12; 742,44 ;0,145112414;0,481882339;0,6076;0;0,44093036
SYN_50;Electronics;2023-03; 39 591,76 ;0,685584066;0,475765134;0,375;1;0,4592466
SYN_50;Electronics;2023-08; 32 275,65 ;0,040762463;0,429580626;0,375;1;0,47062806
SYN_50;Electronics;2023-12; 96 040,30 ;0,18455523;0,45475211;0,375;1;0,51505165
SYN_50;Food;2023-04; 24 017,91 ;0,272751711;0,478142237;0,4013;1;0,56031868
SYN_50;Food;2023-07; 39 699,44 ;0,08597263;0,429580626;0,4013;1;0,60629882
SYN_50;Food;2023-08; 11 832,04 ;0,221138755;0,429580626;0,4013;1;0,47062806
SYN_50;Food;2023-09; 28 457,36 ;0,057453568;0,429580626;0,4013;1;0,45950501
SYN_50;Food;2023-12; 33 973,86 ;0,08655914;0,45475211;0,4013;1;0,51505165
SYN_50;Machinery;2023-09; 63 208,48 ;0,434836188;0,429580626;0,4145;1;0,45950501
SYN_50;Machinery;2023-10; 46 034,34 ;0,098760997;0,45475211;0,4145;1;0,42817427
SYN_50;Machinery;2023-12; 31 510,86 ;0,165884653;0,45475211;0,4145;1;0,51505165
SYN_50;Pharma;2023-04; 157 925,77 ;0,395726793;0,478142237;0,3618;1;0,56031868
SYN_50;Pharma;2023-05; 71 198,35 ;0,755347019;0,478142237;0,3618;1;0,60615315
SYN_50;Pharma;2023-08; 30 676,53 ;0,500249267;0,429580626;0,3618;1;0,47062806
SYN_50;Pharma;2023-10; 4 723,34 ;0,20542522;0,45475211;0,3618;1;0,42817427
SYN_50;Pharma;2023-11; 14 986,67 ;0,53585044;0,45475211;0,3618;1;0,53975639
SYN_50;Textiles;2023-02; 12 711,48 ;0,640224829;0,475765134;0,3882;1;0,35011977
SYN_50;Textiles;2023-03; 31 235,00 ;0,229178886;0,475765134;0,3882;1;0,4592466
SYN_50;Textiles;2023-04; 19 091,58 ;0,647653959;0,478142237;0,3882;1;0,56031868
SYN_50;Textiles;2023-05; 86 729,52 ;0,008341479;0,478142237;0,3882;1;0,60615315
SYN_50;Textiles;2023-12; 29 329,52 ;0,126490714;0,45475211;0,3882;1;0,51505165
SYN_51;Electronics;2023-12; 16 394,31 ;0,466344666;0,451019392;0,4725;0,2;0,82499133
SYN_51;Food;2023-03; 71 873,61 ;0,142986315;0,447364251;0,4348;0,2;0,27292397
SYN_51;Food;2023-09; 17 496,89 ;0,581036168;0,462467602;0,4348;0,2;0,39009953
SYN_51;Food;2023-10; 47 884,15 ;0,526084359;0,451019392;0,4348;0,2;0,56951902
SYN_51;Food;2023-11; 12 822,91 ;0,678274682;0,451019392;0,4348;0,2;0,71857197
SYN_51;Food;2023-12; 29 876,43 ;0,132795699;0,451019392;0,4348;0,2;0,82499133
SYN_51;Machinery;2023-01; 16 407,24 ;0,088074291;0,447364251;0,5268;0,3;0,20624843
SYN_51;Machinery;2023-03; 13 471,89 ;0,183284457;0,447364251;0,5268;0,3;0,27292397
SYN_51;Machinery;2023-04; 31 141,44 ;0,126800261;0,40646352;0,5268;0,3;0,47128027
SYN_51;Machinery;2023-05; 49 171,08 ;0,387128543;0,40646352;0,5268;0,3;0,36385843
SYN_51;Machinery;2023-08; 75 094,89 ;0,277084381;0,462467602;0,5268;0,3;0,62832864
SYN_51;Pharma;2023-08; 147 290,08 ;0,460606009;0,462467602;0,4306;0,3;0,62832864
SYN_51;Pharma;2023-09; 21 550,54 ;0,382038123;0,462467602;0,4306;0,3;0,39009953
SYN_51;Pharma;2023-12; 85 511,31 ;0,031345715;0,451019392;0,4306;0,3;0,82499133
SYN_51;Textiles;2023-01; 21 194,63 ;0,337673509;0,447364251;0,4987;0,2;0,20624843
SYN_51;Textiles;2023-04; 14 335,54 ;0,166617791;0,40646352;0,4987;0,2;0,47128027
SYN_51;Textiles;2023-09; 42 057,56 ;0,357558651;0,462467602;0,4987;0,2;0,39009953
SYN_51;Textiles;2023-11; 31 475,95 ;0,167350929;0,451019392;0,4987;0,2;0,71857197
SYN_51;Textiles;2023-12; 1 478,27 ;0,122556207;0,451019392;0,4987;0,2;0,82499133
SYN_52;Electronics;2023-02; 34 890,74 ;0,128347996;0,469363522;0,375;0,5;0,35011977
SYN_52;Electronics;2023-03; 34 799,37 ;0,384283969;0,469363522;0,375;0,5;0,4592466
SYN_52;Electronics;2023-05; 19 536,14 ;0,631647116;0,502686153;0,375;0,5;0,60615315
SYN_52;Electronics;2023-07; 30 538,19 ;0,041348974;0,517710711;0,375;0,5;0,60629882
SYN_52;Electronics;2023-08; 17 000,24 ;0,300552297;0,517710711;0,375;0,5;0,47062806
SYN_52;Electronics;2023-09; 17 244,27 ;0,516202346;0,517710711;0,375;0,5;0,45950501
SYN_52;Electronics;2023-11; 30 307,63 ;0,438098729;0,557533261;0,375;0,5;0,53975639
SYN_52;Food;2023-08; 58 627,49 ;0,224714076;0,517710711;0,4013;0,4;0,47062806
SYN_52;Food;2023-11; 23 853,90 ;0,198973607;0,557533261;0,4013;0,4;0,53975639
SYN_52;Food;2023-12; 14 133,29 ;0,32445259;0,557533261;0,4013;0,4;0,51505165
SYN_52;Machinery;2023-01; 15 344,50 ;0,18514174;0,469363522;0,4145;0,7;0,34574577
SYN_52;Machinery;2023-03; 34 272,99 ;0,188758553;0,469363522;0,4145;0,7;0,4592466
SYN_52;Machinery;2023-09; 31 808,84 ;0,180913978;0,517710711;0,4145;0,7;0,45950501
SYN_52;Machinery;2023-10; 239 887,53 ;0,450446086;0,557533261;0,4145;0,7;0,42817427
SYN_52;Machinery;2023-12; 18 610,78 ;0,512988733;0,557533261;0,4145;0,7;0,51505165
SYN_52;Pharma;2023-01; 26 234,68 ;0,601075269;0,469363522;0,3618;0,6;0,34574577
SYN_52;Pharma;2023-08; 5 888,39 ;0,098680352;0,517710711;0,3618;0,6;0,47062806
SYN_52;Textiles;2023-03; 156 015,40 ;0,192028749;0,469363522;0,3882;0,6;0,4592466
SYN_53;Electronics;2023-05; 8 076,70 ;0,128787879;0,382556315;0,375;0;0,60615315
SYN_53;Electronics;2023-10; 33 451,62 ;0,437463343;0,382435267;0,375;0;0,42817427
SYN_53;Electronics;2023-11; 90 727,48 ;0,264683742;0,382435267;0,375;0;0,53975639
SYN_53;Food;2023-06; 1 846,66 ;0,542302053;0,382556315;0,4013;0;0,57250529
SYN_53;Food;2023-10; 11 218,75 ;0,178592375;0,382435267;0,4013;0;0,42817427
SYN_53;Food;2023-11; 11 392,11 ;0,476857283;0,382435267;0,4013;0;0,53975639
SYN_53;Machinery;2023-06; 142 035,78 ;0,279683832;0,382556315;0,4145;0;0,57250529
SYN_53;Machinery;2023-07; 5 751,44 ;0,115738025;0,393486893;0,4145;0;0,60629882
SYN_53;Machinery;2023-08; 89 154,41 ;0,199022483;0,393486893;0,4145;0;0,47062806
SYN_53;Machinery;2023-10; 46 915,23 ;0,18431085;0,382435267;0,4145;0;0,42817427
SYN_53;Machinery;2023-11; 29 618,51 ;0,570210166;0,382435267;0,4145;0;0,53975639
SYN_53;Pharma;2023-06; 52 433,25 ;0,528953385;0,382556315;0,3618;0;0,57250529
SYN_53;Pharma;2023-07; 77 381,80 ;0,121065494;0,393486893;0,3618;0;0,60629882
SYN_53;Pharma;2023-08; 14 869,21 ;0,570503421;0,393486893;0,3618;0;0,47062806
SYN_53;Pharma;2023-11; 8 390,29 ;0,312317798;0,382435267;0,3618;0;0,53975639
SYN_53;Pharma;2023-12; 50 098,19 ;0,104398827;0,382435267;0,3618;0;0,51505165
SYN_53;Textiles;2023-03; 22 816,04 ;0,138905181;0,356642868;0,3882;0;0,4592466
SYN_53;Textiles;2023-04; 990,26 ;0,163954057;0,382556315;0,3882;0;0,56031868
SYN_53;Textiles;2023-07; 13 953,83 ;0,115835777;0,393486893;0,3882;0;0,60629882
SYN_53;Textiles;2023-10; 46 109,73 ;0,485227273;0,382435267;0,3882;0;0,42817427
SYN_54;Electronics;2023-05; 33 183,23 ;0,135581623;0,226760215;0,375;0,3;0,60615315
SYN_54;Electronics;2023-06; 53 358,72 ;0,485325024;0,226760215;0,375;0,3;0,57250529
SYN_54;Electronics;2023-08; 842,65 ;0,068914956;0,227531951;0,375;0,3;0,47062806
SYN_54;Electronics;2023-09; 232 041,59 ;0,228390889;0,227531951;0,375;0,3;0,45950501
SYN_54;Electronics;2023-10; 29 728,49 ;0,119550342;0,209254503;0,375;0,3;0,42817427
SYN_54;Food;2023-06; 9 834,59 ;0,071407625;0,226760215;0,4013;0,2;0,57250529
SYN_54;Food;2023-07; 119 452,27 ;0,38345957;0,227531951;0,4013;0,2;0,60629882
SYN_54;Food;2023-09; 60 806,35 ;0,221758043;0,227531951;0,4013;0,2;0,45950501
SYN_54;Food;2023-11; 71 526,00 ;0,222497556;0,209254503;0,4013;0,2;0,53975639
SYN_54;Machinery;2023-02; 27 433,28 ;0,597971652;0,245122153;0,4145;0,4;0,35011977
SYN_54;Machinery;2023-03; 53 406,33 ;0,095063539;0,245122153;0,4145;0,4;0,4592466
SYN_54;Machinery;2023-05; 21 185,81 ;0,056549365;0,226760215;0,4145;0,4;0,60615315
SYN_54;Machinery;2023-06; 23 577,91 ;0,538074291;0,226760215;0,4145;0,4;0,57250529
SYN_54;Machinery;2023-08; 42 924,73 ;0,602688172;0,227531951;0,4145;0,4;0,47062806
SYN_54;Pharma;2023-03; 15 615,23 ;0,058211144;0,245122153;0,3618;0,3;0,4592466
SYN_54;Pharma;2023-10; 22 757,42 ;0,186705767;0,209254503;0,3618;0,3;0,42817427
SYN_54;Textiles;2023-06; 192 798,32 ;0,445425621;0,226760215;0,3882;0,4;0,57250529
SYN_55;Electronics;2023-05; 36 036,24 ;0,237072336;0,581825429;0,6628;1;0,3890917
SYN_55;Electronics;2023-10; 21 991,45 ;0,454398827;0,590878122;0,6628;1;0,67873961
SYN_55;Electronics;2023-12; 9 047,03 ;0,164320626;0,590878122;0,6628;1;0,60394445
SYN_55;Food;2023-01; 42 645,05 ;0,116202346;0,514814312;0,6488;1;0,49695702
SYN_55;Food;2023-03; 71 276,65 ;0,169264418;0,514814312;0,6488;1;0,48516614
SYN_55;Food;2023-09; 35 815,18 ;0,798739003;0,581357454;0,6488;1;0,53566328
SYN_55;Food;2023-10; 51 577,10 ;0,528011753;0,590878122;0,6488;1;0,67873961
SYN_55;Food;2023-11; 14 135,49 ;0,106793744;0,590878122;0,6488;1;0,54955598
SYN_55;Food;2023-12; 29 025,52 ;0,131524927;0,590878122;0,6488;1;0,60394445
SYN_55;Machinery;2023-03; 10 626,69 ;0,782991202;0,514814312;0,743;1;0,48516614
SYN_55;Machinery;2023-04; 10 177,92 ;0,129178886;0,581825429;0,743;1;0,36314411
SYN_55;Machinery;2023-08; 195 432,53 ;0,350639365;0,581357454;0,743;1;0,64148829
SYN_55;Pharma;2023-01; 74 286,13 ;0,150454545;0,514814312;0,6013;1;0,49695702
SYN_55;Pharma;2023-09; 42 955,44 ;0,20934262;0,581357454;0,6013;1;0,53566328
SYN_55;Textiles;2023-01; 23 452,15 ;0,338602151;0,514814312;0,7113;1;0,49695702
SYN_55;Textiles;2023-04; 14 841,72 ;0,742986315;0,581825429;0,7113;1;0,36314411
SYN_55;Textiles;2023-08; 9 796,99 ;0,092619746;0,581357454;0,7113;1;0,64148829
SYN_55;Textiles;2023-09; 43 130,14 ;0,153592375;0,581357454;0,7113;1;0,53566328
SYN_55;Textiles;2023-12; 1 385,88 ;0,095307918;0,590878122;0,7113;1;0,60394445
SYN_56;Electronics;2023-03; 72 075,07 ;0,16224335;0,415927619;0,6628;0;0,48516614
SYN_56;Electronics;2023-08; 32 476,68 ;0,064296188;0,45237355;0,6628;0;0,64148829
SYN_56;Electronics;2023-12; 47 649,42 ;0,184066471;0,459161178;0,6628;0;0,60394445
SYN_56;Food;2023-04; 36 918,94 ;0,526478495;0,461935785;0,6488;0;0,36314411
SYN_56;Food;2023-07; 38 203,77 ;0,089784946;0,45237355;0,6488;0;0,5627309
SYN_56;Food;2023-08; 7 466,16 ;0,463685239;0,45237355;0,6488;0;0,64148829
SYN_56;Food;2023-11; 889,70 ;0,122238514;0,459161178;0,6488;0;0,54955598
SYN_56;Machinery;2023-09; 21 418,19 ;0,114956012;0,45237355;0,743;0;0,53566328
SYN_56;Machinery;2023-10; 44 957,73 ;0,447734604;0,459161178;0,743;0;0,67873961
SYN_56;Machinery;2023-11; 39 016,35 ;0,109017595;0,459161178;0,743;0;0,54955598
SYN_56;Machinery;2023-12; 76 870,02 ;0,174640762;0,459161178;0,743;0;0,60394445
SYN_56;Pharma;2023-04; 18 148,96 ;0,10742913;0,461935785;0,6013;0;0,36314411
SYN_56;Pharma;2023-05; 70 137,73 ;0,533335777;0,461935785;0,6013;0;0,3890917
SYN_56;Pharma;2023-08; 16 176,17 ;0,21840176;0,45237355;0,6013;0;0,64148829
SYN_56;Pharma;2023-10; 8 708,73 ;0,610417889;0,459161178;0,6013;0;0,67873961
SYN_56;Pharma;2023-11; 15 518,93 ;0,160361681;0,459161178;0,6013;0;0,54955598
SYN_56;Pharma;2023-12; 8 885,66 ;0,102565982;0,459161178;0,6013;0;0,60394445
SYN_56;Textiles;2023-02; 22 755,85 ;0,443604594;0,415927619;0,7113;0;0,43219389
SYN_56;Textiles;2023-03; 29 958,76 ;0,626832845;0,415927619;0,7113;0;0,48516614
SYN_56;Textiles;2023-04; 20 859,37 ;0,695210166;0,461935785;0,7113;0;0,36314411
SYN_56;Textiles;2023-05; 36 600,04 ;0,004349951;0,461935785;0,7113;0;0,3890917
SYN_56;Textiles;2023-09; 54 239,68 ;0,175520528;0,45237355;0,7113;0;0,53566328
SYN_56;Textiles;2023-12; 60 091,79 ;0,1546261;0,459161178;0,7113;0;0,60394445
SYN_57;Electronics;2023-01; 45 140,49 ;0,610312805;0,456409838;0,6628;0,5;0,49695702
SYN_57;Electronics;2023-02; 7 570,67 ;0,585134832;0,456409838;0,6628;0,5;0,43219389
SYN_57;Electronics;2023-03; 63 207,42 ;0,184244868;0,456409838;0,6628;0,5;0,48516614
SYN_57;Electronics;2023-08; 40 621,24 ;0,657233627;0,462948943;0,6628;0,5;0,64148829
SYN_57;Electronics;2023-09; 37 591,05 ;0,159105572;0,462948943;0,6628;0,5;0,53566328
SYN_57;Electronics;2023-10; 45 007,24 ;0,564516129;0,442272649;0,6628;0,5;0,67873961
SYN_57;Electronics;2023-11; 17 364,91 ;0,090053763;0,442272649;0,6628;0,5;0,54955598
SYN_57;Food;2023-02; 34 715,38 ;0,6096261;0,456409838;0,6488;0,4;0,43219389
SYN_57;Food;2023-08; 62 524,57 ;0,314670088;0,462948943;0,6488;0,4;0,64148829
SYN_57;Food;2023-09; 4 905,72 ;0,249706745;0,462948943;0,6488;0,4;0,53566328
SYN_57;Food;2023-11; 17 865,46 ;0,200782014;0,442272649;0,6488;0,4;0,54955598
SYN_57;Machinery;2023-05; 38 190,39 ;0,220723363;0,426541596;0,743;0,7;0,3890917
SYN_57;Machinery;2023-07; 22 328,49 ;0,078428641;0,462948943;0,743;0,7;0,5627309
SYN_57;Machinery;2023-08; 28 478,09 ;0,110752688;0,462948943;0,743;0,7;0,64148829
SYN_57;Machinery;2023-10; 26 175,30 ;0,0785435;0,442272649;0,743;0,7;0,67873961
SYN_57;Pharma;2023-06; 11 206,20 ;0,381451613;0,426541596;0,6013;0,6;0,35446782
SYN_57;Pharma;2023-09; 26 949,36 ;0,405889541;0,462948943;0,6013;0,6;0,53566328
SYN_57;Pharma;2023-12; 26 750,65 ;0,165004888;0,442272649;0,6013;0,6;0,60394445
SYN_57;Textiles;2023-02; 140 705,90 ;0,092130987;0,456409838;0,7113;0,6;0,43219389
SYN_57;Textiles;2023-04; 78 062,78 ;0,254729821;0,426541596;0,7113;0,6;0,36314411
SYN_57;Textiles;2023-09; 2 112,53 ;0,175464321;0,462948943;0,7113;0,6;0,53566328
SYN_57;Textiles;2023-10; 43 784,93 ;0,056549365;0,442272649;0,7113;0,6;0,67873961
SYN_58;Electronics;2023-03; 2 181,54 ;0,611803519;0,377393287;0,2862;0;0,47604927
SYN_58;Electronics;2023-10; 154 730,11 ;0,51561994;0,319165458;0,2862;0;0,44253673
SYN_58;Electronics;2023-12; 90 653,94 ;0,191771069;0,319165458;0,2862;0;0,50061341
SYN_58;Food;2023-01; 50 927,64 ;0,328697458;0,377393287;0,2915;0;0,26917885
SYN_58;Food;2023-02; 48 920,93 ;0,172155425;0,377393287;0,2915;0;0,36525408
SYN_58;Food;2023-03; 40 643,05 ;0,447385142;0,377393287;0,2915;0;0,47604927
SYN_58;Food;2023-09; 9 775,69 ;0,190860215;0,369894691;0,2915;0;0,41456793
SYN_58;Food;2023-12; 145 789,04 ;0,018507657;0,319165458;0,2915;0;0,50061341
SYN_58;Machinery;2023-01; 43 335,78 ;0,116422287;0,377393287;0,2968;0;0,26917885
SYN_58;Machinery;2023-06; 31 479,09 ;0,739811828;0,314438913;0,2968;0;0,3516715
SYN_58;Machinery;2023-08; 83 998,23 ;0,418633894;0,369894691;0,2968;0;0,35693505
SYN_58;Machinery;2023-10; 9 530,35 ;0,669525904;0,319165458;0,2968;0;0,44253673
SYN_58;Pharma;2023-02; 30 899,64 ;0,58501955;0,377393287;0,2565;0;0,36525408
SYN_58;Pharma;2023-04; 68 407,45 ;0,004545455;0,314438913;0,2565;0;0,40007626
SYN_58;Textiles;2023-01; 38 768,20 ;0,104349951;0,377393287;0,3344;0;0,26917885
SYN_58;Textiles;2023-05; 926,85 ;0,106221896;0,314438913;0,3344;0;0,42262169
SYN_58;Textiles;2023-09; 43 290,96 ;0,182893451;0,369894691;0,3344;0;0,41456793
SYN_58;Textiles;2023-10; 5 635,87 ;0,492546432;0,319165458;0,3344;0;0,44253673
SYN_59;Electronics;2023-05; 4 623,35 ;0,12913001;0,448100779;0,6628;0;0,3890917
SYN_59;Electronics;2023-11; 61 690,57 ;0,193914956;0,461311434;0,6628;0;0,54955598
SYN_59;Food;2023-06; 12 760,63 ;0,184647413;0,448100779;0,6488;0;0,35446782
SYN_59;Food;2023-10; 10 257,25 ;0,179569892;0,461311434;0,6488;0;0,67873961
SYN_59;Machinery;2023-06; 94 827,46 ;0,337754154;0,448100779;0,743;0;0,35446782
SYN_59;Machinery;2023-10; 46 494,25 ;0,18030303;0,461311434;0,743;0;0,67873961
SYN_59;Pharma;2023-06; 12 218,24 ;0,12170088;0,448100779;0,6013;0;0,35446782
SYN_59;Pharma;2023-07; 37 704,87 ;0,646407625;0,427280308;0,6013;0;0,5627309
SYN_59;Pharma;2023-08; 15 118,65 ;0,194428152;0,427280308;0,6013;0;0,64148829
SYN_59;Pharma;2023-09; 32 041,77 ;0,062756598;0,427280308;0,6013;0;0,53566328
SYN_59;Pharma;2023-11; 4 048,02 ;0,581160802;0,461311434;0,6013;0;0,54955598
SYN_59;Pharma;2023-12; 98 932,61 ;0,358804985;0,461311434;0,6013;0;0,60394445
SYN_59;Textiles;2023-02; 15 368,34 ;0,16427175;0,41321381;0,7113;0;0,43219389
SYN_59;Textiles;2023-03; 98 015,59 ;0,264931522;0,41321381;0,7113;0;0,48516614
SYN_59;Textiles;2023-04; 742,26 ;0,537585533;0,448100779;0,7113;0;0,36314411
SYN_59;Textiles;2023-07; 29 184,59 ;0,454956012;0,427280308;0,7113;0;0,5627309
SYN_59;Textiles;2023-10; 87 142,64 ;0,261675347;0,461311434;0,7113;0;0,67873961
SYN_6;Electronics;2023-05; 72 413,65 ;0,564770283;0,492959375;0,375;0,2;0,60615315
SYN_6;Electronics;2023-06; 29 578,28 ;0,156940371;0,492959375;0,375;0,2;0,57250529
SYN_6;Electronics;2023-09; 41 809,03 ;0,78785435;0,504667081;0,375;0,2;0,45950501
SYN_6;Electronics;2023-11; 22 552,85 ;0,804081134;0,55760114;0,375;0,2;0,53975639
SYN_6;Food;2023-03; 142 207,33 ;0,296765996;0,563271034;0,4013;0,2;0,4592466
SYN_6;Food;2023-09; 93 343,37 ;0,154882017;0,504667081;0,4013;0,2;0,45950501
SYN_6;Food;2023-11; 37 269,74 ;0,136779081;0,55760114;0,4013;0,2;0,53975639
SYN_6;Machinery;2023-05; 58 497,35 ;0,077614858;0,492959375;0,4145;0,3;0,60615315
SYN_6;Pharma;2023-02; 10 648,29 ;0,474828935;0,563271034;0,3618;0,3;0,35011977
SYN_6;Pharma;2023-03; 71 642,31 ;0,253633079;0,563271034;0,3618;0,3;0,4592466
SYN_6;Pharma;2023-08; 9 395,82 ;0,06686217;0,504667081;0,3618;0,3;0,47062806
SYN_6;Pharma;2023-12; 34 637,30 ;0,287683284;0,55760114;0,3618;0,3;0,51505165
SYN_6;Textiles;2023-02; 2 035,28 ;0,44907869;0,563271034;0,3882;0,2;0,35011977
SYN_6;Textiles;2023-04; 13 698,09 ;0,05742913;0,492959375;0,3882;0,2;0,56031868
SYN_6;Textiles;2023-07; 4 556,66 ;0,485796676;0,504667081;0,3882;0,2;0,60629882
SYN_6;Textiles;2023-08; 47 246,21 ;0,477138136;0,504667081;0,3882;0,2;0,47062806
SYN_6;Textiles;2023-10; 117 943,47 ;0,290527312;0,55760114;0,3882;0,2;0,42817427
SYN_6;Textiles;2023-12; 3 331,39 ;0,162805474;0,55760114;0,3882;0,2;0,51505165
SYN_60;Electronics;2023-04; 37 722,15 ;0,54657869;0,701494094;0,375;0,2;0,56031868
SYN_60;Electronics;2023-05; 54 721,64 ;0,45490958;0,701494094;0,375;0,2;0,60615315
SYN_60;Electronics;2023-07; 20 616,99 ;0,127223851;0,624666632;0,375;0,2;0,60629882
SYN_60;Electronics;2023-09; 45 890,79 ;0,126588465;0,624666632;0,375;0,2;0,45950501
SYN_60;Electronics;2023-11; 3 183,95 ;0,413951613;0,694278222;0,375;0,2;0,53975639
SYN_60;Electronics;2023-12; 207 973,87 ;0,479768487;0,694278222;0,375;0,2;0,51505165
SYN_60;Food;2023-04; 66 949,48 ;0,409208211;0,701494094;0,4013;0,2;0,56031868
SYN_60;Food;2023-05; 38 536,89 ;0,331761108;0,701494094;0,4013;0,2;0,60615315
SYN_60;Food;2023-08; 36 448,97 ;0,648387097;0,624666632;0,4013;0,2;0,47062806
SYN_60;Food;2023-12; 46 101,07 ;0,236999022;0,694278222;0,4013;0,2;0,51505165
SYN_60;Machinery;2023-01; 17 042,37 ;0,612707722;0,725748714;0,4145;0,3;0,34574577
SYN_60;Machinery;2023-03; 43 481,97 ;0,456280547;0,725748714;0,4145;0,3;0,4592466
SYN_60;Machinery;2023-06; 21 130,85 ;0,577297165;0,701494094;0,4145;0,3;0,57250529
SYN_60;Machinery;2023-08; 41 258,30 ;0,571529814;0,624666632;0,4145;0,3;0,47062806
SYN_60;Machinery;2023-10; 21 483,49 ;0,19173998;0,694278222;0,4145;0,3;0,42817427
SYN_60;Machinery;2023-11; 11 962,49 ;0,626735093;0,694278222;0,4145;0,3;0,53975639
SYN_60;Pharma;2023-02; 8 322,37 ;0,109408602;0,725748714;0,3618;0,3;0,35011977
SYN_60;Pharma;2023-10; 3 733,16 ;0,43785435;0,694278222;0,3618;0,3;0,42817427
SYN_60;Pharma;2023-12; 33 120,80 ;0,53902737;0,694278222;0,3618;0,3;0,51505165
SYN_60;Textiles;2023-02; 14 563,24 ;0,188653738;0,725748714;0,3882;0,2;0,35011977
SYN_60;Textiles;2023-05; 21 622,37 ;0,726918377;0,701494094;0,3882;0,2;0,60615315
SYN_61;Electronics;2023-05; 37 604,18 ;0,543646139;0,33770759;0,35;0;15,0878466
SYN_61;Electronics;2023-06; 28 749,96 ;0,154301075;0,33770759;0,35;0;15,8296113
SYN_61;Food;2023-02; 39 114,00 ;0,218768328;0,294093464;0,3676;0;3,06203568
SYN_61;Food;2023-08; 45 241,48 ;0,322622457;0,326217763;0,3676;0;23,2739316
SYN_61;Food;2023-09; 96 104,35 ;0,16365263;0,326217763;0,3676;0;22,0880164
SYN_61;Food;2023-11; 37 148,81 ;0,484042033;0,334831135;0,3676;0;23,8354481
SYN_61;Machinery;2023-06; 7 338,37 ;0,052761486;0,33770759;0,3983;0;15,8296113
SYN_61;Machinery;2023-12; 89 436,46 ;0,027419355;0,334831135;0,3983;0;21,4035561
SYN_61;Pharma;2023-02; 11 256,02 ;0,474535679;0,294093464;0,2974;0;3,06203568
SYN_61;Pharma;2023-03; 17 793,73 ;0,658602151;0,294093464;0,2974;0;7,09330345
SYN_61;Pharma;2023-05; 41 659,29 ;0,497385142;0,33770759;0,2974;0;15,0878466
SYN_61;Pharma;2023-08; 3 333,45 ;0,59127566;0,326217763;0,2974;0;23,2739316
SYN_61;Pharma;2023-12; 244 868,50 ;0,22269212;0,334831135;0,2974;0;21,4035561
SYN_61;Textiles;2023-02; 2 592,34 ;0,244477028;0,294093464;0,4135;0;3,06203568
SYN_61;Textiles;2023-06; 107 857,00 ;0,084799609;0,33770759;0,4135;0;15,8296113
SYN_61;Textiles;2023-07; 16 105,72 ;0,0676116;0,326217763;0,4135;0;20,331262
SYN_61;Textiles;2023-10; 71 731,60 ;0,20650782;0,334831135;0,4135;0;22,7623215
SYN_62;Electronics;2023-05; 36 368,53 ;0,141055718;0,40631252;0,288;0;0,49656506
SYN_62;Electronics;2023-08; 41 046,38 ;0,2214565;0,409901775;0,288;0;0,48615589
SYN_62;Electronics;2023-09; 77 159,57 ;0,371845064;0,409901775;0,288;0;0,50830088
SYN_62;Electronics;2023-10; 77 720,91 ;0,251410336;0,423373893;0,288;0;0,57175634
SYN_62;Electronics;2023-11; 55 145,74 ;0,361737537;0,423373893;0,288;0;0,59073233
SYN_62;Food;2023-02; 9 006,36 ;0,002443793;0,418540157;0,2754;0;0,22408182
SYN_62;Food;2023-05; 43 587,00 ;0,396893939;0,40631252;0,2754;0;0,49656506
SYN_62;Food;2023-10; 6 064,72 ;0,487170088;0,423373893;0,2754;0;0,57175634
SYN_62;Machinery;2023-03; 81 921,64 ;0,301338518;0,418540157;0,3103;0;0,31209306
SYN_62;Machinery;2023-08; 15 192,45 ;0,47416911;0,409901775;0,3103;0;0,48615589
SYN_62;Machinery;2023-09; 32 725,34 ;0,570674487;0,409901775;0,3103;0;0,50830088
SYN_62;Pharma;2023-03; 37 763,54 ;0,183284457;0,418540157;0,2532;0;0,31209306
SYN_62;Pharma;2023-04; 36 741,13 ;0,178347996;0,40631252;0,2532;0;0,45041658
SYN_62;Pharma;2023-06; 103 230,77 ;0,253286823;0,40631252;0,2532;0;0,31698709
SYN_62;Pharma;2023-11; 4 808,54 ;0,426251146;0,423373893;0,2532;0;0,59073233
SYN_62;Textiles;2023-03; 65 025,02 ;0,34063783;0,418540157;0,3321;0;0,31209306
SYN_62;Textiles;2023-06; 20 833,28 ;0,125562072;0,40631252;0,3321;0;0,31698709
SYN_62;Textiles;2023-10; 37 003,59 ;0,632626798;0,423373893;0,3321;0;0,57175634
SYN_62;Textiles;2023-11; 20 318,57 ;0,630351906;0,423373893;0,3321;0;0,59073233
SYN_63;Electronics;2023-01; 90 680,38 ;0,406717986;0,503398323;0,375;0,5;0,34574577
SYN_63;Electronics;2023-04; 90 690,21 ;0,198622687;0,505506609;0,375;0,5;0,56031868
SYN_63;Electronics;2023-06; 197 651,40 ;0,395511707;0,505506609;0,375;0,5;0,57250529
SYN_63;Electronics;2023-08; 2 395,58 ;0,260816227;0,5381762;0,375;0,5;0,47062806
SYN_63;Electronics;2023-09; 5 360,53 ;0,464345064;0,5381762;0,375;0,5;0,45950501
SYN_63;Food;2023-10; 299 688,29 ;0,225674998;0,481049642;0,4013;0,4;0,42817427
SYN_63;Food;2023-11; 3 148,30 ;0,524902248;0,481049642;0,4013;0,4;0,53975639
SYN_63;Machinery;2023-07; 24 367,41 ;0,475439883;0,5381762;0,4145;0,7;0,60629882
SYN_63;Machinery;2023-10; 20 983,31 ;0,362226121;0,481049642;0,4145;0,7;0,42817427
SYN_63;Machinery;2023-12; 10 219,30 ;0,296341642;0,481049642;0,4145;0,7;0,51505165
SYN_63;Pharma;2023-04; 30 123,82 ;0,392380254;0,505506609;0,3618;0,6;0,56031868
SYN_63;Pharma;2023-09; 39 713,22 ;0,82311828;0,5381762;0,3618;0,6;0,45950501
SYN_63;Pharma;2023-11; 69 118,21 ;0,6207087;0,481049642;0,3618;0,6;0,53975639
SYN_63;Textiles;2023-02; 75 658,28 ;0,095290811;0,503398323;0,3882;0,6;0,35011977
SYN_63;Textiles;2023-03; 1 113,79 ;0,096285435;0,503398323;0,3882;0,6;0,4592466
SYN_64;Electronics;2023-05; 7 961,93 ;0,181727761;0,427775282;0,2686;1;0,4550968
SYN_64;Electronics;2023-10; 95 635,29 ;0,084184562;0,400198409;0,2686;1;0,40597048
SYN_64;Electronics;2023-11; 73 015,10 ;0,225704549;0,400198409;0,2686;1;0,47747267
SYN_64;Food;2023-06; 6 944,28 ;0,369557674;0,427775282;0,2835;1;0,36560856
SYN_64;Food;2023-09; 26 711,90 ;0,239345064;0,39198456;0,2835;1;0,51013669
SYN_64;Food;2023-10; 31 138,36 ;0,377354083;0,400198409;0,2835;1;0,40597048
SYN_64;Food;2023-11; 12 354,08 ;0,47842131;0,400198409;0,2835;1;0,47747267
SYN_64;Machinery;2023-07; 5 542,26 ;0,120625611;0,39198456;0,2794;1;0,35450841
SYN_64;Machinery;2023-10; 46 943,39 ;0,183040078;0,400198409;0,2794;1;0,40597048
SYN_64;Machinery;2023-11; 31 178,23 ;0,196676442;0,400198409;0,2794;1;0,47747267
SYN_64;Pharma;2023-07; 79 107,18 ;0,177434018;0,39198456;0,2369;1;0,35450841
SYN_64;Pharma;2023-08; 31 542,61 ;0,37266129;0,39198456;0,2369;1;0,35387439
SYN_64;Pharma;2023-09; 32 159,09 ;0,114907136;0,39198456;0,2369;1;0,51013669
SYN_64;Pharma;2023-11; 1 179,10 ;0,186608016;0,400198409;0,2369;1;0,47747267
SYN_64;Textiles;2023-02; 32 364,71 ;0,18976784;0,426861859;0,3224;1;0,48219328
SYN_64;Textiles;2023-03; 66 840,46 ;0,375087977;0,426861859;0,3224;1;0,56877978
SYN_64;Textiles;2023-04; 2 089,39 ;0,195029326;0,427775282;0,3224;1;0,6236718
SYN_64;Textiles;2023-07; 28 785,82 ;0,372407136;0,39198456;0,3224;1;0,35450841
SYN_64;Textiles;2023-10; 37 009,83 ;0,449999792;0,400198409;0,3224;1;0,40597048
SYN_65;Electronics;2023-07; 8 376,34 ;0,19457478;0,428604369;0,2686;0;0,35450841
SYN_65;Electronics;2023-08; 76 564,38 ;0,344575149;0,428604369;0,2686;0;0,35387439
SYN_65;Electronics;2023-09; 91 854,79 ;0,397319159;0,428604369;0,2686;0;0,51013669
SYN_65;Electronics;2023-10; 12 828,10 ;0,070576735;0,438968966;0,2686;0;0,40597048
SYN_65;Electronics;2023-12; 72 252,21 ;0,177077224;0,438968966;0,2686;0;0,45762916
SYN_65;Food;2023-07; 6 824,65 ;0,728641251;0,428604369;0,2835;0;0,35450841
SYN_65;Food;2023-10; 62 453,24 ;0,547294721;0,438968966;0,2835;0;0,40597048
SYN_65;Food;2023-11; 30 136,71 ;0,560068426;0,438968966;0,2835;0;0,47747267
SYN_65;Machinery;2023-02; 35 759,74 ;0,458172043;0,474563627;0,2794;0;0,48219328
SYN_65;Machinery;2023-03; 132 683,34 ;0,192888511;0,474563627;0,2794;0;0,56877978
SYN_65;Machinery;2023-04; 48 011,02 ;0,032160313;0,45836035;0,2794;0;0,6236718
SYN_65;Machinery;2023-05; 11 150,44 ;0,609726295;0,45836035;0,2794;0;0,4550968
SYN_65;Machinery;2023-12; 78 487,71 ;0,313333333;0,438968966;0,2794;0;0,45762916
SYN_65;Pharma;2023-03; 21 992,13 ;0,124389052;0,474563627;0,2369;0;0,56877978
SYN_65;Pharma;2023-04; 25 399,02 ;0,031158358;0,45836035;0,2369;0;0,6236718
SYN_65;Pharma;2023-12; 17 830,16 ;0,054056696;0,438968966;0,2369;0;0,45762916
SYN_65;Textiles;2023-01; 22 377,66 ;0,110068426;0,474563627;0,3224;0;0,54072087
SYN_65;Textiles;2023-03; 39 510,25 ;0,109042033;0,474563627;0,3224;0;0,56877978
SYN_65;Textiles;2023-08; 201 260,55 ;0,276297529;0,428604369;0,3224;0;0,35387439
SYN_66;Electronics;2023-03; 59 006,70 ;0,16611274;0,398123662;0,2862;0,5;0,47604927
SYN_66;Electronics;2023-04; 27 882,33 ;0,202785924;0,39890177;0,2862;0,5;0,40007626
SYN_66;Electronics;2023-05; 786,88 ;0,696434506;0,39890177;0,2862;0,5;0,42262169
SYN_66;Electronics;2023-06; 67 683,61 ;0,074046921;0,39890177;0,2862;0,5;0,3516715
SYN_66;Electronics;2023-07; 57 687,72 ;0,486884164;0,356915702;0,2862;0,5;0,37775133
SYN_66;Electronics;2023-09; 7 845,60 ;0,191935484;0,356915702;0,2862;0,5;0,41456793
SYN_66;Electronics;2023-12; 40 359,43 ;0,171358749;0,414581516;0,2862;0,5;0,50061341
SYN_66;Food;2023-07; 11 637,75 ;0,464956012;0,356915702;0,2915;0,4;0,37775133
SYN_66;Food;2023-08; 39 909,97 ;0,154985337;0,356915702;0,2915;0,4;0,35693505
SYN_66;Food;2023-12; 8 740,04 ;0,158406647;0,414581516;0,2915;0,4;0,50061341
SYN_66;Machinery;2023-03; 16 448,40 ;0,166202346;0,398123662;0,2968;0,7;0,47604927
SYN_66;Machinery;2023-04; 12 702,39 ;0,053714565;0,39890177;0,2968;0,7;0,40007626
SYN_66;Machinery;2023-05; 178 454,64 ;0,292647146;0,39890177;0,2968;0,7;0,42262169
SYN_66;Machinery;2023-06; 9 653,81 ;0,058064516;0,39890177;0,2968;0,7;0,3516715
SYN_66;Pharma;2023-09; 66 460,53 ;0,107394917;0,356915702;0,2565;0,6;0,41456793
SYN_66;Pharma;2023-11; 38 150,18 ;0,203641251;0,414581516;0,2565;0,6;0,45256451
SYN_66;Textiles;2023-01; 14 486,56 ;0,326148583;0,398123662;0,3344;0,6;0,26917885
SYN_66;Textiles;2023-06; 24 648,35 ;0,156793744;0,39890177;0,3344;0,6;0,3516715
SYN_66;Textiles;2023-07; 34 215,93 ;0,658162268;0,356915702;0,3344;0,6;0,37775133
SYN_66;Textiles;2023-10; 12 641,27 ;0,599462366;0,414581516;0,3344;0,6;0,44253673
SYN_67;Electronics;2023-05; 2 492,52 ;0,502859238;0,558096866;0,6628;0,2;0,3890917
SYN_67;Electronics;2023-06; 205 164,35 ;0,280690795;0,558096866;0,6628;0,2;0,35446782
SYN_67;Electronics;2023-09; 8 253,67 ;0,244183773;0,497494298;0,6628;0,2;0,53566328
SYN_67;Electronics;2023-12; 26 657,32 ;0,133968719;0,464975945;0,6628;0,2;0,60394445
SYN_67;Food;2023-01; 141 186,72 ;0,671703909;0,470797188;0,6488;0,2;0,49695702
SYN_67;Food;2023-12; 8 403,74 ;0,159579668;0,464975945;0,6488;0,2;0,60394445
SYN_67;Machinery;2023-05; 70 402,41 ;0,16042522;0,558096866;0,743;0,3;0,3890917
SYN_67;Machinery;2023-07; 4 176,31 ;0,32137089;0,497494298;0,743;0,3;0,5627309
SYN_67;Machinery;2023-10; 19 389,84 ;0,127321603;0,464975945;0,743;0,3;0,67873961
SYN_67;Pharma;2023-09; 33 689,11 ;0,102981427;0,497494298;0,6013;0,3;0,53566328
SYN_67;Pharma;2023-11; 76 855,54 ;0,602321603;0,464975945;0,6013;0,3;0,54955598
SYN_67;Textiles;2023-01; 13,93 ;0,120772239;0,470797188;0,7113;0,2;0,49695702
SYN_67;Textiles;2023-03; 81 543,54 ;0,06886608;0,470797188;0,7113;0,2;0,48516614
SYN_67;Textiles;2023-04; 4 261,11 ;0,476588465;0,558096866;0,7113;0,2;0,36314411
SYN_67;Textiles;2023-06; 43 332,32 ;0,421380743;0,558096866;0,7113;0,2;0,35446782
SYN_67;Textiles;2023-07; 33 525,53 ;0,63042522;0,497494298;0,7113;0,2;0,5627309
SYN_67;Textiles;2023-08; 43 933,21 ;0,752331378;0,497494298;0,7113;0,2;0,64148829
SYN_67;Textiles;2023-09; 67 338,08 ;0,332297165;0,497494298;0,7113;0,2;0,53566328
SYN_68;Electronics;2023-02; 92 227,80 ;0,2760826;0,392298712;0,375;0,5;0,35011977
SYN_68;Electronics;2023-05; 122 405,84 ;0,457070498;0,359269559;0,375;0,5;0,60615315
SYN_68;Electronics;2023-07; 30 264,08 ;0,208162268;0,374255847;0,375;0,5;0,60629882
SYN_68;Electronics;2023-08; 4 021,68 ;0,171847507;0,374255847;0,375;0,5;0,47062806
SYN_68;Electronics;2023-10; 57 561,30 ;0,33292522;0,372783211;0,375;0,5;0,42817427
SYN_68;Food;2023-03; 78 184,49 ;0,390442326;0,392298712;0,4013;0,4;0,4592466
SYN_68;Food;2023-05; 33 812,45 ;0,295071826;0,359269559;0,4013;0,4;0,60615315
SYN_68;Machinery;2023-01; 70 878,29 ;0,751918377;0,392298712;0,4145;0,7;0,34574577
SYN_68;Machinery;2023-05; 40 558,95 ;0,231231672;0,359269559;0,4145;0,7;0,60615315
SYN_68;Machinery;2023-08; 12 734,82 ;0,767350929;0,374255847;0,4145;0,7;0,47062806
SYN_68;Pharma;2023-04; 90 382,62 ;0,012284132;0,359269559;0,3618;0,6;0,56031868
SYN_68;Pharma;2023-09; 46 336,98 ;0,446014174;0,374255847;0,3618;0,6;0,45950501
SYN_68;Textiles;2023-03; 47 550,51 ;0,025513196;0,392298712;0,3882;0,6;0,4592466
SYN_68;Textiles;2023-04; 24 751,84 ;0,345950635;0,359269559;0,3882;0,6;0,56031868
SYN_68;Textiles;2023-09; 145 778,54 ;0,256533214;0,374255847;0,3882;0,6;0,45950501
SYN_68;Textiles;2023-10; 82 447,64 ;0,09469697;0,372783211;0,3882;0,6;0,42817427
SYN_68;Textiles;2023-12; 31 243,42 ;0,160410557;0,372783211;0,3882;0,6;0,51505165
SYN_69;Electronics;2023-05; 111 657,27 ;0,303968172;0,419021859;0,5814;0,2;0,3208988
SYN_69;Electronics;2023-06; 48 936,06 ;0,143955686;0,419021859;0,5814;0,2;0,33780745
SYN_69;Electronics;2023-09; 153 004,01 ;0,131665986;0,375368186;0,5814;0,2;0,30870431
SYN_69;Electronics;2023-10; 92 081,23 ;0,434945248;0,403773718;0,5814;0,2;0,44467006
SYN_69;Electronics;2023-11; 57 820,42 ;0,366045943;0,403773718;0,5814;0,2;0,48214795
SYN_69;Food;2023-02; 8 464,69 ;0,4028348;0,369884955;0,5467;0,2;0,42104489
SYN_69;Food;2023-05; 45 606,86 ;0,531999022;0,419021859;0,5467;0,2;0,3208988
SYN_69;Machinery;2023-03; 51 042,47 ;0,453167155;0,369884955;0,6041;0,3;0,45920672
SYN_69;Machinery;2023-04; 86 740,71 ;0,377313301;0,419021859;0,6041;0,3;0,42727946
SYN_69;Machinery;2023-05; 41 475,90 ;0,098338221;0,419021859;0,6041;0,3;0,3208988
SYN_69;Machinery;2023-06; 65 085,31 ;0,48585044;0,419021859;0,6041;0,3;0,33780745
SYN_69;Machinery;2023-07; 40 230,42 ;0,219599218;0,375368186;0,6041;0,3;0,28417623
SYN_69;Machinery;2023-08; 16 360,28 ;0,423289345;0,375368186;0,6041;0,3;0,26980429
SYN_69;Machinery;2023-09; 31 607,36 ;0,598900293;0,375368186;0,6041;0,3;0,30870431
SYN_69;Pharma;2023-04; 35 587,28 ;0,553445748;0,419021859;0,5533;0,3;0,42727946
SYN_69;Pharma;2023-08; 38 660,00 ;0,486107038;0,375368186;0,5533;0,3;0,26980429
SYN_69;Pharma;2023-12; 1 458,50 ;0,145307918;0,403773718;0,5533;0,3;0,44093036
SYN_69;Textiles;2023-03; 31 285,08 ;0,011827957;0,369884955;0,6076;0,2;0,45920672
SYN_69;Textiles;2023-10; 11 554,38 ;0,550635386;0,403773718;0,6076;0,2;0,44467006
SYN_7;Electronics;2023-06; 93 392,39 ;0,283455471;0,289161807;0,375;0,5;0,57250529
SYN_7;Electronics;2023-09; 44 256,91 ;0,509115347;0,264132572;0,375;0,5;0,45950501
SYN_7;Food;2023-03; 2 113,49 ;0,029912023;0,250707539;0,4013;0,4;0,4592466
SYN_7;Food;2023-10; 90 473,31 ;0,442089443;0,287632638;0,4013;0,4;0,42817427
SYN_7;Machinery;2023-01; 126 874,62 ;0,411801509;0,250707539;0,4145;0,7;0,34574577
SYN_7;Machinery;2023-05; 21 241,54 ;0,191495601;0,289161807;0,4145;0,7;0,60615315
SYN_7;Machinery;2023-06; 84 531,76 ;0,155701369;0,289161807;0,4145;0,7;0,57250529
SYN_7;Machinery;2023-07; 75 806,93 ;0,216520039;0,264132572;0,4145;0,7;0,60629882
SYN_7;Machinery;2023-09; 33 223,37 ;0,08572825;0,264132572;0,4145;0,7;0,45950501
SYN_7;Machinery;2023-10; 3,18 ;0,019843597;0,287632638;0,4145;0,7;0,42817427
SYN_7;Pharma;2023-03; 35 612,51 ;0,002541544;0,250707539;0,3618;0,6;0,4592466
SYN_7;Pharma;2023-11; 32 388,00 ;0,601197458;0,287632638;0,3618;0,6;0,53975639
SYN_7;Textiles;2023-01; 184 301,18 ;0,14947217;0,250707539;0,3882;0,6;0,34574577
SYN_7;Textiles;2023-02; 21 796,23 ;0,506085044;0,250707539;0,3882;0,6;0,35011977
SYN_7;Textiles;2023-04; 60 107,64 ;0,154252199;0,289161807;0,3882;0,6;0,56031868
SYN_7;Textiles;2023-05; 72 649,21 ;0,55523216;0,289161807;0,3882;0,6;0,60615315
SYN_7;Textiles;2023-08; 10 343,98 ;0,228428641;0,264132572;0,3882;0,6;0,47062806
SYN_7;Textiles;2023-12; 43 962,61 ;0,481085044;0,287632638;0,3882;0,6;0,51505165
SYN_70;Electronics;2023-03; 15 384,78 ;0,338406647;0,435248228;0,375;0;0,4592466
SYN_70;Food;2023-04; 47 563,34 ;0,515714303;0,450107021;0,4013;0;0,56031868
SYN_70;Food;2023-07; 38 211,89 ;0,085581623;0,518006381;0,4013;0;0,60629882
SYN_70;Food;2023-08; 11 538,26 ;0,537211534;0,518006381;0,4013;0;0,47062806
SYN_70;Food;2023-09; 28 049,54 ;0,03773216;0,518006381;0,4013;0;0,45950501
SYN_70;Food;2023-12; 67 531,58 ;0,083675464;0,464129457;0,4013;0;0,51505165
SYN_70;Machinery;2023-10; 61 168,72 ;0,078453842;0,464129457;0,4145;0;0,42817427
SYN_70;Machinery;2023-11; 80 846,33 ;0,477062561;0,464129457;0,4145;0;0,53975639
SYN_70;Machinery;2023-12; 64 616,92 ;0,165640274;0,464129457;0,4145;0;0,51505165
SYN_70;Pharma;2023-04; 76 527,72 ;0,565554296;0,450107021;0,3618;0;0,56031868
SYN_70;Pharma;2023-05; 35 362,41 ;0,539516129;0,450107021;0,3618;0;0,60615315
SYN_70;Pharma;2023-06; 39 242,16 ;0,471089932;0,450107021;0,3618;0;0,57250529
SYN_70;Pharma;2023-08; 46 454,68 ;0,176588465;0,518006381;0,3618;0;0,47062806
SYN_70;Textiles;2023-02; 35 155,37 ;0,287806556;0,435248228;0,3882;0;0,35011977
SYN_70;Textiles;2023-03; 30 675,56 ;0,22888563;0,435248228;0,3882;0;0,4592466
SYN_70;Textiles;2023-09; 107 645,24 ;0,162213395;0,518006381;0,3882;0;0,45950501
SYN_71;Electronics;2023-01; 108 127,76 ;0,127122001;0,492409627;0,5814;1;0,62890166
SYN_71;Electronics;2023-03; 45 549,75 ;0,254472141;0,492409627;0,5814;1;0,45920672
SYN_71;Electronics;2023-06; 64 351,23 ;0,47538765;0,441965196;0,5814;1;0,33780745
SYN_71;Electronics;2023-08; 75 239,32 ;0,433096285;0,468940851;0,5814;1;0,26980429
SYN_71;Electronics;2023-10; 66 379,72 ;0,320794233;0,514691304;0,5814;1;0,44467006
SYN_71;Food;2023-01; 14 668,79 ;0,635410557;0,492409627;0,5467;1;0,62890166
SYN_71;Food;2023-02; 3 157,05 ;0,069648094;0,492409627;0,5467;1;0,42104489
SYN_71;Food;2023-03; 43 485,17 ;0,497678397;0,492409627;0,5467;1;0,45920672
SYN_71;Food;2023-05; 8 427,44 ;0,438438416;0,441965196;0,5467;1;0,3208988
SYN_71;Machinery;2023-03; 40 160,22 ;0,049560117;0,492409627;0,6041;1;0,45920672
SYN_71;Pharma;2023-03; 27 596,94 ;0,551221896;0,492409627;0,5533;1;0,45920672
SYN_71;Pharma;2023-04; 40 716,03 ;0,28304741;0,441965196;0,5533;1;0,42727946
SYN_71;Pharma;2023-07; 23 689,42 ;0,400862485;0,468940851;0,5533;1;0,28417623
SYN_71;Pharma;2023-10; 54 155,14 ;0,194613881;0,514691304;0,5533;1;0,44467006
SYN_71;Pharma;2023-11; 10 004,65 ;0,046334311;0,514691304;0,5533;1;0,48214795
SYN_71;Textiles;2023-01; 44 396,64 ;0,267517895;0,492409627;0,6076;1;0,62890166
SYN_71;Textiles;2023-03; 64 653,30 ;0,084667644;0,492409627;0,6076;1;0,45920672
SYN_71;Textiles;2023-06; 87 689,78 ;0,566705767;0,441965196;0,6076;1;0,33780745
SYN_72;Electronics;2023-02; 32 377,74 ;0,103225806;0,611019867;0,375;0,2;0,35011977
SYN_72;Electronics;2023-03; 17 998,49 ;0,133284457;0,611019867;0,375;0,2;0,4592466
SYN_72;Electronics;2023-05; 26 941,43 ;0,104056696;0,542951582;0,375;0,2;0,60615315
SYN_72;Electronics;2023-06; 28 355,23 ;0,010948192;0,542951582;0,375;0,2;0,57250529
SYN_72;Electronics;2023-07; 22 045,40 ;0,475488759;0,591715906;0,375;0,2;0,60629882
SYN_72;Electronics;2023-12; 38 847,03 ;0,139442815;0,544114451;0,375;0,2;0,51505165
SYN_72;Food;2023-03; 39 629,91 ;0,097629521;0,611019867;0,4013;0,2;0,4592466
SYN_72;Food;2023-04; 31 700,78 ;0,675119746;0,542951582;0,4013;0,2;0,56031868
SYN_72;Food;2023-05; 20 394,79 ;0,093890518;0,542951582;0,4013;0,2;0,60615315
SYN_72;Food;2023-09; 24 854,50 ;0,176686217;0,591715906;0,4013;0,2;0,45950501
SYN_72;Food;2023-10; 19 768,95 ;0,109921799;0,544114451;0,4013;0,2;0,42817427
SYN_72;Food;2023-11; 70 449,47 ;0,443553275;0,544114451;0,4013;0,2;0,53975639
SYN_72;Food;2023-12; 30 532,30 ;0,645503421;0,544114451;0,4013;0,2;0,51505165
SYN_72;Machinery;2023-02; 17 099,12 ;0,579521017;0,611019867;0,4145;0,3;0,35011977
SYN_72;Machinery;2023-03; 144 173,10 ;0,41689465;0,611019867;0,4145;0,3;0,4592466
SYN_72;Machinery;2023-04; 54 019,47 ;0,530303348;0,542951582;0,4145;0,3;0,56031868
SYN_72;Machinery;2023-08; 26 239,49 ;0,386256109;0,591715906;0,4145;0,3;0,47062806
SYN_72;Machinery;2023-11; 28 269,93 ;0,689393939;0,544114451;0,4145;0,3;0,53975639
SYN_72;Pharma;2023-01; 31 408,19 ;0,140518084;0,611019867;0,3618;0,3;0,34574577
SYN_72;Pharma;2023-05; 66 824,74 ;0,497294721;0,542951582;0,3618;0,3;0,60615315
SYN_72;Textiles;2023-02; 12 586,73 ;0,651735093;0,611019867;0,3882;0,2;0,35011977
SYN_72;Textiles;2023-05; 18 219,08 ;0,199804497;0,542951582;0,3882;0,2;0,60615315
SYN_72;Textiles;2023-08; 45 483,92 ;0,089393939;0,591715906;0,3882;0,2;0,47062806
SYN_72;Textiles;2023-12; 19 942,73 ;0,505083089;0,544114451;0,3882;0,2;0,51505165
SYN_73;Electronics;2023-05; 34 067,90 ;0,210899316;0,344610077;0,2907;0,2;0,30178102
SYN_73;Electronics;2023-10; 22 823,95 ;0,480571848;0,407780186;0,2907;0,2;0,54919923
SYN_73;Electronics;2023-12; 6 483,19 ;0,163049853;0,407780186;0,2907;0,2;0,52459195
SYN_73;Food;2023-01; 84 715,07 ;0,089247312;0,34448545;0,3059;0,2;0,21163815
SYN_73;Food;2023-03; 48 264,49 ;0,525904203;0,34448545;0,3059;0,2;0,36814859
SYN_73;Food;2023-10; 28 837,11 ;0,29117305;0,407780186;0,3059;0,2;0,54919923
SYN_73;Food;2023-11; 36 634,33 ;0,287503084;0,407780186;0,3059;0,2;0,48557661
SYN_73;Food;2023-12; 30 234,94 ;0,131622678;0,407780186;0,3059;0,2;0,52459195
SYN_73;Machinery;2023-01; 30 533,81 ;0,403506843;0,34448545;0,3137;0,3;0,21163815
SYN_73;Machinery;2023-03; 23 666,47 ;0,387690616;0,34448545;0,3137;0,3;0,36814859
SYN_73;Machinery;2023-04; 11 207,17 ;0,503201369;0,344610077;0,3137;0,3;0,28337446
SYN_73;Machinery;2023-05; 25 134,37 ;0,537170088;0,344610077;0,3137;0,3;0,30178102
SYN_73;Machinery;2023-08; 115 890,03 ;0,269107007;0,402990411;0,3137;0,3;0,52340736
SYN_73;Pharma;2023-01; 48 787,83 ;0,276199777;0,34448545;0,2519;0,3;0,21163815
SYN_73;Pharma;2023-12; 56 366,65 ;0,317991202;0,407780186;0,2519;0,3;0,52459195
SYN_73;Textiles;2023-08; 10 426,99 ;0,094965787;0,402990411;0,348;0,2;0,52340736
SYN_73;Textiles;2023-09; 9 158,50 ;0,513098729;0,402990411;0,348;0,2;0,5967078
SYN_73;Textiles;2023-11; 29 568,88 ;0,166764418;0,407780186;0,348;0,2;0,48557661
SYN_74;Electronics;2023-01; 45 387,94 ;0,149853372;0,273680047;0,288;1;0,17915831
SYN_74;Electronics;2023-04; 33 647,11 ;0,070234604;0,250874704;0,288;1;0,45041658
SYN_74;Electronics;2023-06; 313 152,21 ;0,195492723;0,250874704;0,288;1;0,31698709
SYN_74;Electronics;2023-08; 338,36 ;0,204056696;0,267370546;0,288;1;0,48615589
SYN_74;Electronics;2023-09; 12 227,88 ;0,091495601;0,267370546;0,288;1;0,50830088
SYN_74;Electronics;2023-10; 78 909,22 ;0,501339198;0,25267913;0,288;1;0,57175634
SYN_74;Food;2023-01; 40 378,07 ;0,247254754;0,273680047;0,2754;1;0,17915831
SYN_74;Food;2023-02; 53 151,74 ;0,126148583;0,273680047;0,2754;1;0,22408182
SYN_74;Food;2023-10; 48 062,59 ;0,114760508;0,25267913;0,2754;1;0,57175634
SYN_74;Food;2023-11; 1 857,96 ;0,147849462;0,25267913;0,2754;1;0,59073233
SYN_74;Machinery;2023-07; 50 486,51 ;0,358868524;0,267370546;0,3103;1;0,40293321
SYN_74;Pharma;2023-04; 50 871,71 ;0,151437739;0,250874704;0,2532;1;0,45041658
SYN_74;Pharma;2023-09; 41 078,62 ;0,6242913;0,267370546;0,2532;1;0,50830088
SYN_74;Textiles;2023-02; 152 291,24 ;0,311162565;0,273680047;0,3321;1;0,22408182
SYN_74;Textiles;2023-03; 275,03 ;0,493939394;0,273680047;0,3321;1;0,31209306
SYN_74;Textiles;2023-09; 82 007,43 ;0,577746823;0,267370546;0,3321;1;0,50830088
SYN_75;Electronics;2023-04; 69 701,88 ;0,330569404;0,412222949;0,375;0,5;0,56031868
SYN_75;Electronics;2023-06; 201 155,64 ;0,329330188;0,412222949;0,375;0,5;0,57250529
SYN_75;Electronics;2023-09; 19 547,33 ;0,108132262;0,407377759;0,375;0,5;0,45950501
SYN_75;Electronics;2023-10; 78 795,76 ;0,590752688;0,389498663;0,375;0,5;0,42817427
SYN_75;Food;2023-01; 34 780,64 ;0,373358404;0,375915007;0,4013;0,4;0,34574577
SYN_75;Food;2023-02; 18 608,76 ;0,501344086;0,375915007;0,4013;0,4;0,35011977
SYN_75;Food;2023-10; 49 945,74 ;0,469257087;0,389498663;0,4013;0,4;0,42817427
SYN_75;Food;2023-11; 6 925,35 ;0,306622626;0,389498663;0,4013;0,4;0,53975639
SYN_75;Machinery;2023-07; 26 128,12 ;0,153274682;0,407377759;0,4145;0,7;0,60629882
SYN_75;Machinery;2023-10; 13 665,52 ;0,572825024;0,389498663;0,4145;0,7;0,42817427
SYN_75;Pharma;2023-04; 42 044,03 ;0,260878873;0,412222949;0,3618;0,6;0,56031868
SYN_75;Pharma;2023-09; 40 976,60 ;0,648313783;0,407377759;0,3618;0,6;0,45950501
SYN_75;Pharma;2023-11; 69 821,78 ;0,200171065;0,389498663;0,3618;0,6;0,53975639
SYN_75;Textiles;2023-02; 74 912,51 ;0,068621701;0,375915007;0,3882;0,6;0,35011977
SYN_75;Textiles;2023-03; 278,22 ;0,521285435;0,375915007;0,3882;0,6;0,4592466
SYN_75;Textiles;2023-09; 69 620,88 ;0,149437928;0,407377759;0,3882;0,6;0,45950501
SYN_76;Electronics;2023-01; 103 868,52 ;0,469874204;0,523029945;0,375;0,3;0,34574577
SYN_76;Electronics;2023-03; 125 782,95 ;0,383957239;0,523029945;0,375;0,3;0,4592466
SYN_76;Food;2023-02; 47 589,72 ;0,07487781;0,523029945;0,4013;0,2;0,35011977
SYN_76;Food;2023-03; 3 959,74 ;0,23773216;0,523029945;0,4013;0,2;0,4592466
SYN_76;Food;2023-08; 36 682,12 ;0,512390029;0,545108378;0,4013;0,2;0,47062806
SYN_76;Food;2023-10; 16 741,04 ;0,143646139;0,538493889;0,4013;0,2;0,42817427
SYN_76;Machinery;2023-04; 32 128,76 ;0,659042033;0,464681877;0,4145;0,4;0,56031868
SYN_76;Machinery;2023-05; 13 953,67 ;0,558064516;0,464681877;0,4145;0,4;0,60615315
SYN_76;Machinery;2023-08; 46 918,79 ;0,586869501;0,545108378;0,4145;0,4;0,47062806
SYN_76;Machinery;2023-09; 17 823,72 ;0,621554252;0,545108378;0,4145;0,4;0,45950501
SYN_76;Machinery;2023-11; 143 232,52 ;0,444581746;0,538493889;0,4145;0,4;0,53975639
SYN_76;Pharma;2023-03; 13 708,49 ;0,063929619;0,523029945;0,3618;0,3;0,4592466
SYN_76;Pharma;2023-04; 25 718,49 ;0,164125122;0,464681877;0,3618;0,3;0,56031868
SYN_76;Pharma;2023-05; 3 980,73 ;0,175415445;0,464681877;0,3618;0,3;0,60615315
SYN_76;Pharma;2023-06; 34 801,51 ;0,5471652;0,464681877;0,3618;0,3;0,57250529
SYN_76;Textiles;2023-02; 44 271,03 ;0,299738514;0,523029945;0,3882;0,4;0,35011977
SYN_76;Textiles;2023-05; 1 093,69 ;0,090957967;0,464681877;0,3882;0,4;0,60615315
SYN_76;Textiles;2023-06; 58 689,39 ;0,361689423;0,464681877;0,3882;0,4;0,57250529
SYN_76;Textiles;2023-08; 60 188,30 ;0,409758348;0,545108378;0,3882;0,4;0,47062806
SYN_76;Textiles;2023-11; 29 234,93 ;0,1742913;0,538493889;0,3882;0,4;0,53975639
SYN_77;Electronics;2023-01; 122 953,23 ;0,379464278;0,395475052;0,375;0;0,34574577
SYN_77;Food;2023-01; 9 740,76 ;0,162072336;0,395475052;0,4013;0;0,34574577
SYN_77;Food;2023-04; 49 835,20 ;0,440542522;0,407709722;0,4013;0;0,56031868
SYN_77;Food;2023-05; 52 295,13 ;0,544670555;0,407709722;0,4013;0;0,60615315
SYN_77;Food;2023-09; 32 862,28 ;0,391035328;0,461057019;0,4013;0;0,45950501
SYN_77;Food;2023-12; 24 524,50 ;0,070527859;0,393406542;0,4013;0;0,51505165
SYN_77;Machinery;2023-05; 47 563,87 ;0,307965525;0,407709722;0,4145;0;0,60615315
SYN_77;Machinery;2023-07; 25 524,35 ;0,101661779;0,461057019;0,4145;0;0,60629882
SYN_77;Machinery;2023-08; 46 284,29 ;0,123220078;0,461057019;0,4145;0;0,47062806
SYN_77;Machinery;2023-10; 30 799,54 ;0,221163245;0,393406542;0,4145;0;0,42817427
SYN_77;Machinery;2023-12; 50 735,65 ;0,491644673;0,393406542;0,4145;0;0,51505165
SYN_77;Pharma;2023-05; 35 044,22 ;0,149364614;0,407709722;0,3618;0;0,60615315
SYN_77;Pharma;2023-07; 39 790,76 ;0,277336266;0,461057019;0,3618;0;0,60629882
SYN_77;Pharma;2023-08; 34 917,78 ;0,076539589;0,461057019;0,3618;0;0,47062806
SYN_77;Pharma;2023-09; 143 792,79 ;0,196867459;0,461057019;0,3618;0;0,45950501
SYN_77;Pharma;2023-11; 32 436,41 ;0,24657869;0,393406542;0,3618;0;0,53975639
SYN_78;Electronics;2023-05; 153 892,14 ;0,390819059;0,535025173;0,3459;0,5;0,45600805
SYN_78;Electronics;2023-07; 21 413,06 ;0,501441838;0,465174798;0,3459;0,5;0,52884454
SYN_78;Electronics;2023-09; 46 015,78 ;0,178836755;0,465174798;0,3459;0,5;0,50102256
SYN_78;Electronics;2023-11; 24 312,46 ;0,487609971;0,473400855;0,3459;0,5;0,55659583
SYN_78;Electronics;2023-12; 98 052,19 ;0,340816227;0,473400855;0,3459;0,5;0,47988117
SYN_78;Food;2023-01; 93 453,04 ;0,351292766;0,519615931;0,3553;0,4;0,15566105
SYN_78;Food;2023-04; 33 686,18 ;0,671065494;0,535025173;0,3553;0,4;0,52782476
SYN_78;Food;2023-05; 13 318,73 ;0,158895406;0,535025173;0,3553;0,4;0,45600805
SYN_78;Food;2023-09; 87 100,78 ;0,515896872;0,465174798;0,3553;0,4;0,50102256
SYN_78;Food;2023-12; 44 658,00 ;0,636217009;0,473400855;0,3553;0,4;0,47988117
SYN_78;Machinery;2023-03; 45 710,96 ;0,433333333;0,519615931;0,3827;0,7;0,43545876
SYN_78;Machinery;2023-04; 34 406,85 ;0,194833822;0,535025173;0,3827;0,7;0,52782476
SYN_78;Machinery;2023-06; 20 758,23 ;0,625439883;0,535025173;0,3827;0,7;0,3819541
SYN_78;Machinery;2023-10; 10 782,80 ;0,566055718;0,473400855;0,3827;0,7;0,56319988
SYN_78;Machinery;2023-11; 23 646,43 ;0,60184262;0,473400855;0,3827;0,7;0,55659583
SYN_78;Pharma;2023-02; 8 248,01 ;0,107649071;0,519615931;0,3041;0,6;0,35507206
SYN_78;Pharma;2023-10; 4 396,36 ;0,064907136;0,473400855;0,3041;0,6;0,56319988
SYN_78;Pharma;2023-11; 18 682,72 ;0,484848485;0,473400855;0,3041;0,6;0,55659583
SYN_78;Textiles;2023-01; 37 231,63 ;0,103812317;0,519615931;0,404;0,6;0,15566105
SYN_78;Textiles;2023-02; 4 113,19 ;0,145503421;0,519615931;0,404;0,6;0,35507206
SYN_78;Textiles;2023-03; 140 258,58 ;0,418552434;0,519615931;0,404;0,6;0,43545876
SYN_78;Textiles;2023-05; 87 339,73 ;0,10333985;0,535025173;0,404;0,6;0,45600805
SYN_79;Electronics;2023-05; 35 430,13 ;0,518059629;0,310810098;0,375;1;0,60615315
SYN_79;Electronics;2023-09; 39 751,30 ;0,265591398;0,372880131;0,375;1;0,45950501
SYN_79;Electronics;2023-11; 22 604,09 ;0,229667644;0,358839542;0,375;1;0,53975639
SYN_79;Food;2023-02; 24 120,60 ;0,563611926;0,335784961;0,4013;1;0,35011977
SYN_79;Food;2023-03; 46 830,03 ;0,124389052;0,335784961;0,4013;1;0,4592466
SYN_79;Food;2023-08; 47 566,91 ;0,439621818;0,372880131;0,4013;1;0,47062806
SYN_79;Machinery;2023-01; 40 140,24 ;0,222947214;0,335784961;0,4145;1;0,34574577
SYN_79;Machinery;2023-02; 25 070,40 ;0,203861193;0,335784961;0,4145;1;0,35011977
SYN_79;Machinery;2023-08; 61 653,32 ;0,10826002;0,372880131;0,4145;1;0,47062806
SYN_79;Machinery;2023-12; 87 957,61 ;0,286972141;0,358839542;0,4145;1;0,51505165
SYN_79;Pharma;2023-03; 17 017,42 ;0,532917889;0,335784961;0,3618;1;0,4592466
SYN_79;Pharma;2023-08; 12 072,22 ;0,256361019;0,372880131;0,3618;1;0,47062806
SYN_79;Pharma;2023-12; 44 859,90 ;0,213636364;0,358839542;0,3618;1;0,51505165
SYN_79;Textiles;2023-02; 24 449,69 ;0,236258821;0,335784961;0,3882;1;0,35011977
SYN_79;Textiles;2023-04; 41 412,13 ;0,193470974;0,310810098;0,3882;1;0,56031868
SYN_79;Textiles;2023-07; 21 413,00 ;0,079257087;0,372880131;0,3882;1;0,60629882
SYN_79;Textiles;2023-08; 29 221,57 ;0,207575758;0,372880131;0,3882;1;0,47062806
SYN_79;Textiles;2023-10; 169 143,23 ;0,416851059;0,358839542;0,3882;1;0,42817427
SYN_8;Electronics;2023-01; 46 260,20 ;0,737218964;0,499403548;0,375;0,5;0,34574577
SYN_8;Electronics;2023-03; 11 196,68 ;0,261779081;0,499403548;0,375;0,5;0,4592466
SYN_8;Electronics;2023-06; 49 447,68 ;0,286608016;0,488172931;0,375;0,5;0,57250529
SYN_8;Electronics;2023-09; 15 382,08 ;0,200733138;0,458562517;0,375;0,5;0,45950501
SYN_8;Food;2023-01; 146 032,15 ;0,415811339;0,499403548;0,4013;0,4;0,34574577
SYN_8;Food;2023-04; 7 713,96 ;0,08054741;0,488172931;0,4013;0,4;0,56031868
SYN_8;Food;2023-07; 43 594,15 ;0,24987781;0,458562517;0,4013;0,4;0,60629882
SYN_8;Food;2023-09; 99 364,90 ;0,013049853;0,458562517;0,4013;0,4;0,45950501
SYN_8;Food;2023-12; 43 251,58 ;0,442952102;0,479498664;0,4013;0,4;0,51505165
SYN_8;Machinery;2023-01; 107 766,43 ;0,366183221;0,499403548;0,4145;0,7;0,34574577
SYN_8;Machinery;2023-05; 23 467,86 ;0,394125925;0,488172931;0,4145;0,7;0,60615315
SYN_8;Machinery;2023-06; 39 505,60 ;0,288927175;0,488172931;0,4145;0,7;0,57250529
SYN_8;Machinery;2023-11; 52 439,43 ;0,268829345;0,479498664;0,4145;0,7;0,53975639
SYN_8;Machinery;2023-12; 71 799,66 ;0,535180841;0,479498664;0,4145;0,7;0,51505165
SYN_8;Textiles;2023-04; 4 141,26 ;0,112072336;0,488172931;0,3882;0,6;0,56031868
SYN_8;Textiles;2023-05; 4 339,86 ;0,557600196;0,488172931;0,3882;0,6;0,60615315
SYN_8;Textiles;2023-06; 11 207,82 ;0,247434018;0,488172931;0,3882;0,6;0,57250529
SYN_8;Textiles;2023-07; 48 751,46 ;0,062658847;0,458562517;0,3882;0,6;0,60629882
SYN_8;Textiles;2023-09; 47 238,67 ;0,376480938;0,458562517;0,3882;0,6;0,45950501
SYN_8;Textiles;2023-12; 2 432,50 ;0,086681329;0,479498664;0,3882;0,6;0,51505165
SYN_80;Electronics;2023-02; 92 425,00 ;0,27715162;0,521707312;0,6628;1;0,43219389
SYN_80;Electronics;2023-08; 15 031,19 ;0,672375367;0,53528834;0,6628;1;0,64148829
SYN_80;Electronics;2023-11; 30 644,15 ;0,611925709;0,578363816;0,6628;1;0,54955598
SYN_80;Food;2023-08; 30 055,46 ;0,574804497;0,53528834;0,6488;1;0,64148829
SYN_80;Food;2023-10; 36 294,21 ;0,101906158;0,578363816;0,6488;1;0,67873961
SYN_80;Food;2023-11; 25 439,19 ;0,595943304;0,578363816;0,6488;1;0,54955598
SYN_80;Food;2023-12; 14 436,15 ;0,227720343;0,578363816;0,6488;1;0,60394445
SYN_80;Machinery;2023-03; 35 012,95 ;0,190224829;0,521707312;0,743;1;0,48516614
SYN_80;Machinery;2023-04; 3 736,34 ;0,158699902;0,537944438;0,743;1;0,36314411
SYN_80;Machinery;2023-09; 64 941,92 ;0,583323558;0,53528834;0,743;1;0,53566328
SYN_80;Machinery;2023-10; 141 856,51 ;0,431513077;0,578363816;0,743;1;0,67873961
SYN_80;Machinery;2023-12; 12 534,26 ;0,470706256;0,578363816;0,743;1;0,60394445
SYN_80;Pharma;2023-01; 28 764,32 ;0,305727703;0,521707312;0,6013;1;0,49695702
SYN_80;Pharma;2023-03; 40 840,45 ;0,053763441;0,521707312;0,6013;1;0,48516614
SYN_80;Pharma;2023-08; 6 288,83 ;0,324762952;0,53528834;0,6013;1;0,64148829
SYN_80;Pharma;2023-09; 28 035,14 ;0,188465298;0,53528834;0,6013;1;0,53566328
SYN_80;Pharma;2023-12; 762,23 ;0,58526393;0,578363816;0,6013;1;0,60394445
SYN_80;Textiles;2023-03; 37 940,88 ;0,060361681;0,521707312;0,7113;1;0,48516614
SYN_81;Electronics;2023-03; 14 567,16 ;0,614586999;0,338599078;0,375;0,2;0,4592466
SYN_81;Electronics;2023-12; 194 134,84 ;0,182135875;0,363280738;0,375;0,2;0,51505165
SYN_81;Food;2023-03; 128 536,31 ;0,236217009;0,338599078;0,4013;0,2;0,4592466
SYN_81;Food;2023-04; 11 664,21 ;0,102174976;0,32300866;0,4013;0,2;0,56031868
SYN_81;Food;2023-05; 12 783,89 ;0,216642229;0,32300866;0,4013;0,2;0,60615315
SYN_81;Food;2023-07; 39 945,67 ;0,086656891;0,346857216;0,4013;0,2;0,60629882
SYN_81;Food;2023-11; 1 779,62 ;0,120478983;0,363280738;0,4013;0,2;0,53975639
SYN_81;Machinery;2023-09; 41 833,13 ;0,11427175;0,346857216;0,4145;0,3;0,45950501
SYN_81;Machinery;2023-10; 15 189,38 ;0,015738025;0,363280738;0,4145;0,3;0,42817427
SYN_81;Machinery;2023-11; 40 263,33 ;0,508431085;0,363280738;0,4145;0,3;0,53975639
SYN_81;Pharma;2023-04; 96 458,42 ;0,269435885;0,32300866;0,3618;0,3;0,56031868
SYN_81;Pharma;2023-06; 39 483,15 ;0,094916911;0,32300866;0,3618;0,3;0,57250529
SYN_81;Pharma;2023-08; 15 006,10 ;0,537390029;0,346857216;0,3618;0,3;0,47062806
SYN_81;Pharma;2023-11; 14 863,23 ;0,162707722;0,363280738;0,3618;0,3;0,53975639
SYN_81;Pharma;2023-12; 28 685,00 ;0,400386489;0,363280738;0,3618;0,3;0,51505165
SYN_81;Textiles;2023-03; 31 973,28 ;0,680742913;0,338599078;0,3882;0,2;0,4592466
SYN_81;Textiles;2023-05; 51 877,72 ;0,343365103;0,32300866;0,3882;0,2;0,60615315
SYN_81;Textiles;2023-12; 90 167,61 ;0,126914304;0,363280738;0,3882;0,2;0,51505165
SYN_82;Electronics;2023-03; 20 053,63 ;0,192839687;0,407087488;0,6628;0,2;0,48516614
SYN_82;Electronics;2023-06; 113 880,65 ;0,346195971;0,458553987;0,6628;0,2;0,35446782
SYN_82;Electronics;2023-07; 28 610,59 ;0,084042033;0,483551641;0,6628;0,2;0,5627309
SYN_82;Electronics;2023-12; 21 536,50 ;0,170234604;0,444964085;0,6628;0,2;0,60394445
SYN_82;Food;2023-01; 98 843,91 ;0,247262952;0,407087488;0,6488;0,2;0,49695702
SYN_82;Food;2023-06; 76 540,16 ;0,567174976;0,458553987;0,6488;0,2;0,35446782
SYN_82;Food;2023-12; 9 454,00 ;0,606744868;0,444964085;0,6488;0,2;0,60394445
SYN_82;Machinery;2023-03; 16 921,00 ;0,666104594;0,407087488;0,743;0,3;0,48516614
SYN_82;Machinery;2023-04; 36 425,37 ;0,082661264;0,458553987;0,743;0,3;0,36314411
SYN_82;Machinery;2023-05; 30 479,54 ;0,030596285;0,458553987;0,743;0,3;0,3890917
SYN_82;Machinery;2023-06; 8 913,10 ;0,532184751;0,458553987;0,743;0,3;0,35446782
SYN_82;Machinery;2023-07; 2 996,86 ;0,401830401;0,483551641;0,743;0,3;0,5627309
SYN_82;Machinery;2023-10; 19 638,11 ;0,605156403;0,444964085;0,743;0,3;0,67873961
SYN_82;Pharma;2023-09; 34 419,67 ;0,450244379;0,483551641;0,6013;0,3;0,53566328
SYN_82;Pharma;2023-11; 39 761,68 ;0,603641251;0,444964085;0,6013;0,3;0,54955598
SYN_82;Pharma;2023-12; 27 874,72 ;0,198467742;0,444964085;0,6013;0,3;0,60394445
SYN_82;Textiles;2023-01; 46 135,70 ;0,106239818;0,407087488;0,7113;0,2;0,49695702
SYN_82;Textiles;2023-05; 19 026,49 ;0,150439883;0,458553987;0,7113;0,2;0,3890917
SYN_82;Textiles;2023-06; 22 922,00 ;0,581695992;0,458553987;0,7113;0,2;0,35446782
SYN_82;Textiles;2023-07; 32 253,63 ;0,209824047;0,483551641;0,7113;0,2;0,5627309
SYN_82;Textiles;2023-08; 43 594,13 ;0,212380254;0,483551641;0,7113;0,2;0,64148829
SYN_82;Textiles;2023-09; 33 704,02 ;0,103030303;0,483551641;0,7113;0,2;0,53566328
SYN_83;Electronics;2023-11; 97 517,74 ;0,206092777;0,305181055;0,288;0,2;0,59073233
SYN_83;Food;2023-09; 105 150,44 ;0,325973031;0,320647493;0,2754;0,2;0,50830088
SYN_83;Food;2023-11; 38 438,28 ;0,231243812;0,305181055;0,2754;0,2;0,59073233
SYN_83;Machinery;2023-06; 47 801,78 ;0,080400782;0,329402858;0,3103;0,3;0,31698709
SYN_83;Machinery;2023-08; 87 471,54 ;0,398296676;0,320647493;0,3103;0,3;0,48615589
SYN_83;Machinery;2023-10; 45 784,90 ;0,182453568;0,305181055;0,3103;0,3;0,57175634
SYN_83;Machinery;2023-11; 30 860,87 ;0,243743891;0,305181055;0,3103;0,3;0,59073233
SYN_83;Pharma;2023-06; 13 122,97 ;0,119648094;0,329402858;0,2532;0,3;0,31698709
SYN_83;Pharma;2023-08; 44 033,19 ;0,325561084;0,320647493;0,2532;0,3;0,48615589
SYN_83;Pharma;2023-09; 129 685,31 ;0,078635683;0,320647493;0,2532;0,3;0,50830088
SYN_83;Pharma;2023-11; 1 443,52 ;0,191593353;0,305181055;0,2532;0,3;0,59073233
SYN_83;Pharma;2023-12; 49 424,63 ;0,581647116;0,305181055;0,2532;0,3;0,53225831
SYN_83;Textiles;2023-02; 29 230,43 ;0,421380743;0,348397249;0,3321;0,2;0,22408182
SYN_83;Textiles;2023-03; 104 380,91 ;0,302403011;0,348397249;0,3321;0,2;0,31209306
SYN_83;Textiles;2023-04; 2 114,80 ;0,567627077;0,329402858;0,3321;0,2;0,45041658
SYN_83;Textiles;2023-10; 14 343,91 ;0,478531281;0,305181055;0,3321;0,2;0,57175634
SYN_84;Electronics;2023-04; 83 619,17 ;0,13998045;0,428736702;0,2862;0,2;0,40007626
SYN_84;Electronics;2023-05; 56 520,51 ;0,325227273;0,428736702;0,2862;0,2;0,42262169
SYN_84;Electronics;2023-06; 82 185,06 ;0,3219154;0,428736702;0,2862;0,2;0,3516715
SYN_84;Electronics;2023-07; 121 520,73 ;0,47597321;0,384988157;0,2862;0,2;0,37775133
SYN_84;Electronics;2023-08; 36 175,80 ;0,523973607;0,384988157;0,2862;0,2;0,35693505
SYN_84;Food;2023-06; 51 505,05 ;0,447221408;0,428736702;0,2915;0,2;0,3516715
SYN_84;Machinery;2023-04; 33 820,05 ;0,576832845;0,428736702;0,2968;0,3;0,40007626
SYN_84;Pharma;2023-03; 57 721,78 ;0,326708211;0,428726125;0,2565;0,3;0,47604927
SYN_84;Pharma;2023-04; 41 395,71 ;0,213343109;0,428736702;0,2565;0,3;0,40007626
SYN_84;Pharma;2023-05; 44 964,55 ;0,077272727;0,428736702;0,2565;0,3;0,42262169
SYN_84;Pharma;2023-06; 84 926,49 ;0,674616325;0,428736702;0,2565;0,3;0,3516715
SYN_84;Pharma;2023-08; 5 485,39 ;0,296781525;0,384988157;0,2565;0,3;0,35693505
SYN_84;Pharma;2023-11; 45 399,67 ;0,348548387;0,386339104;0,2565;0,3;0,45256451
SYN_84;Pharma;2023-12; 57 636,90 ;0,653194037;0,386339104;0,2565;0,3;0,50061341
SYN_84;Textiles;2023-03; 42 298,38 ;0,15601173;0,428726125;0,3344;0,2;0,47604927
SYN_84;Textiles;2023-05; 78 814,27 ;0,306678886;0,428736702;0,3344;0,2;0,42262169
SYN_84;Textiles;2023-07; 49 416,76 ;0,083773216;0,384988157;0,3344;0,2;0,37775133
SYN_84;Textiles;2023-08; 41 292,97 ;0,070087977;0,384988157;0,3344;0,2;0,35693505
SYN_84;Textiles;2023-09; 19 787,77 ;0,291901271;0,384988157;0,3344;0,2;0,41456793
SYN_84;Textiles;2023-12; 10 027,59 ;0,132160313;0,386339104;0,3344;0,2;0,50061341
SYN_85;Electronics;2023-03; 38 187,66 ;0,117497556;0,240727281;0,6628;0,5;0,48516614
SYN_85;Electronics;2023-08; 31 473,92 ;0,414784946;0,259723579;0,6628;0,5;0,64148829
SYN_85;Electronics;2023-12; 95 905,07 ;0,494513685;0,236864673;0,6628;0,5;0,60394445
SYN_85;Food;2023-03; 47 022,01 ;0,356020958;0,240727281;0,6488;0,4;0,48516614
SYN_85;Food;2023-04; 39 115,17 ;0,23578522;0,264867566;0,6488;0,4;0,36314411
SYN_85;Food;2023-07; 38 342,53 ;0,085777126;0,259723579;0,6488;0,4;0,5627309
SYN_85;Food;2023-08; 2 662,40 ;0,064222874;0,259723579;0,6488;0,4;0,64148829
SYN_85;Food;2023-11; 1 945,34 ;0,122825024;0,236864673;0,6488;0,4;0,54955598
SYN_85;Food;2023-12; 70 143,46 ;0,085630499;0,236864673;0,6488;0,4;0,60394445
SYN_85;Machinery;2023-09; 21 826,64 ;0,138978495;0,259723579;0,743;0,7;0,53566328
SYN_85;Machinery;2023-10; 14 246,09 ;0,417790811;0,236864673;0,743;0,7;0,67873961
SYN_85;Pharma;2023-04; 136 567,86 ;0,34624321;0,264867566;0,6013;0,6;0,36314411
SYN_85;Pharma;2023-05; 34 568,85 ;0,168132942;0,264867566;0,6013;0,6;0,3890917
SYN_85;Pharma;2023-06; 119 434,80 ;0,095536005;0,264867566;0,6013;0,6;0,35446782
SYN_85;Pharma;2023-12; 7 869,63 ;0,073460411;0,236864673;0,6013;0,6;0,60394445
SYN_85;Textiles;2023-02; 11 754,80 ;0,618059629;0,240727281;0,7113;0,6;0,43219389
SYN_85;Textiles;2023-03; 29 903,22 ;0,228396872;0,240727281;0,7113;0,6;0,48516614
SYN_85;Textiles;2023-04; 20 761,04 ;0,646285435;0,264867566;0,7113;0,6;0,36314411
SYN_85;Textiles;2023-05; 52 672,73 ;0,210613392;0,264867566;0,7113;0,6;0,3890917
SYN_85;Textiles;2023-09; 94 757,70 ;0,380911535;0,259723579;0,7113;0,6;0,53566328
SYN_85;Textiles;2023-12; 30 084,17 ;0,62512219;0,236864673;0,7113;0,6;0,60394445
SYN_86;Electronics;2023-07; 62 821,55 ;0,137617302;0,340302142;0,6628;1;0,5627309
SYN_86;Electronics;2023-09; 36 307,37 ;0,472605083;0,340302142;0,6628;1;0,53566328
SYN_86;Electronics;2023-12; 103 385,30 ;0,1722629;0,388280753;0,6628;1;0,60394445
SYN_86;Food;2023-02; 32 383,54 ;0,592497556;0,370442971;0,6488;1;0,43219389
SYN_86;Food;2023-05; 39 469,34 ;0,620698925;0,380744827;0,6488;1;0,3890917
SYN_86;Food;2023-06; 3 992,40 ;0,486412512;0,380744827;0,6488;1;0,35446782
SYN_86;Food;2023-09; 30 097,01 ;0,102932551;0,340302142;0,6488;1;0,53566328
SYN_86;Food;2023-10; 36 503,38 ;0,100562072;0,388280753;0,6488;1;0,67873961
SYN_86;Machinery;2023-03; 9 362,00 ;0,523313783;0,370442971;0,743;1;0,48516614
SYN_86;Machinery;2023-09; 35 992,79 ;0,733822092;0,340302142;0,743;1;0,53566328
SYN_86;Pharma;2023-04; 167 940,88 ;0,420441769;0,380744827;0,6013;1;0,36314411
SYN_86;Pharma;2023-05; 60 261,52 ;0,118262463;0,380744827;0,6013;1;0,3890917
SYN_86;Pharma;2023-06; 38 130,36 ;0,130034213;0,380744827;0,6013;1;0,35446782
SYN_86;Textiles;2023-03; 88 918,15 ;0,427360704;0,370442971;0,7113;1;0,48516614
SYN_86;Textiles;2023-04; 138 377,16 ;0,171024712;0,380744827;0,7113;1;0,36314411
SYN_86;Textiles;2023-05; 175 428,99 ;0,448419838;0,380744827;0,7113;1;0,3890917
SYN_86;Textiles;2023-06; 93 017,02 ;0,213895406;0,380744827;0,7113;1;0,35446782
SYN_86;Textiles;2023-08; 27 533,00 ;0,194672532;0,340302142;0,7113;1;0,64148829
SYN_86;Textiles;2023-12; 37 067,42 ;0,11886608;0,388280753;0,7113;1;0,60394445
SYN_87;Electronics;2023-01; 135 983,73 ;0,474282166;0,336122793;0,5814;1;0,62890166
SYN_87;Electronics;2023-04; 117 181,66 ;0,16345973;0,302291451;0,5814;1;0,42727946
SYN_87;Electronics;2023-06; 253 724,00 ;0,217153959;0,302291451;0,5814;1;0,33780745
SYN_87;Electronics;2023-08; 2 254,28 ;0,579447703;0,289258546;0,5814;1;0,26980429
SYN_87;Electronics;2023-09; 6 126,38 ;0,089833822;0,289258546;0,5814;1;0,30870431
SYN_87;Electronics;2023-10; 77 392,45 ;0,162365591;0,321341441;0,5814;1;0,44467006
SYN_87;Food;2023-01; 38 475,35 ;0,155775445;0,336122793;0,5467;1;0,62890166
SYN_87;Food;2023-02; 18 634,66 ;0,505449658;0,336122793;0,5467;1;0,42104489
SYN_87;Food;2023-10; 99 745,06 ;0,32019306;0,321341441;0,5467;1;0,44467006
SYN_87;Machinery;2023-07; 25 219,80 ;0,125635386;0,289258546;0,6041;1;0,28417623
SYN_87;Machinery;2023-10; 5 190,48 ;0,548509286;0,321341441;0,6041;1;0,44467006
SYN_87;Pharma;2023-04; 9 136,79 ;0,40813783;0,302291451;0,5533;1;0,42727946
SYN_87;Pharma;2023-09; 41 189,47 ;0,647922776;0,289258546;0,5533;1;0,30870431
SYN_87;Pharma;2023-11; 33 264,95 ;0,675806452;0,321341441;0,5533;1;0,48214795
SYN_87;Textiles;2023-03; 2 604,85 ;0,094701857;0,336122793;0,6076;1;0,45920672
SYN_87;Textiles;2023-09; 70 930,16 ;0,381588465;0,289258546;0,6076;1;0,30870431
SYN_88;Electronics;2023-01; 18 579,90 ;0,166129032;0,309896036;0,6628;1;0,49695702
SYN_88;Electronics;2023-02; 20 619,28 ;0,315412082;0,309896036;0,6628;1;0,43219389
SYN_88;Electronics;2023-07; 36 153,21 ;0,131915934;0,283761522;0,6628;1;0,5627309
SYN_88;Food;2023-02; 36 697,59 ;0,064613881;0,309896036;0,6488;1;0,43219389
SYN_88;Food;2023-03; 40 676,47 ;0,174127566;0,309896036;0,6488;1;0,48516614
SYN_88;Food;2023-05; 112 365,12 ;0,361224166;0,286738357;0,6488;1;0,3890917
SYN_88;Food;2023-06; 13 966,14 ;0,570259042;0,286738357;0,6488;1;0,35446782
SYN_88;Machinery;2023-04; 117 623,78 ;0,177891821;0,286738357;0,743;1;0,36314411
SYN_88;Machinery;2023-06; 47 914,42 ;0,001759531;0,286738357;0,743;1;0,35446782
SYN_88;Machinery;2023-10; 49 502,57 ;0,213636364;0,300434045;0,743;1;0,67873961
SYN_88;Machinery;2023-11; 11 890,80 ;0,091544477;0,300434045;0,743;1;0,54955598
SYN_88;Pharma;2023-01; 123 264,15 ;0,619012499;0,309896036;0,6013;1;0,49695702
SYN_88;Pharma;2023-03; 40 954,80 ;0,467790811;0,309896036;0,6013;1;0,48516614
SYN_88;Pharma;2023-05; 51 308,58 ;0,373873412;0,286738357;0,6013;1;0,3890917
SYN_88;Pharma;2023-06; 13 596,04 ;0,141080156;0,286738357;0,6013;1;0,35446782
SYN_88;Pharma;2023-07; 44 620,89 ;0,103079179;0,283761522;0,6013;1;0,5627309
SYN_88;Textiles;2023-02; 73 935,28 ;0,091446725;0,309896036;0,7113;1;0,43219389
SYN_88;Textiles;2023-07; 35 240,86 ;0,247262952;0,283761522;0,7113;1;0,5627309
SYN_88;Textiles;2023-09; 7 512,45 ;0,194508798;0,283761522;0,7113;1;0,53566328
SYN_88;Textiles;2023-10; 90 205,95 ;0,52313783;0,300434045;0,7113;1;0,67873961
SYN_88;Textiles;2023-11; 8 080,68 ;0,062722385;0,300434045;0,7113;1;0,54955598
SYN_89;Electronics;2023-07; 32 070,59 ;0,110606061;0,469058249;0,6628;1;0,5627309
SYN_89;Electronics;2023-09; 150 587,96 ;0,314019508;0,469058249;0,6628;1;0,53566328
SYN_89;Food;2023-02; 69 776,78 ;0,481268328;0,509761393;0,6488;1;0,43219389
SYN_89;Food;2023-05; 129 773,60 ;0,433616813;0,532156389;0,6488;1;0,3890917
SYN_89;Food;2023-09; 61 386,04 ;0,528413978;0,469058249;0,6488;1;0,53566328
SYN_89;Food;2023-10; 34 295,29 ;0,500757576;0,50290551;0,6488;1;0,67873961
SYN_89;Machinery;2023-02; 107 452,02 ;0,328525712;0,509761393;0,743;1;0,43219389
SYN_89;Machinery;2023-09; 71 355,79 ;0,527697947;0,469058249;0,743;1;0,53566328
SYN_89;Machinery;2023-11; 65 286,03 ;0,122727273;0,50290551;0,743;1;0,54955598
SYN_89;Pharma;2023-05; 30 998,01 ;0,092130987;0,532156389;0,6013;1;0,3890917
SYN_89;Textiles;2023-04; 138 823,81 ;0,180355953;0,532156389;0,7113;1;0,36314411
SYN_89;Textiles;2023-05; 129 707,95 ;0,392331801;0,532156389;0,7113;1;0,3890917
SYN_89;Textiles;2023-06; 54 528,12 ;0,78740958;0,532156389;0,7113;1;0,35446782
SYN_89;Textiles;2023-07; 22 520,72 ;0,138587488;0,469058249;0,7113;1;0,5627309
SYN_89;Textiles;2023-08; 53 457,08 ;0,597270283;0,469058249;0,7113;1;0,64148829
SYN_9;Electronics;2023-02; 56 825,95 ;0,752526882;0,380002157;0,6628;1;0,43219389
SYN_9;Electronics;2023-07; 31 144,29 ;0,039687195;0,372793784;0,6628;1;0,5627309
SYN_9;Electronics;2023-09; 35 459,06 ;0,091202346;0,372793784;0,6628;1;0,53566328
SYN_9;Electronics;2023-10; 91 153,45 ;0,057346041;0,436533931;0,6628;1;0,67873961
SYN_9;Food;2023-10; 111 322,52 ;0,381655054;0,436533931;0,6488;1;0,67873961
SYN_9;Food;2023-11; 26 055,06 ;0,19799609;0,436533931;0,6488;1;0,54955598
SYN_9;Food;2023-12; 5 275,72 ;0,300153959;0,436533931;0,6488;1;0,60394445
SYN_9;Machinery;2023-03; 35 361,37 ;0,664247312;0,380002157;0,743;1;0,48516614
SYN_9;Machinery;2023-04; 3 381,97 ;0,154985337;0,425278673;0,743;1;0,36314411
SYN_9;Machinery;2023-10; 251 068,33 ;0,273791677;0,436533931;0,743;1;0,67873961
SYN_9;Machinery;2023-12; 19 446,68 ;0,209498208;0,436533931;0,743;1;0,60394445
SYN_9;Pharma;2023-01; 28 251,84 ;0,30761757;0,380002157;0,6013;1;0,49695702
SYN_9;Pharma;2023-03; 42 690,00 ;0,478861193;0,380002157;0,6013;1;0,48516614
SYN_9;Pharma;2023-08; 20 154,27 ;0,31998045;0,372793784;0,6013;1;0,64148829
SYN_9;Pharma;2023-09; 14 639,49 ;0,239247312;0,372793784;0,6013;1;0,53566328
SYN_9;Pharma;2023-12; 4 562,74 ;0,131207234;0,436533931;0,6013;1;0,60394445
SYN_9;Textiles;2023-03; 75 539,70 ;0,403357771;0,380002157;0,7113;1;0,48516614
SYN_90;Electronics;2023-04; 78 186,59 ;0,406031281;0,539855318;0,5814;1;0,42727946
SYN_90;Electronics;2023-10; 36 780,04 ;0,733479961;0,457541963;0,5814;1;0,44467006
SYN_90;Electronics;2023-11; 27 196,01 ;0,710239492;0,457541963;0,5814;1;0,48214795
SYN_90;Food;2023-01; 87 792,91 ;0,388285358;0,451618001;0,5467;1;0,62890166
SYN_90;Food;2023-08; 26 432,22 ;0,087194526;0,456113865;0,5467;1;0,26980429
SYN_90;Food;2023-11; 69 745,32 ;0,287487677;0,457541963;0,5467;1;0,48214795
SYN_90;Machinery;2023-01; 48 077,42 ;0,2014174;0,451618001;0,6041;1;0,62890166
SYN_90;Machinery;2023-03; 53 436,31 ;0,230702131;0,451618001;0,6041;1;0,45920672
SYN_90;Machinery;2023-05; 54 683,73 ;0,275806452;0,539855318;0,6041;1;0,3208988
SYN_90;Machinery;2023-11; 69 444,95 ;0,413773216;0,457541963;0,6041;1;0,48214795
SYN_90;Pharma;2023-01; 14 602,78 ;0,161632454;0,451618001;0,5533;1;0,62890166
SYN_90;Pharma;2023-06; 34 075,93 ;0,163162268;0,539855318;0,5533;1;0,33780745
SYN_90;Pharma;2023-08; 26 541,50 ;0,374359046;0,456113865;0,5533;1;0,26980429
SYN_90;Textiles;2023-05; 18 877,25 ;0,172776149;0,539855318;0,6076;1;0,3208988
SYN_90;Textiles;2023-08; 29 747,69 ;0,263545943;0,456113865;0,6076;1;0,26980429
SYN_90;Textiles;2023-09; 33 868,47 ;0,152492669;0,456113865;0,6076;1;0,30870431
SYN_91;Electronics;2023-01; 42 728,87 ;0,528641251;0,449168894;0,4725;0,5;0,20624843
SYN_91;Electronics;2023-03; 44 877,83 ;0,604863148;0,449168894;0,4725;0,5;0,27292397
SYN_91;Electronics;2023-06; 31 540,88 ;0,443553275;0,408839511;0,4725;0,5;0,41233626
SYN_91;Electronics;2023-07; 36 104,12 ;0,130034213;0,427835597;0,4725;0,5;0,66446907
SYN_91;Electronics;2023-08; 76 469,06 ;0,287893451;0,427835597;0,4725;0,5;0,62832864
SYN_91;Electronics;2023-09; 18 432,49 ;0,198191593;0,427835597;0,4725;0,5;0,39009953
SYN_91;Electronics;2023-10; 64 959,67 ;0,063391984;0,42328792;0,4725;0,5;0,56951902
SYN_91;Food;2023-02; 3 835,15 ;0,092106549;0,449168894;0,4348;0,4;0,42650459
SYN_91;Food;2023-03; 64 777,61 ;0,261783128;0,449168894;0,4348;0,4;0,27292397
SYN_91;Food;2023-07; 87 930,17 ;0,115835777;0,427835597;0,4348;0,4;0,66446907
SYN_91;Machinery;2023-02; 122 271,71 ;0,667333724;0,449168894;0,5268;0,7;0,42650459
SYN_91;Machinery;2023-08; 31 726,74 ;0,076735093;0,427835597;0,5268;0,7;0,62832864
SYN_91;Machinery;2023-10; 51 240,16 ;0,132991202;0,42328792;0,5268;0,7;0,56951902
SYN_91;Pharma;2023-03; 27 488,75 ;0,153176931;0,449168894;0,4306;0,6;0,27292397
SYN_91;Pharma;2023-07; 37 132,39 ;0,606191657;0,427835597;0,4306;0,6;0,66446907
SYN_91;Pharma;2023-10; 79 473,82 ;0,431082207;0,42328792;0,4306;0,6;0,56951902
SYN_91;Textiles;2023-03; 151 352,06 ;0,181948104;0,449168894;0,4987;0,6;0,27292397
SYN_91;Textiles;2023-06; 40 259,85 ;0,221407625;0,408839511;0,4987;0,6;0,41233626
SYN_92;Electronics;2023-04; 11 532,02 ;0,079985337;0,550980914;0,6628;0,3;0,36314411
SYN_92;Electronics;2023-06; 26 967,88 ;0,549780059;0,550980914;0,6628;0,3;0,35446782
SYN_92;Electronics;2023-09; 117 960,81 ;0,328474076;0,529478036;0,6628;0,3;0,53566328
SYN_92;Electronics;2023-10; 29 544,53 ;0,654990225;0,56612046;0,6628;0,3;0,67873961
SYN_92;Electronics;2023-12; 125 930,31 ;0,503581392;0,56612046;0,6628;0,3;0,60394445
SYN_92;Food;2023-06; 7 871,88 ;0,495129521;0,550980914;0,6488;0,2;0,35446782
SYN_92;Food;2023-07; 47 788,43 ;0,249762952;0,529478036;0,6488;0,2;0,5627309
SYN_92;Food;2023-09; 31 128,69 ;0,183748778;0,529478036;0,6488;0,2;0,53566328
SYN_92;Machinery;2023-02; 28 426,65 ;0,59728739;0,610738143;0,743;0,4;0,43219389
SYN_92;Machinery;2023-05; 20 245,17 ;0,057526882;0,550980914;0,743;0,4;0,3890917
SYN_92;Machinery;2023-06; 22 052,41 ;0,113269795;0,550980914;0,743;0,4;0,35446782
SYN_92;Machinery;2023-08; 42 840,56 ;0,225342131;0,529478036;0,743;0,4;0,64148829
SYN_92;Pharma;2023-01; 83 359,78 ;0,411884164;0,610738143;0,6013;0,3;0,49695702
SYN_92;Pharma;2023-03; 16 775,95 ;0,058504399;0,610738143;0,6013;0,3;0,48516614
SYN_92;Pharma;2023-07; 41 396,00 ;0,486426978;0,529478036;0,6013;0,3;0,5627309
SYN_92;Pharma;2023-10; 43 941,20 ;0,445427664;0,56612046;0,6013;0,3;0,67873961
SYN_92;Pharma;2023-12; 40 109,30 ;0,0242913;0,56612046;0,6013;0,3;0,60394445
SYN_92;Textiles;2023-06; 141 848,27 ;0,478066934;0,550980914;0,7113;0,4;0,35446782
SYN_93;Electronics;2023-01; 91 595,30 ;0,151319648;0,397114332;0,6628;1;0,49695702
SYN_93;Electronics;2023-04; 46 763,12 ;0,046652004;0,408201402;0,6628;1;0,36314411
SYN_93;Electronics;2023-06; 206 350,15 ;0,29335309;0,408201402;0,6628;1;0,35446782
SYN_93;Electronics;2023-08; 585,91 ;0,205522972;0,374877439;0,6628;1;0,64148829
SYN_93;Electronics;2023-09; 5 374,55 ;0,490322581;0,374877439;0,6628;1;0,53566328
SYN_93;Food;2023-01; 14 033,32 ;0,541129032;0,397114332;0,6488;1;0,49695702
SYN_93;Food;2023-02; 18 886,92 ;0,653494624;0,397114332;0,6488;1;0,43219389
SYN_93;Food;2023-10; 49 577,84 ;0,067106549;0,395439629;0,6488;1;0,67873961
SYN_93;Food;2023-11; 7 577,53 ;0,554821356;0,395439629;0,6488;1;0,54955598
SYN_93;Machinery;2023-07; 50 493,21 ;0,355740469;0,374877439;0,743;1;0,5627309
SYN_93;Machinery;2023-10; 6 720,99 ;0,547336266;0,395439629;0,743;1;0,67873961
SYN_93;Machinery;2023-12; 17 301,65 ;0,534469252;0,395439629;0,743;1;0,60394445
SYN_93;Pharma;2023-04; 60 763,48 ;0,123430404;0,408201402;0,6013;1;0,36314411
SYN_93;Pharma;2023-09; 39 513,15 ;0,223998045;0,374877439;0,6013;1;0,53566328
SYN_93;Pharma;2023-11; 35 123,01 ;0,174144673;0,395439629;0,6013;1;0,54955598
SYN_93;Textiles;2023-03; 360,87 ;0,470894428;0,397114332;0,7113;1;0,48516614
SYN_93;Textiles;2023-09; 151 041,21 ;0,166776637;0,374877439;0,7113;1;0,53566328
SYN_94;Electronics;2023-06; 128 527,28 ;0,350191404;0,354095005;0,6628;0,2;0,35446782
SYN_94;Electronics;2023-07; 17 514,05 ;0,641080156;0,394764175;0,6628;0,2;0,5627309
SYN_94;Electronics;2023-10; 49 982,73 ;0,057917889;0,330490637;0,6628;0,2;0,67873961
SYN_94;Food;2023-03; 36 661,35 ;0,244134897;0,353965259;0,6488;0,2;0,48516614
SYN_94;Food;2023-11; 44 946,16 ;0,061908602;0,330490637;0,6488;0,2;0,54955598
SYN_94;Machinery;2023-03; 5 008,20 ;0,520552297;0,353965259;0,743;0,3;0,48516614
SYN_94;Machinery;2023-04; 83 658,55 ;0,184325513;0,354095005;0,743;0,3;0,36314411
SYN_94;Machinery;2023-06; 27 279,49 ;0,186705767;0,354095005;0,743;0,3;0,35446782
SYN_94;Machinery;2023-08; 168 603,82 ;0,227231945;0,394764175;0,743;0,3;0,64148829
SYN_94;Machinery;2023-09; 27 577,46 ;0,360676931;0,394764175;0,743;0,3;0,53566328
SYN_94;Machinery;2023-10; 27 621,91 ;0,415053763;0,330490637;0,743;0,3;0,67873961
SYN_94;Pharma;2023-02; 43 782,84 ;0,523875855;0,353965259;0,6013;0,3;0,43219389
SYN_94;Pharma;2023-05; 121 889,91 ;0,364557941;0,354095005;0,6013;0,3;0,3890917
SYN_94;Textiles;2023-02; 6 407,06 ;0,175219941;0,353965259;0,7113;0,2;0,43219389
SYN_94;Textiles;2023-05; 129 171,39 ;0,393845585;0,354095005;0,7113;0,2;0,3890917
SYN_94;Textiles;2023-06; 14 176,29 ;0,698631476;0,354095005;0,7113;0,2;0,35446782
SYN_94;Textiles;2023-07; 14 578,79 ;0,171749756;0,394764175;0,7113;0,2;0,5627309
SYN_94;Textiles;2023-10; 138 761,10 ;0,41276393;0,330490637;0,7113;0,2;0,67873961
SYN_95;Electronics;2023-01; 5 180,39 ;0,21001955;0,406764571;0,288;0,3;0,17915831
SYN_95;Electronics;2023-03; 133 415,26 ;0,538016281;0,406764571;0,288;0,3;0,31209306
SYN_95;Electronics;2023-07; 36 705,28 ;0,678665689;0,417229106;0,288;0,3;0,40293321
SYN_95;Electronics;2023-08; 36 193,37 ;0,608382209;0,417229106;0,288;0,3;0,48615589
SYN_95;Food;2023-01; 40 795,67 ;0,366716625;0,406764571;0,2754;0,2;0,17915831
SYN_95;Food;2023-02; 9 642,46 ;0,095339687;0,406764571;0,2754;0,2;0,22408182
SYN_95;Food;2023-03; 64 281,26 ;0,37077125;0,406764571;0,2754;0,2;0,31209306
SYN_95;Food;2023-05; 3 577,24 ;0,556476051;0,45554634;0,2754;0,2;0,49656506
SYN_95;Food;2023-07; 82 900,55 ;0,083479961;0,417229106;0,2754;0,2;0,40293321
SYN_95;Machinery;2023-02; 82 884,19 ;0,389188661;0,406764571;0,3103;0,4;0,22408182
SYN_95;Machinery;2023-03; 80 971,36 ;0,050342131;0,406764571;0,3103;0,4;0,31209306
SYN_95;Machinery;2023-10; 26 312,89 ;0,511363636;0,450628014;0,3103;0,4;0,57175634
SYN_95;Pharma;2023-03; 53 975,57 ;0,205774682;0,406764571;0,2532;0,3;0,31209306
SYN_95;Pharma;2023-04; 40 524,49 ;0,28422043;0,45554634;0,2532;0,3;0,45041658
SYN_95;Pharma;2023-07; 5 054,13 ;0,116764418;0,417229106;0,2532;0,3;0,40293321
SYN_95;Pharma;2023-10; 25 029,41 ;0,515518084;0,450628014;0,2532;0,3;0,57175634
SYN_95;Pharma;2023-11; 10 464,54 ;0,048387097;0,450628014;0,2532;0,3;0,59073233
SYN_95;Textiles;2023-03; 86 916,89 ;0,471321858;0,406764571;0,3321;0,4;0,31209306
SYN_95;Textiles;2023-04; 20 360,31 ;0,222189638;0,45554634;0,3321;0,4;0,45041658
SYN_95;Textiles;2023-06; 88 374,04 ;0,136021505;0,45554634;0,3321;0,4;0,31698709
SYN_96;Electronics;2023-01; 135 947,94 ;0,196196911;0,430877429;0,6628;1;0,49695702
SYN_96;Electronics;2023-04; 55 829,29 ;0,19935755;0,441798449;0,6628;1;0,36314411
SYN_96;Electronics;2023-06; 204 924,51 ;0,360815725;0,441798449;0,6628;1;0,35446782
SYN_96;Electronics;2023-09; 4 619,95 ;0,141104594;0,426062548;0,6628;1;0,53566328
SYN_96;Food;2023-01; 49 501,29 ;0,343615718;0,430877429;0,6488;1;0,49695702
SYN_96;Food;2023-02; 18 321,20 ;0,15271261;0,430877429;0,6488;1;0,43219389
SYN_96;Food;2023-10; 49 240,48 ;0,117302053;0,447875433;0,6488;1;0,67873961
SYN_96;Machinery;2023-07; 78 075,83 ;0,23892552;0,426062548;0,743;1;0,5627309
SYN_96;Machinery;2023-12; 4 908,24 ;0,121383187;0,447875433;0,743;1;0,60394445
SYN_96;Pharma;2023-04; 20 510,70 ;0,180254154;0,441798449;0,6013;1;0,36314411
SYN_96;Pharma;2023-09; 81 328,68 ;0,449494135;0,426062548;0,6013;1;0,53566328
SYN_96;Pharma;2023-11; 103 093,85 ;0,437369638;0,447875433;0,6013;1;0,54955598
SYN_96;Textiles;2023-02; 114 213,71 ;0,267057569;0,430877429;0,7113;1;0,43219389
SYN_96;Textiles;2023-09; 141 175,02 ;0,483288745;0,426062548;0,7113;1;0,53566328
SYN_97;Electronics;2023-01; 10 294,88 ;0,253005865;0,37221229;0,2907;0,3;0,21163815
SYN_97;Electronics;2023-02; 26 696,33 ;0,425186826;0,37221229;0,2907;0,3;0,23814873
SYN_97;Electronics;2023-10; 22 351,66 ;0,518841642;0,349317455;0,2907;0,3;0,54919923
SYN_97;Electronics;2023-12; 89 834,97 ;0,31785435;0,349317455;0,2907;0,3;0,52459195
SYN_97;Food;2023-01; 26 665,19 ;0,110752688;0,37221229;0,3059;0,2;0,21163815
SYN_97;Food;2023-03; 80 818,44 ;0,070136852;0,37221229;0,3059;0,2;0,36814859
SYN_97;Food;2023-12; 48 187,55 ;0,047189638;0,349317455;0,3059;0,2;0,52459195
SYN_97;Machinery;2023-02; 36 445,11 ;0,185434995;0,37221229;0,3137;0,4;0,23814873
SYN_97;Machinery;2023-06; 23 274,67 ;0,155889541;0,339928604;0,3137;0,4;0,35147487
SYN_97;Machinery;2023-08; 7 269,68 ;0,369757986;0,322227043;0,3137;0,4;0,52340736
SYN_97;Machinery;2023-12; 98 162,00 ;0,182583089;0,349317455;0,3137;0,4;0,52459195
SYN_97;Pharma;2023-01; 5 597,38 ;0,52583089;0,37221229;0,2519;0,3;0,21163815
SYN_97;Pharma;2023-04; 33 485,03 ;0,004985337;0,339928604;0,2519;0,3;0,28337446
SYN_97;Textiles;2023-02; 57 968,58 ;0,377252284;0,37221229;0,348;0,4;0,23814873
SYN_97;Textiles;2023-05; 1 505,81 ;0,547898338;0,339928604;0,348;0,4;0,30178102
SYN_97;Textiles;2023-09; 130 186,19 ;0,393593008;0,322227043;0,348;0,4;0,5967078
SYN_97;Textiles;2023-10; 11 533,40 ;0,094802053;0,349317455;0,348;0,4;0,54919923
SYN_98;Electronics;2023-03; 31 290,60 ;0,552663734;0,60694289;0,6628;1;0,48516614
SYN_98;Electronics;2023-08; 32 938,39 ;0,091055718;0,528662663;0,6628;1;0,64148829
SYN_98;Electronics;2023-12; 99 899,51 ;0,706280547;0,585487223;0,6628;1;0,60394445
SYN_98;Food;2023-03; 31 529,61 ;0,638269795;0,60694289;0,6488;1;0,48516614
SYN_98;Food;2023-04; 10 453,96 ;0,077761486;0,591596015;0,6488;1;0,36314411
SYN_98;Food;2023-05; 25 224,40 ;0,731006843;0,591596015;0,6488;1;0,3890917
SYN_98;Food;2023-08; 7 504,74 ;0,118734115;0,528662663;0,6488;1;0,64148829
SYN_98;Food;2023-09; 27 727,53 ;0,03372434;0,528662663;0,6488;1;0,53566328
SYN_98;Food;2023-11; 3 007,76 ;0,118963832;0,585487223;0,6488;1;0,54955598
SYN_98;Machinery;2023-10; 111 368,93 ;0,417590584;0,585487223;0,743;1;0,67873961
SYN_98;Machinery;2023-11; 81 612,09 ;0,485344575;0,585487223;0,743;1;0,54955598
SYN_98;Machinery;2023-12; 79 496,93 ;0,408257576;0,585487223;0,743;1;0,60394445
SYN_98;Pharma;2023-04; 40 453,97 ;0,156109482;0,591596015;0,6013;1;0,36314411
SYN_98;Pharma;2023-05; 35 944,95 ;0,190884653;0,591596015;0,6013;1;0,3890917
SYN_98;Pharma;2023-06; 39 429,76 ;0,146676442;0,591596015;0,6013;1;0,35446782
SYN_98;Pharma;2023-08; 45 757,78 ;0,454636143;0,528662663;0,6013;1;0,64148829
SYN_98;Pharma;2023-10; 4 843,58 ;0,159921799;0,585487223;0,6013;1;0,67873961
SYN_98;Pharma;2023-12; 9 135,37 ;0,075317693;0,585487223;0,6013;1;0,60394445
SYN_98;Textiles;2023-04; 63 447,87 ;0,405156351;0,591596015;0,7113;1;0,36314411
SYN_98;Textiles;2023-05; 17 769,72 ;0,575684262;0,591596015;0,7113;1;0,3890917
SYN_98;Textiles;2023-09; 6 306,24 ;0,595039101;0,528662663;0,7113;1;0,53566328
SYN_98;Textiles;2023-12; 29 514,21 ;0,125904203;0,585487223;0,7113;1;0,60394445
SYN_99;Electronics;2023-03; 44 445,84 ;0,653592375;0,523816556;0,375;0,2;0,4592466
SYN_99;Electronics;2023-10; 66 794,42 ;0,091967253;0,53796627;0,375;0,2;0,42817427
SYN_99;Food;2023-01; 13 657,20 ;0,434726295;0,523816556;0,4013;0,2;0,34574577
SYN_99;Food;2023-02; 11 209,00 ;0,575861496;0,523816556;0,4013;0,2;0,35011977
SYN_99;Food;2023-03; 58 447,89 ;0,039121023;0,523816556;0,4013;0,2;0,4592466
SYN_99;Food;2023-05; 12 466,26 ;0,676267438;0,521303301;0,4013;0,2;0,60615315
SYN_99;Food;2023-07; 131 061,42 ;0,516825331;0,450499664;0,4013;0,2;0,60629882
SYN_99;Machinery;2023-02; 165 493,32 ;0,1781958;0,523816556;0,4145;0,3;0,35011977
SYN_99;Machinery;2023-03; 39 946,11 ;0,052394917;0,523816556;0,4145;0,3;0,4592466
SYN_99;Machinery;2023-10; 27 097,96 ;0,13313783;0,53796627;0,4145;0,3;0,42817427
SYN_99;Pharma;2023-03; 28 647,05 ;0,153665689;0,523816556;0,3618;0,3;0,4592466
SYN_99;Pharma;2023-04; 39 826,25 ;0,13730694;0,521303301;0,3618;0,3;0,56031868
SYN_99;Pharma;2023-07; 4 008,85 ;0,118035191;0,450499664;0,3618;0,3;0,60629882
SYN_99;Pharma;2023-10; 30 093,91 ;0,766055718;0,53796627;0,3618;0,3;0,42817427
SYN_99;Pharma;2023-11; 9 335,56 ;0,047214076;0,53796627;0,3618;0,3;0,53975639
SYN_99;Textiles;2023-01; 31 286,74 ;0,356033724;0,523816556;0,3882;0,2;0,34574577
SYN_99;Textiles;2023-03; 87 216,33 ;0,350268557;0,523816556;0,3882;0,2;0,4592466
SYN_99;Textiles;2023-04; 22 016,57 ;0,622678397;0,521303301;0,3882;0,2;0,56031868
SYN_99;Textiles;2023-06; 39 785,30 ;0,222385142;0,521303301;0,3882;0,2;0,57250529
